ad_id,date,spend,revenue,impressions,clicks,purchases,headline,body,media_type,aspect_ratio,category,labels
ad_00000,2023-01,214.91,252.56,10521,53,0,27 new cap collection,train further in our 23 new cap.,image,1:1,casual,img_cap:Image|cap:Noun|train:Verb
ad_00001,2023-01,155.78,168.87,17422,73,1,the gloves you need to shred,Our gloves lets you shred better.,image,1:1,mountain,img_gloves:Image|gloves:Noun
ad_00002,2023-01,537.51,1837.38,13353,88,1,the shorts you need to conquer,Built to conquer. Premium shorts.,video,4:5,road,vid_shorts:Video
ad_00003,2023-01,143.32,411.61,8024,52,1,explore further in our armwarmers,explore further 13 in our new armwarmers.,image,4:5,urban,img_armwarmers:Image|explore:Verb
ad_00004,2023-01,645.56,870.53,19180,97,1,push further 25 in our kit,Ride ready. Try our kit today.,video,9:16,commute,vid_kit:Video|kit:Noun|push:Verb
ad_00005,2023-01,67.92,181.88,23792,181,3,pedal further in 27 our kit,pedal further in our new kit. 🔥,image,4:5,gravel,img_kit:Image|kit:Noun|trail tested:Phrase
ad_00006,2023-01,178.13,397.02,22947,147,2,premium wardrobe built to pedal,"Lightweight and breathable, this wardrobe keeps you comfortable from the first pedal stroke to the last. Designed for riders who pedal in all conditions and demand the very best from their gear.",image,1:1,commute,img_wardrobe:Image|pedal:Verb|gravel ready:Phrase
ad_00007,2023-01,185.74,468.36,28217,235,4,pedal further in our baselayer,Ride ready. Try our baselayer today.,image,4:5,gravel,img_baselayer:Image
ad_00008,2023-01,205.11,799.91,10702,84,1,race further in our wardrobe,Built to 9 race. Premium wardrobe.,image,4:5,gravel,img_wardrobe:Image|wardrobe:Noun
ad_00009,2023-01,260.25,496.38,27179,142,2,premium gloves 23 built to gear,Our gloves lets you gear better.,video,1:1,casual,vid_gloves:Video|gear:Verb
ad_00010,2023-01,81.02,142.49,13331,83,1,vest for every climb,Our vest lets you climb better.,image,4:5,commute,img_vest:Image|vest:Noun
ad_00011,2023-01,24.85,50.94,34158,199,2,vest for every ride,ride 9 further in our new vest.,image,1:1,urban,img_vest:Image|vest:Noun
ad_00012,2023-01,107.15,273.98,24852,232,4,descend 19 further in our gloves,"Built for the long haul. Our premium gloves combines technical fabrics with a refined fit so you can descend harder and go further, no matter what the forecast brings this season.",video,9:16,adventure,vid_gloves:Video|gloves:Noun
ad_00013,2023-01,185.18,467.96,9460,72,1,premium baselayer built to push,push further in our 19 new baselayer.,image,1:1,gravel,img_baselayer:Image|baselayer:Noun
ad_00014,2023-01,173.42,345.23,11484,61,1,new gloves collection,Built 29 to sprint. Premium gloves.,image,1:1,adult,img_gloves:Image|sprint:Verb
ad_00015,2023-01,95.99,200.6,9520,60,1,23 the gloves you need to gear,Built to gear. Premium gloves. 🌧️,video,1:1,casual,vid_gloves:Video|gear:Verb
ad_00016,2023-01,65.13,114.26,28407,168,2,15 wardrobe for every race,24 Our wardrobe lets you race better.,video,9:16,adult,vid_wardrobe:Video|wardrobe:Noun|race:Verb
ad_00017,2023-01,164.37,310.57,8806,53,1,cap for every layer,layer further in our new cap. ⛰️,image,4:5,commute,img_cap:Image|cap:Noun
ad_00018,2023-01,174.84,633.43,45015,325,6,shell for every cruise,Our shell lets you cruise better.,video,1:1,urban,vid_shell:Video|shell:Noun|race day ready:Phrase
ad_00019,2023-01,217.65,346.46,21929,146,2,conquer further in our shorts,Ride ready. Try our shorts today.,image,1:1,urban,img_shorts:Image|shorts:Noun
ad_00020,2023-01,173.32,363.36,13083,71,1,new 29 armwarmers collection,Built to descend. Premium armwarmers.,video,1:1,road,vid_armwarmers:Video|armwarmers:Noun|descend:Verb|gravel ready:Phrase
ad_00021,2023-01,110.08,217.78,57576,358,4,pedal further in our shell,Ride ready. Try our shell today.,video,9:16,adult,vid_shell:Video|shell:Noun
ad_00022,2023-01,203.39,206.76,13542,63,1,kit for every shred,Ride ready. Try our kit today.,image,9:16,sale,img_kit:Image|cold weather essentials:Phrase
ad_00023,2023-01,70.72,156.01,20101,131,2,wardrobe for every race,race further in our new wardrobe. 🚴,image,4:5,commute,img_wardrobe:Image|wardrobe:Noun
ad_00024,2023-01,40.68,36.65,8424,32,0,jacket for every sprint,sprint further in our new jacket.,image,1:1,mountain,img_jacket:Image|sprint:Verb|new arrivals:Phrase
ad_00025,2023-01,228.6,386.55,14096,77,1,the tights you need to sprint,Ride ready. Try our 7 tights today.,image,9:16,commute,img_tights:Image|tights:Noun
ad_00026,2023-01,94.37,97.68,70794,280,3,the kit you need to train,train further in our new kit. ⛰️,image,9:16,accessories,img_kit:Image|kit:Noun|train:Verb
ad_00027,2023-01,86.67,126.77,13370,73,1,conquer 15 further in our shell,Built to conquer. Premium shell.,image,4:5,accessories,img_shell:Image|shell:Noun|ride in comfort:Phrase
ad_00028,2023-01,93.29,504.35,5819,42,1,16 gear further in our kit,Our kit lets 13 you gear better.,video,4:5,gravel,vid_kit:Video|built to last:Phrase
ad_00029,2023-01,255.33,414.15,12381,60,1,new kit collection,Our kit lets you layer better.,image,4:5,adult,img_kit:Image|kit:Noun
ad_00030,2023-01,354.97,351.76,29923,147,2,9 premium socks built to climb,Ride ready. Try our socks today. 💪,image,1:1,accessories,img_socks:Image|socks:Noun|climb:Verb|gravel ready:Phrase
ad_00031,2023-01,160.77,326.64,17207,89,1,socks 12 for every pedal,pedal further in our new socks.,video,4:5,mountain,vid_socks:Video|socks:Noun|pedal:Verb
ad_00032,2023-01,534.45,565.64,30490,139,1,new jacket collection,Ride ready. Try our jacket today.,image,9:16,road,img_jacket:Image
ad_00033,2023-01,227.85,903.86,30010,250,3,new armwarmers collection,Our 5 armwarmers lets you race better.,video,9:16,adult,vid_armwarmers:Video|armwarmers:Noun|gear up for summer:Phrase
ad_00034,2023-01,97.25,114.05,12491,66,1,11 new vest collection,Our vest lets you push better. 🏔️,image,1:1,urban,img_vest:Image
ad_00035,2023-01,129.19,109.16,21368,93,1,premium kit built to ride,Built to ride. Premium kit.,image,9:16,road,img_kit:Image|kit:Noun|ride:Verb
ad_00036,2023-01,149.36,425.34,15185,124,2,socks for every cruise,cruise further in our new socks. ☀️,image,4:5,gravel,img_socks:Image|socks:Noun
ad_00037,2023-01,273.48,707.63,39053,281,4,the baselayer you need to ride,Built to ride. Premium baselayer.,image,4:5,gravel,img_baselayer:Image|baselayer:Noun|ride:Verb
ad_00038,2023-01,307.37,1240.56,21657,156,3,the baselayer you need to conquer,"Built for the long haul. Our premium baselayer combines technical fabrics with a refined fit so you can conquer harder and go further, no matter what the forecast brings this season.",video,4:5,sale,vid_baselayer:Video
ad_00039,2023-01,114.13,421.51,9505,78,1,premium jacket built to explore,Our jacket lets you explore better. 🚴,image,4:5,gravel,img_jacket:Image|explore:Verb|gear up for summer:Phrase
ad_00040,2023-01,534.45,2602.72,41204,306,6,the socks you need 20 to layer,"Engineered for performance on every terrain. Our socks is designed to help you layer with total confidence, whether you are on a mountain pass or a city commute through changing weather.",video,4:5,adult,vid_socks:Video|socks:Noun|all day comfort:Phrase
ad_00041,2023-01,106.98,158.9,20538,110,1,race further in our baselayer,Our baselayer lets you race better.,image,9:16,road,img_baselayer:Image|baselayer:Noun|all day comfort:Phrase
ad_00042,2023-01,205.85,878.21,13428,105,2,shred further in our socks,shred further in our new socks.,video,4:5,casual,vid_socks:Video|socks:Noun
ad_00043,2023-01,459.38,1288.35,11142,66,1,shell for every pedal,pedal further in our new shell. 🚴,image,4:5,urban,img_shell:Image|pedal:Verb|all day comfort:Phrase
ad_00044,2023-01,106.98,184.72,16135,94,1,kit for every gear,Ride ready. Try our kit today.,image,1:1,urban,img_kit:Image|trail tested:Phrase
ad_00045,2023-01,241.06,232.85,20398,91,1,premium bibs built 24 to ride,"Lightweight and breathable, this bibs keeps you comfortable from the first pedal stroke to the last. Designed for riders who ride in all conditions and demand the very best from their gear.",image,9:16,commute,img_bibs:Image|bibs:Noun|ride:Verb
ad_00046,2023-01,53.33,106.84,27477,128,1,new vest collection,descend further in our new vest.,video,1:1,mountain,vid_vest:Video|vest:Noun|descend:Verb|adventure awaits:Phrase
ad_00047,2023-01,168.58,400.2,18120,116,1,new cap collection,cruise further in our new cap.,image,4:5,adult,img_cap:Image|cap:Noun|ride in comfort:Phrase
ad_00048,2023-01,162.48,744.17,8087,46,1,shred further in our cap,"Lightweight and breathable, this cap keeps you comfortable from the first pedal stroke to the last. Designed for riders who shred in all conditions and demand the very best from their gear.",video,4:5,sale,vid_cap:Video|cap:Noun|shred:Verb
ad_00049,2023-01,382.76,1636.4,21696,195,4,the wardrobe you need to cruise,"Lightweight and breathable, this wardrobe keeps you comfortable from the first pedal stroke to the last. Designed for riders who cruise in all conditions and demand the very best from their gear. ☀️",image,4:5,gravel,img_wardrobe:Image|wardrobe:Noun|cruise:Verb
ad_00050,2023-01,140.35,121.28,24789,101,1,premium shell built to layer,Our shell lets you layer better.,image,9:16,accessories,img_shell:Image|shell:Noun|layer:Verb
ad_00051,2023-01,97.65,363.2,15261,125,3,bibs for every conquer,Ride ready. Try our bibs today. 🌧️,image,4:5,gravel,img_bibs:Image
ad_00052,2023-01,74.55,109.26,37185,239,3,explore further in our shell,explore further in our new shell.,image,1:1,casual,img_shell:Image|explore:Verb
ad_00053,2023-01,87.72,124.35,11800,66,1,premium armwarmers 15 built to conquer,Our armwarmers lets you conquer better.,image,9:16,adventure,img_armwarmers:Image|armwarmers:Noun|cold weather essentials:Phrase
ad_00054,2023-01,68.92,173.37,15058,93,1,premium socks built to race,Built to race. Premium socks. ❄️,video,1:1,adult,vid_socks:Video|socks:Noun|race:Verb
ad_00055,2023-01,91.62,130.96,11884,64,1,premium tights built to explore,Ride ready. Try our tights today. ☀️,image,1:1,road,img_tights:Image|explore:Verb
ad_00056,2023-01,130.16,148.75,11999,64,1,the 15 gloves you need to race,"Built for the long haul. Our premium gloves combines technical fabrics with a refined fit so you can race harder and go further, no matter what the forecast brings this season. ❄️",image,9:16,road,img_gloves:Image|gloves:Noun
ad_00057,2023-01,42.44,54.28,30891,163,2,10 armwarmers for every train,Our armwarmers lets you 10 train better.,image,1:1,road,img_armwarmers:Image
ad_00058,2023-03,76.07,195.72,23169,180,3,premium wardrobe built to conquer,"Built for the long haul. Our premium wardrobe combines technical fabrics with a refined fit so you can conquer harder and go further, no matter what the forecast brings this season.",image,1:1,casual,img_wardrobe:Image|trail tested:Phrase
ad_00059,2023-03,229.6,748.08,52259,352,6,shorts 10 for every climb,"Engineered for performance on every terrain. Our shorts is designed to help you climb with total confidence, whether you are on a mountain pass or a city commute through changing weather.",image,4:5,urban,img_shorts:Image|shorts:Noun|climb:Verb|your spring wardrobe:Phrase
ad_00060,2023-03,110.38,458.83,15805,140,2,new gloves collection,"Lightweight and breathable, this gloves keeps you comfortable from the first pedal stroke to the last. Designed for riders who cruise in all conditions and demand the very best from their gear. 💪",image,4:5,urban,img_gloves:Image|gloves:Noun|new arrivals:Phrase
ad_00061,2023-03,476.77,4287.25,9967,170,6,kit for every sprint,"Lightweight and breathable, this kit keeps you comfortable from the first pedal stroke to the last. Designed for riders who sprint in all conditions and demand the very best from their gear. 🏔️",video,1:1,adventure,vid_kit:Video
ad_00062,2023-03,65.17,134.95,8886,93,2,tights for every layer,Built to layer. Premium tights.,image,1:1,adventure,img_tights:Image|layer:Verb
ad_00063,2023-03,167.44,359.67,11940,73,1,premium vest built to cruise,"Lightweight and breathable, this vest keeps you comfortable from the first pedal stroke to the last. Designed for riders who cruise in all conditions and demand the very best from their gear.",image,9:16,accessories,img_vest:Image|cruise:Verb
ad_00064,2023-03,136.84,138.95,9488,44,0,cap for every pedal,Built to pedal. Premium cap.,image,9:16,commute,img_cap:Image
ad_00065,2023-03,176.23,227.42,12178,71,1,layer further 13 in our jacket,Built to layer. Premium jacket. 💪,image,1:1,gravel,img_jacket:Image|layer:Verb
ad_00066,2023-03,121.11,128.27,13198,73,1,sprint further in our baselayer,sprint further in our new baselayer.,image,9:16,commute,img_baselayer:Image|sprint:Verb|race day ready:Phrase
ad_00067,2023-03,75.18,409.49,20501,220,4,armwarmers for every gear,Ride ready. Try 29 our armwarmers today. 🌧️,video,1:1,gravel,vid_armwarmers:Video|gear:Verb
ad_00068,2023-03,120.49,273.31,19423,152,2,new kit collection,Our kit lets you gear better. ⛰️,image,1:1,road,img_kit:Image|kit:Noun|gear:Verb
ad_00069,2023-03,141.14,484.41,14827,142,3,layer further in our wardrobe,Our wardrobe lets you layer better.,video,1:1,adult,vid_wardrobe:Video|wardrobe:Noun
ad_00070,2023-03,123.15,357.49,34748,281,4,premium socks built to race,"Engineered for performance on every terrain. Our socks is designed to help you race with total confidence, whether you are on a mountain pass or a city commute through changing weather.",image,1:1,gravel,img_socks:Image|socks:Noun|race:Verb|cold weather essentials:Phrase
ad_00071,2023-03,110.82,135.16,27879,148,2,the 7 vest you need to layer,Built to layer. Premium vest.,image,1:1,urban,img_vest:Image|vest:Noun|layer:Verb|ride in comfort:Phrase
ad_00072,2023-03,148.76,1070.15,9255,96,3,kit for every climb,"Built for the long haul. Our premium kit combines technical fabrics with a refined fit so you can climb harder and go further, no matter what the forecast brings this season.",video,4:5,accessories,vid_kit:Video|kit:Noun|climb:Verb
ad_00073,2023-03,217.62,1281.35,17495,154,3,the baselayer you need to push,Ride ready. Try our baselayer today. ☀️,video,4:5,adult,vid_baselayer:Video|baselayer:Noun
ad_00074,2023-03,84.21,100.78,24128,117,1,new 12 shell collection,Ride ready. Try our shell today.,image,4:5,urban,img_shell:Image|conquer:Verb
ad_00075,2023-03,177.29,1089.88,22276,312,10,jersey for every push,"Built for the long haul. Our premium jersey combines technical fabrics with a refined fit so you can push harder and go further, no matter what the forecast brings this season.",image,4:5,adventure,img_jersey:Image|jersey:Noun
ad_00076,2023-03,312.6,1937.86,11889,155,5,socks 15 for every sprint,"Engineered for performance on every terrain. Our 10 socks is designed to help you sprint with total confidence, whether you are on a mountain pass or a city commute through changing weather.",video,9:16,adventure,vid_socks:Video|socks:Noun|sprint:Verb
ad_00077,2023-03,119.17,704.0,11578,123,3,new wardrobe collection,Ride ready. Try 24 our wardrobe today.,image,4:5,adventure,img_wardrobe:Image|ride:Verb
ad_00078,2023-03,224.11,936.15,16410,161,3,premium socks built to cruise,cruise further in our new socks. 🔥,image,4:5,road,img_socks:Image|socks:Noun|new arrivals:Phrase
ad_00079,2023-03,131.63,621.05,17861,174,4,shell for every ride,Built to ride. Premium shell.,video,4:5,adult,vid_shell:Video|shell:Noun
ad_00080,2023-03,172.15,522.84,34570,293,5,premium wardrobe built to shred,shred further in our new wardrobe.,video,1:1,accessories,vid_wardrobe:Video|wardrobe:Noun|shred:Verb
ad_00081,2023-03,166.76,894.22,25367,287,7,new jersey collection,conquer further in our new jersey.,video,4:5,sale,vid_jersey:Video|jersey:Noun
ad_00082,2023-03,104.16,556.4,26613,310,9,the jacket you need to pedal,Ride ready. Try our jacket today. ⛰️,image,4:5,adventure,img_jacket:Image|jacket:Noun
ad_00083,2023-03,105.31,170.8,17095,117,1,armwarmers for every train,"Lightweight and breathable, this armwarmers keeps you comfortable from the first pedal stroke to the last. Designed for riders who train in all conditions and demand the very best from their gear.",image,9:16,casual,img_armwarmers:Image|armwarmers:Noun|train:Verb
ad_00084,2023-03,200.06,952.93,18687,337,12,new baselayer collection,descend further in our new baselayer.,video,9:16,adventure,vid_baselayer:Video|baselayer:Noun|descend:Verb|gear up for summer:Phrase
ad_00085,2023-03,455.22,1421.51,23936,164,3,premium 29 vest built to shred,Our vest lets 27 you shred better.,image,4:5,gravel,img_vest:Image|vest:Noun|cold weather essentials:Phrase
ad_00086,2023-03,296.33,454.25,15640,68,1,push 16 further in our jersey,Ride ready. 5 Try our jersey today.,image,4:5,mountain,img_jersey:Image
ad_00087,2023-03,121.85,246.61,23618,162,3,bibs for every conquer,conquer further in our new bibs.,image,1:1,sale,img_bibs:Image|bibs:Noun|built to last:Phrase
ad_00088,2023-03,86.7,457.86,25579,178,3,socks for every cruise,Our socks lets you cruise better. ❄️,video,4:5,commute,vid_socks:Video|socks:Noun
ad_00089,2023-03,219.43,2092.22,28236,342,9,premium vest built to push,Our 22 vest lets you push better.,video,4:5,adult,vid_vest:Video|built to last:Phrase
ad_00090,2023-03,315.1,1367.1,14213,116,2,gloves for every layer,Our gloves lets you layer better.,video,4:5,casual,vid_gloves:Video
ad_00091,2023-03,130.71,178.63,18079,109,1,train further 17 in our baselayer,Ride ready. Try 3 our baselayer today.,image,1:1,road,img_baselayer:Image|baselayer:Noun|train:Verb
ad_00092,2023-03,322.3,870.09,5300,31,1,4 premium wardrobe built to descend,Our wardrobe lets you descend better. 🚴,image,4:5,sale,img_wardrobe:Image|wardrobe:Noun
ad_00093,2023-03,185.96,386.97,16993,120,2,11 new socks collection,Built to layer. Premium socks. 🔥,image,4:5,sale,img_socks:Image|socks:Noun|layer:Verb
ad_00094,2023-03,207.97,453.0,17473,108,2,premium jacket 23 built to cruise,Our 28 jacket lets you cruise better.,image,1:1,sale,img_jacket:Image|race day ready:Phrase
ad_00095,2023-03,495.56,2238.72,13782,117,2,24 premium jacket built to train,train further in our 27 new jacket.,video,4:5,casual,vid_jacket:Video|jacket:Noun
ad_00096,2023-03,186.94,925.38,9910,103,3,premium gloves built to conquer,conquer further in our new gloves.,image,4:5,adventure,img_gloves:Image|gloves:Noun|conquer:Verb|all day comfort:Phrase
ad_00097,2023-03,76.58,272.9,15980,83,1,premium gloves built to layer,Ride ready. Try 28 our gloves today.,video,4:5,mountain,vid_gloves:Video|gloves:Noun|layer:Verb
ad_00098,2023-03,337.36,2174.87,7593,108,3,ride further in our armwarmers,"Built for the long haul. Our premium armwarmers combines technical fabrics with a refined fit so you can ride harder and go further, no matter what the 9 forecast brings this season.",image,9:16,adventure,img_armwarmers:Image|armwarmers:Noun|new arrivals:Phrase
ad_00099,2023-03,252.32,1100.8,13960,130,3,the gloves you need to gear,"Built for the long haul. Our premium gloves combines technical fabrics with a refined fit so you can gear harder and go further, no matter what the forecast brings this season.",video,9:16,road,vid_gloves:Video|race day ready:Phrase
ad_00100,2023-03,275.94,950.35,25704,264,7,22 new vest collection,"Built for the long haul. Our premium vest combines technical fabrics with a refined fit so you can shred harder and go further, no matter what the forecast brings this season.",image,4:5,adventure,img_vest:Image|vest:Noun
ad_00101,2023-03,228.06,476.98,6132,42,1,conquer further in our socks,conquer further in our new socks.,image,1:1,road,img_socks:Image|socks:Noun|gravel ready:Phrase
ad_00102,2023-03,177.13,372.13,13853,90,1,premium vest built to shred,Ride ready. Try our vest today. ❄️,image,1:1,sale,img_vest:Image|vest:Noun|shred:Verb
ad_00103,2023-03,70.44,155.69,24919,185,3,22 the jersey you need to ride,ride further in our 3 new jersey.,image,1:1,gravel,img_jersey:Image|ride in comfort:Phrase
ad_00104,2023-03,154.0,426.71,22961,183,3,kit for every pedal,Built to pedal. Premium kit.,image,4:5,casual,img_kit:Image
ad_00105,2023-03,173.9,1130.63,9027,100,3,premium bibs built to pedal,Our bibs lets you pedal better.,video,4:5,accessories,vid_bibs:Video|ride in comfort:Phrase
ad_00106,2023-03,411.86,2553.82,15702,169,4,premium shell built to conquer,4 Built to conquer. Premium shell. 🚴,video,1:1,sale,vid_shell:Video|shell:Noun
ad_00107,2023-03,298.49,1331.32,8889,84,1,new wardrobe collection,Ride ready. Try our wardrobe today. 💪,image,4:5,accessories,img_wardrobe:Image|wardrobe:Noun|gravel ready:Phrase
ad_00108,2023-03,309.31,951.45,19546,180,4,shorts for every pedal,pedal further in our new shorts.,image,4:5,accessories,img_shorts:Image|ride in comfort:Phrase
ad_00109,2023-03,219.25,663.4,14996,124,3,pedal further in our gloves,pedal further in our new gloves.,video,1:1,road,vid_gloves:Video|pedal:Verb
ad_00110,2023-03,462.96,525.93,12940,57,1,layer further in our socks,3 Built to layer. Premium socks.,image,1:1,mountain,img_socks:Image|layer:Verb
ad_00111,2023-03,154.31,193.18,32240,175,2,shred further 11 in our kit,Our kit lets you shred better.,image,4:5,urban,img_kit:Image|shred:Verb
ad_00112,2023-03,476.77,1203.22,15063,99,1,the jersey you need to explore,Ride ready. Try our jersey today.,image,4:5,adult,img_jersey:Image|jersey:Noun
ad_00113,2023-03,291.64,971.58,9191,110,3,socks for every conquer,conquer further in our new socks.,image,1:1,adventure,img_socks:Image|socks:Noun|conquer:Verb|race day ready:Phrase
ad_00114,2023-03,113.47,339.66,22288,186,3,sprint further in our socks,Built to sprint. Premium socks.,video,1:1,accessories,vid_socks:Video|socks:Noun|sprint:Verb
ad_00115,2023-03,84.42,162.64,21466,143,2,ride 11 further in our baselayer,Ride ready. Try our baselayer today.,image,4:5,gravel,img_baselayer:Image|ride:Verb|new arrivals:Phrase
ad_00116,2023-03,116.3,204.7,20078,145,2,sprint further in our cap,Ride ready. Try our cap today.,image,1:1,gravel,img_cap:Image|cap:Noun|sprint:Verb
ad_00117,2023-03,193.42,683.03,15586,196,6,3 kit for every pedal,Built to pedal. Premium kit. ❄️,image,1:1,adventure,img_kit:Image|kit:Noun|your spring wardrobe:Phrase
ad_00118,2023-03,118.67,1188.21,19390,331,11,new bibs collection,ride further in our new bibs.,video,4:5,adventure,vid_bibs:Video|bibs:Noun|gravel ready:Phrase
ad_00119,2023-03,146.81,546.02,7372,61,1,the jacket you need to ride,Our 17 jacket lets you ride better.,image,4:5,accessories,img_jacket:Image|jacket:Noun
ad_00120,2023-03,239.98,264.76,10259,44,0,premium tights 7 built to sprint,Our tights lets you sprint better.,image,4:5,mountain,img_tights:Image|tights:Noun
ad_00121,2023-03,108.98,303.39,8378,77,1,7 armwarmers for every race,"Built for the long haul. Our premium armwarmers combines technical fabrics with a refined fit so you can race harder and go further, no matter what the forecast brings this season. ❄️",image,4:5,accessories,img_armwarmers:Image|armwarmers:Noun
ad_00122,2023-03,334.12,1533.82,11275,94,2,new wardrobe collection,"Engineered for performance on every terrain. Our wardrobe is designed to help you climb with total confidence, whether you are on a mountain pass or a city commute through changing weather. ☀️",video,9:16,casual,vid_wardrobe:Video|wardrobe:Noun|climb:Verb|adventure awaits:Phrase
ad_00123,2023-03,117.71,158.33,20215,133,2,the jacket you need to train,Ride ready. Try our jacket today.,image,9:16,casual,img_jacket:Image|jacket:Noun|train:Verb|race day ready:Phrase
ad_00124,2023-03,60.07,128.57,15719,119,2,vest 19 for every pedal,"Lightweight and breathable, this vest keeps you comfortable from the first pedal stroke to the last. Designed for riders who 5 pedal in all conditions and demand the very best from their gear.",image,1:1,accessories,img_vest:Image|vest:Noun|pedal:Verb
ad_00125,2023-03,90.1,83.83,12737,52,0,kit for every descend,Built to descend. Premium kit.,image,1:1,mountain,img_kit:Image|kit:Noun|descend:Verb
ad_00126,2023-03,311.41,1226.43,27661,224,4,race further in our wardrobe,7 Our wardrobe lets you race better. ⛰️,image,1:1,casual,img_wardrobe:Image|wardrobe:Noun|ride in comfort:Phrase
ad_00127,2023-03,322.55,523.6,15699,75,1,shred further in our wardrobe,Our 17 wardrobe lets you shred better.,image,1:1,commute,img_wardrobe:Image|shred:Verb
ad_00128,2023-03,223.14,854.14,9211,81,1,new armwarmers collection,Our armwarmers lets you race better.,video,1:1,adult,vid_armwarmers:Video|armwarmers:Noun
ad_00129,2023-03,73.33,286.22,14727,105,2,the gloves you need to gear,gear further in our new gloves.,video,1:1,road,vid_gloves:Video|gear:Verb|race day ready:Phrase
ad_00130,2023-03,87.06,181.99,18052,118,2,armwarmers for every train,train further in our new armwarmers.,image,4:5,urban,img_armwarmers:Image|armwarmers:Noun
ad_00131,2023-03,186.94,256.17,17350,118,1,new vest collection,pedal further in our new vest. 💪,image,9:16,casual,img_vest:Image
ad_00132,2023-03,243.98,484.05,17742,110,1,baselayer for every shred,shred further in our new baselayer.,image,4:5,commute,img_baselayer:Image|baselayer:Noun
ad_00133,2023-03,59.81,89.18,19632,97,1,premium 25 socks built to shred,Ride ready. Try our socks today.,video,9:16,urban,vid_socks:Video|socks:Noun|shred:Verb
ad_00134,2023-03,65.87,60.5,17930,83,1,premium baselayer built to pedal,Our baselayer lets you pedal better.,image,9:16,mountain,img_baselayer:Image|pedal:Verb|built to last:Phrase
ad_00135,2023-03,85.41,505.86,13578,202,6,premium gloves built to train,Our gloves lets you train better. 🔥,video,1:1,accessories,vid_gloves:Video|gloves:Noun|your spring wardrobe:Phrase
ad_00136,2023-03,296.3,569.54,15306,101,1,bibs for 26 every cruise,Ride 13 ready. Try our bibs today.,image,9:16,gravel,img_bibs:Image|bibs:Noun|new arrivals:Phrase
ad_00137,2023-03,221.01,357.08,11044,64,1,new baselayer collection,"Built for the long haul. Our premium baselayer combines technical fabrics with a refined fit so you can ride harder and go further, no matter what the forecast brings this season. ⛰️",image,9:16,commute,img_baselayer:Image|baselayer:Noun
ad_00138,2023-03,306.63,614.29,34023,261,5,the shorts you need to explore,Our shorts lets you explore better.,image,1:1,road,img_shorts:Image|shorts:Noun|cold weather essentials:Phrase
ad_00139,2023-03,154.6,586.14,17028,164,3,premium baselayer built to shred,Ride ready. Try 25 our baselayer today.,image,4:5,sale,img_baselayer:Image|baselayer:Noun
ad_00140,2023-03,212.42,743.13,14771,125,2,new jersey collection,ride 27 further in our new jersey.,image,1:1,sale,img_jersey:Image|all day comfort:Phrase
ad_00141,2023-03,99.62,239.92,28952,149,2,premium cap built to explore,"Engineered for performance on every terrain. Our cap is designed to help you explore with total confidence, whether you are on a mountain pass or a city commute through changing weather.",image,4:5,mountain,img_cap:Image|cap:Noun|explore:Verb|adventure awaits:Phrase
ad_00142,2023-03,98.9,136.92,4572,30,0,5 climb further in our vest,Built to climb. Premium vest.,image,4:5,road,img_vest:Image|vest:Noun|climb:Verb
ad_00143,2023-03,120.78,395.14,31056,184,3,jacket for every ride,Ride ready. Try our jacket today.,video,4:5,mountain,vid_jacket:Video|jacket:Noun|ride:Verb|trail tested:Phrase
ad_00144,2023-03,139.78,1076.62,14188,159,4,new tights collection,"Built for the long haul. Our premium tights combines technical fabrics with a refined fit so you can cruise harder and go further, 7 no matter what the forecast brings this season.",video,1:1,accessories,vid_tights:Video|tights:Noun|cruise:Verb|adventure awaits:Phrase
ad_00145,2023-03,630.49,1944.06,10971,89,2,19 new shell collection,Ride ready. Try our shell today. ❄️,video,1:1,sale,vid_shell:Video|layer:Verb
ad_00146,2023-03,242.35,340.51,7646,34,0,premium 13 kit built to race,race further in our new kit.,image,4:5,urban,img_kit:Image|kit:Noun|race:Verb
ad_00147,2023-03,86.48,82.24,4071,19,0,the jersey 27 you need to descend,Built to descend. Premium jersey.,image,9:16,adult,img_jersey:Image|jersey:Noun|descend:Verb|adventure awaits:Phrase
ad_00148,2023-03,121.09,170.96,6277,47,1,premium tights built to descend,Built to descend. Premium tights.,image,9:16,sale,img_tights:Image|tights:Noun|descend:Verb|gravel ready:Phrase
ad_00149,2023-03,147.68,382.87,46116,291,4,race further in 19 our vest,race further 18 in our new vest.,image,4:5,casual,img_vest:Image|vest:Noun
ad_00150,2023-03,327.26,869.65,11743,79,1,23 shorts for every shred,Our shorts lets you shred better.,video,1:1,adult,vid_shorts:Video|cold weather essentials:Phrase
ad_00151,2023-03,112.45,457.88,8872,87,2,the cap you need to shred,Ride ready. Try our cap today.,video,4:5,adult,vid_cap:Video|shred:Verb
ad_00152,2023-03,161.68,199.99,8663,50,1,premium jersey built to ride,Built to ride. Premium jersey.,image,9:16,urban,img_jersey:Image|jersey:Noun|ride:Verb|all day comfort:Phrase
ad_00153,2023-03,89.38,130.8,9370,39,0,shell 4 for every train,"Engineered for performance on every terrain. Our shell is designed to help you train with total confidence, whether you are on 6 a mountain pass or a city commute through changing weather.",image,9:16,commute,img_shell:Image|shell:Noun|train:Verb
ad_00154,2023-03,77.26,375.65,6479,65,1,bibs for every pedal,Built to pedal. 29 Premium bibs.,image,4:5,gravel,img_bibs:Image|bibs:Noun|pedal:Verb|ride in comfort:Phrase
ad_00155,2023-03,321.3,480.89,12614,56,0,vest 18 for every shred,"Engineered for performance on every terrain. 21 Our vest is designed to help you shred with total confidence, whether you are on a mountain pass or a city commute through changing weather.",image,1:1,mountain,img_vest:Image|vest:Noun
ad_00156,2023-03,192.06,462.41,23285,164,2,kit for every layer,"Engineered for performance on every terrain. Our kit is designed to help you 22 layer with total confidence, whether you are on a mountain pass or a city commute through changing weather.",image,9:16,casual,img_kit:Image|layer:Verb
ad_00157,2023-03,158.02,875.85,29019,361,9,new kit collection,Our kit 7 lets you gear better.,video,9:16,sale,vid_kit:Video|kit:Noun|new arrivals:Phrase
ad_00158,2023-03,246.87,838.14,25210,198,4,premium armwarmers built to sprint,Built to sprint. Premium armwarmers.,video,9:16,gravel,vid_armwarmers:Video|armwarmers:Noun|sprint:Verb|adventure awaits:Phrase
ad_00159,2023-03,256.1,1331.99,9608,79,1,the shell you need to shred,"Built 3 for the long haul. Our premium shell combines technical fabrics with a refined fit so you can shred harder and go further, no matter what the forecast brings this season.",image,4:5,casual,img_shell:Image|shell:Noun
ad_00160,2023-03,66.01,54.72,31628,163,1,17 jacket for every race,Built to race. Premium jacket.,image,9:16,adult,img_jacket:Image|race:Verb
ad_00161,2023-03,314.23,727.88,9496,72,1,the kit 26 you need to shred,Built to shred. Premium kit.,image,4:5,adult,img_kit:Image|kit:Noun|shred:Verb|your spring wardrobe:Phrase
ad_00162,2023-03,159.68,1278.01,11536,122,3,descend further in our shell,Our shell lets you 7 descend better.,video,4:5,sale,vid_shell:Video|shell:Noun|descend:Verb
ad_00163,2023-03,167.19,731.5,25383,164,3,premium vest built to descend,Built to descend. Premium vest.,video,4:5,mountain,vid_vest:Video|vest:Noun|trail tested:Phrase
ad_00164,2023-03,292.22,1007.58,19309,179,4,armwarmers for every conquer,conquer further in our new armwarmers.,video,1:1,casual,vid_armwarmers:Video|armwarmers:Noun|conquer:Verb|new arrivals:Phrase
ad_00165,2023-03,299.51,648.27,35542,429,9,premium bibs built to ride,Ride ready. Try our bibs today.,image,9:16,adventure,img_bibs:Image|bibs:Noun|ride:Verb
ad_00166,2023-03,270.31,397.1,20791,113,1,tights for every pedal,Ride ready. Try our tights today.,image,9:16,casual,img_tights:Image|pedal:Verb|gravel ready:Phrase
ad_00167,2023-03,87.93,101.91,36579,180,1,the armwarmers you need to explore,explore further in our new armwarmers.,image,9:16,mountain,img_armwarmers:Image|armwarmers:Noun|new arrivals:Phrase
ad_00168,2023-03,130.94,231.67,20672,141,2,new tights collection,Ride ready. Try our tights today. ❄️,image,1:1,adult,img_tights:Image|tights:Noun
ad_00169,2023-03,136.42,310.97,21177,122,2,kit for every cruise,Built to cruise. Premium kit.,image,1:1,casual,img_kit:Image|kit:Noun|gear up for summer:Phrase
ad_00170,2023-03,119.39,250.3,16252,171,3,2 premium jacket built to gear,"Lightweight and breathable, this jacket keeps you comfortable from the first pedal stroke to the last. Designed for riders who gear in all conditions and demand the very best from their gear.",image,9:16,adventure,img_jacket:Image|jacket:Noun|gear:Verb
ad_00171,2023-03,144.69,556.09,28704,202,3,premium kit built 23 to shred,"Engineered for performance on every terrain. Our kit is designed to 9 help you shred with total confidence, whether you are on a mountain pass or a city commute through changing weather.",image,4:5,casual,img_kit:Image|shred:Verb|built to last:Phrase
ad_00172,2023-03,108.43,376.95,19479,147,3,shred further 4 in our shorts,"Built for the long haul. Our premium shorts combines technical fabrics with a refined fit so you can shred harder and go further, no matter what the forecast brings this season.",video,1:1,mountain,vid_shorts:Video|your spring wardrobe:Phrase
ad_00173,2023-03,235.69,695.21,7426,55,1,bibs for every climb,Our bibs lets you climb better.,image,4:5,accessories,img_bibs:Image|bibs:Noun|climb:Verb|adventure awaits:Phrase
ad_00174,2023-03,224.96,958.85,25421,248,5,premium shell built to pedal,"Engineered for 2 performance on every terrain. Our shell is designed to help you pedal with total confidence, whether you are on a mountain pass or a city commute through changing weather.",image,1:1,adult,img_shell:Image|ride in comfort:Phrase
ad_00175,2023-03,65.22,74.85,34167,175,2,jacket for 23 every train,train further in our new jacket.,image,9:16,adult,img_jacket:Image|jacket:Noun|train:Verb|built to last:Phrase
ad_00176,2023-03,216.81,1039.58,9465,85,2,premium baselayer built to pedal,Ride ready. Try our baselayer today.,video,4:5,urban,vid_baselayer:Video|baselayer:Noun|pedal:Verb|adventure awaits:Phrase
ad_00177,2023-03,99.3,231.39,16381,107,1,jersey for every climb,"Lightweight and breathable, this jersey keeps you comfortable from the first pedal stroke to the last. Designed for riders who climb in all conditions and demand the very best from their gear. 🚴",image,1:1,urban,img_jersey:Image|climb:Verb
ad_00178,2023-03,205.75,914.52,23598,217,4,the shorts you need to layer,Our shorts lets you layer better. 💪,image,4:5,adult,img_shorts:Image|shorts:Noun|gear up for summer:Phrase
ad_00179,2023-03,136.94,252.42,27742,158,2,premium kit built to shred,Our kit lets you shred better.,image,4:5,commute,img_kit:Image|kit:Noun|shred:Verb|race day ready:Phrase
ad_00180,2023-03,49.78,652.13,9022,167,7,sprint further in our socks,"Built for the long haul. Our premium socks combines technical fabrics with a refined fit so you can sprint harder and go further, no matter what the forecast brings this season. 🏔️",image,4:5,adventure,img_socks:Image|socks:Noun|your spring wardrobe:Phrase
ad_00181,2023-03,53.7,427.7,12900,124,4,push further in our gloves,Our 5 gloves lets you push better.,video,4:5,urban,vid_gloves:Video|gloves:Noun|push:Verb|lightweight layers:Phrase
ad_00182,2023-03,233.6,529.98,14026,113,2,2 new armwarmers collection,Our armwarmers lets you ride better.,video,1:1,urban,vid_armwarmers:Video|armwarmers:Noun|ride:Verb|gear up for summer:Phrase
ad_00183,2023-03,67.25,46.18,21809,83,1,new 25 tights collection,explore further in our new tights.,image,9:16,urban,img_tights:Image|tights:Noun|explore:Verb
ad_00184,2023-03,266.85,3120.17,31218,539,20,the cap you need to gear,Our cap lets 15 you gear better.,video,4:5,adventure,vid_cap:Video|cap:Noun|gear:Verb|race day ready:Phrase
ad_00185,2023-03,179.51,1988.14,17309,273,13,new baselayer collection,Built to pedal. 9 Premium baselayer.,video,4:5,adventure,vid_baselayer:Video|baselayer:Noun|pedal:Verb
ad_00186,2023-03,81.96,183.57,35609,188,2,new jacket collection,"Lightweight and breathable, this jacket keeps you comfortable from the first pedal stroke to the 23 last. Designed for riders who shred in all conditions and demand the very best from their gear.",image,1:1,mountain,img_jacket:Image|shred:Verb|built to last:Phrase
ad_00187,2023-03,175.48,747.87,9090,82,1,train further in our vest,train further in our new vest. 💪,image,4:5,sale,img_vest:Image|vest:Noun|new arrivals:Phrase
ad_00188,2023-03,447.1,1717.09,6426,61,1,cap for every race,Ride ready. Try our cap today.,image,4:5,gravel,img_cap:Image|cap:Noun|gear up for summer:Phrase
ad_00189,2023-03,230.4,1710.32,6671,92,2,the gloves you need to push,"Lightweight and breathable, this gloves keeps you comfortable from the first pedal stroke to the last. Designed for riders who push in all conditions and demand the very 3 best from their gear.",video,9:16,accessories,vid_gloves:Video|gear up for summer:Phrase
ad_00190,2023-03,261.57,1221.17,19648,177,4,the 2 vest you need to layer,Built to 7 layer. Premium vest.,video,1:1,sale,vid_vest:Video|vest:Noun|layer:Verb|cold weather essentials:Phrase
ad_00191,2023-03,136.46,256.6,10959,69,1,layer further in our vest,Ride 28 ready. Try our vest today.,image,1:1,commute,img_vest:Image|layer:Verb
ad_00192,2023-03,92.68,168.93,17028,123,2,armwarmers for every layer,12 Our armwarmers lets you layer better.,image,9:16,accessories,img_armwarmers:Image|layer:Verb
ad_00193,2023-03,269.8,311.95,18147,121,2,13 shell for every layer,Ride ready. Try our shell today.,image,1:1,accessories,img_shell:Image|shell:Noun|layer:Verb|built to last:Phrase
ad_00194,2023-03,169.27,575.3,14841,133,3,premium vest built to push,5 push further in our new vest.,image,1:1,gravel,img_vest:Image|vest:Noun|gear up for summer:Phrase
ad_00195,2023-03,118.82,319.93,8661,60,1,tights for every conquer,Ride ready. Try our tights today. 🌧️,video,9:16,urban,vid_tights:Video|tights:Noun|conquer:Verb|cold weather essentials:Phrase
ad_00196,2023-03,133.63,490.64,31913,171,2,premium gloves built to layer,"Lightweight and breathable, this gloves keeps you comfortable from the first pedal stroke to the last. Designed for riders who layer in all 29 conditions and demand the very best from their gear.",image,4:5,commute,img_gloves:Image|gloves:Noun
ad_00197,2023-03,467.29,1571.65,22306,224,4,premium wardrobe built to ride,"Lightweight and breathable, this wardrobe keeps you comfortable from the first pedal stroke to the last. Designed for riders who ride in all conditions and demand the very best 3 from their gear.",image,9:16,sale,img_wardrobe:Image
ad_00198,2023-03,168.56,225.73,15184,101,1,premium kit built to gear,Our kit lets you gear better.,image,9:16,accessories,img_kit:Image|kit:Noun|trail tested:Phrase
ad_00199,2023-03,178.41,153.59,32982,175,2,descend 26 further in our baselayer,descend further in our new baselayer.,image,9:16,adult,img_baselayer:Image|baselayer:Noun|descend:Verb|trail tested:Phrase
ad_00200,2023-03,232.39,247.51,17422,69,1,the wardrobe you need to train,Our wardrobe lets you train better.,image,1:1,commute,img_wardrobe:Image|train:Verb
ad_00201,2023-03,137.85,534.2,4048,32,0,new socks collection,Our socks lets you gear better. 💪,video,1:1,urban,vid_socks:Video|socks:Noun|gravel ready:Phrase
ad_00202,2023-03,221.45,560.5,18090,152,3,13 push further in our armwarmers,push further in our new armwarmers.,video,1:1,gravel,vid_armwarmers:Video|armwarmers:Noun
ad_00203,2023-03,241.98,493.54,16588,91,1,premium jersey built to race,Ride ready. Try our jersey today.,image,4:5,commute,img_jersey:Image
ad_00204,2023-03,79.32,291.95,14384,110,2,6 new socks collection,"Built for the long haul. Our premium socks combines technical fabrics with a refined fit so you can pedal harder and go further, no matter what the forecast brings this season.",video,9:16,accessories,vid_socks:Video|socks:Noun|pedal:Verb|trail tested:Phrase
ad_00205,2023-03,75.03,292.83,18559,158,3,new baselayer collection,gear further in our new baselayer. 🏔️,video,9:16,sale,vid_baselayer:Video|baselayer:Noun
ad_00206,2023-03,214.75,400.62,6855,55,1,the gloves 4 you need to cruise,Ride ready. Try our gloves today.,image,1:1,adventure,img_gloves:Image|gloves:Noun|cruise:Verb
ad_00207,2023-03,143.57,363.84,23724,164,3,the armwarmers you need to conquer,"Built for the long haul. Our premium armwarmers combines technical fabrics with a refined fit so you can conquer harder and go further, no matter what the forecast brings this season.",video,9:16,urban,vid_armwarmers:Video|conquer:Verb
ad_00208,2023-03,166.12,430.49,12456,74,1,sprint further in our vest,sprint further 16 in our new vest.,image,9:16,road,img_vest:Image|vest:Noun
ad_00209,2023-03,205.88,356.69,10599,80,1,gloves for 29 every cruise,Built to cruise. Premium gloves.,image,9:16,adventure,img_gloves:Image|gloves:Noun
ad_00210,2023-03,144.6,380.12,13395,80,1,train further in our jacket,Ride ready. 14 Try our jacket today.,image,4:5,mountain,img_jacket:Image|new arrivals:Phrase
ad_00211,2023-03,95.73,212.51,6698,36,0,baselayer 12 for every conquer,conquer further 12 in our new baselayer. 🔥,video,9:16,mountain,vid_baselayer:Video|baselayer:Noun|conquer:Verb
ad_00212,2023-03,894.06,4469.57,16121,174,3,the socks you need to pedal,pedal further in 24 our new socks.,video,1:1,accessories,vid_socks:Video|socks:Noun|pedal:Verb
ad_00213,2023-03,249.19,918.37,14700,126,2,new shorts collection,"Engineered for 12 performance on every terrain. Our shorts is designed to help you pedal with total confidence, whether you are on a mountain pass or a city commute through changing weather.",image,1:1,road,img_shorts:Image|shorts:Noun
ad_00214,2023-03,190.76,842.69,10427,71,1,the shorts you need to ride,"Built for the long haul. Our premium shorts combines technical fabrics with a refined fit so you can ride harder and go further, no matter what the forecast brings this season.",image,4:5,commute,img_shorts:Image|shorts:Noun|ride in comfort:Phrase
ad_00215,2023-03,155.26,1206.4,9874,111,3,descend further in our armwarmers,descend 7 further in our new armwarmers.,video,1:1,sale,vid_armwarmers:Video|armwarmers:Noun|new arrivals:Phrase
ad_00216,2023-03,121.73,464.51,13364,136,3,the armwarmers you need to push,Our armwarmers lets you push better.,image,4:5,adult,img_armwarmers:Image|armwarmers:Noun|your spring wardrobe:Phrase
ad_00217,2023-03,60.66,107.66,19169,101,1,premium cap 24 built to descend,Our cap lets you descend better.,video,1:1,mountain,vid_cap:Video
ad_00218,2023-03,139.77,265.26,14216,58,1,kit for every layer,layer further in our new kit.,image,4:5,mountain,img_kit:Image|kit:Noun|cold weather essentials:Phrase
ad_00219,2023-03,323.96,682.94,9673,60,1,premium socks built to shred,"Built for the long haul. Our premium socks combines technical fabrics with a refined fit so you can shred harder and go further, no matter what the forecast brings this season.",image,4:5,commute,img_socks:Image|socks:Noun|shred:Verb
ad_00220,2023-03,387.01,1715.31,11009,89,2,cap for every cruise,4 Built to cruise. Premium cap.,video,4:5,commute,vid_cap:Video|cap:Noun|cruise:Verb|cold weather essentials:Phrase
ad_00221,2023-03,293.58,1920.49,6770,78,2,new armwarmers collection,3 Built to conquer. Premium armwarmers.,video,1:1,accessories,vid_armwarmers:Video|armwarmers:Noun|trail tested:Phrase
ad_00222,2023-03,215.97,500.98,12693,92,2,16 jersey for every shred,Our jersey lets you shred better. 🌧️,video,9:16,gravel,vid_jersey:Video|jersey:Noun
ad_00223,2023-03,389.45,1003.13,9535,72,1,cruise further in our tights,Ride ready. 22 Try our tights today. 🏔️,image,1:1,gravel,img_tights:Image|tights:Noun|cruise:Verb
ad_00224,2023-03,191.16,656.09,10477,63,1,the armwarmers you 26 need to gear,Built to gear. Premium armwarmers. 🔥,video,4:5,urban,vid_armwarmers:Video|armwarmers:Noun
ad_00225,2023-03,173.51,340.46,17496,145,2,the shell you need to sprint,Our shell lets you sprint better.,image,4:5,casual,img_shell:Image|shell:Noun|sprint:Verb
ad_00226,2023-03,235.9,555.73,5578,43,1,new 19 bibs collection,Ride ready. Try our bibs today.,image,4:5,sale,img_bibs:Image|bibs:Noun
ad_00227,2023-03,138.93,639.4,23998,209,4,jacket for every pedal,"Engineered for performance on every terrain. Our jacket is designed to help you pedal with total confidence, whether you are on a mountain pass or a city commute through changing weather.",video,9:16,casual,vid_jacket:Video|built to last:Phrase
ad_00228,2023-03,224.32,416.81,29044,220,3,premium shell built to sprint,Our shell lets you sprint better.,image,1:1,casual,img_shell:Image|shell:Noun|trail tested:Phrase
ad_00229,2023-03,410.71,2099.38,27824,233,5,vest 17 for every descend,"Built for the long haul. Our premium vest combines technical fabrics with a refined fit so you can descend harder and go further, no matter what the forecast brings this season.",video,4:5,casual,vid_vest:Video
ad_00230,2023-03,152.95,246.15,30752,157,2,3 new baselayer collection,Built to ride. 8 Premium baselayer.,image,1:1,accessories,img_baselayer:Image|ride:Verb
ad_00231,2023-03,223.12,1390.29,26125,319,9,the kit you need to sprint,"Engineered for performance on every terrain. Our kit is designed to help you sprint with total confidence, whether you are on a mountain pass or a city commute through changing weather.",image,4:5,adventure,img_kit:Image
ad_00232,2023-03,164.71,585.01,10304,96,2,new wardrobe collection,Our wardrobe lets you climb better.,video,1:1,gravel,vid_wardrobe:Video|wardrobe:Noun
ad_00233,2023-03,160.73,505.99,8299,86,1,13 cruise further in our bibs,Built to cruise. Premium bibs.,image,4:5,adventure,img_bibs:Image|cruise:Verb
ad_00234,2023-03,214.29,511.14,10792,62,1,premium shell built to ride,"Built for the long haul. Our premium shell combines technical fabrics with a refined fit so you can ride harder and go further, no matter what the forecast brings this season.",video,9:16,mountain,vid_shell:Video|shell:Noun
ad_00235,2023-03,93.17,272.88,12662,99,2,premium kit built to train,train further in our new kit.,video,9:16,road,vid_kit:Video|kit:Noun
ad_00236,2023-03,235.43,289.95,15853,85,1,23 layer further in our armwarmers,Our armwarmers lets you layer better.,image,1:1,urban,img_armwarmers:Image|armwarmers:Noun|gravel ready:Phrase
ad_00237,2023-03,106.17,603.78,12212,102,2,new 6 shell collection,"Engineered for performance on every terrain. Our shell is designed to help you gear with total confidence, whether you are on a 18 mountain pass or a city commute through changing weather. 🌧️",video,9:16,adult,vid_shell:Video
ad_00238,2023-03,182.37,768.11,9577,91,2,new wardrobe collection,pedal further in our new wardrobe. ☀️,video,1:1,accessories,vid_wardrobe:Video|wardrobe:Noun
ad_00239,2023-03,294.15,1286.02,19928,164,3,conquer further in our bibs,"Lightweight and breathable, this bibs keeps you comfortable from the first pedal stroke to the last. Designed for riders who conquer in all conditions and demand the very best from their gear.",image,4:5,adult,img_bibs:Image|bibs:Noun|new arrivals:Phrase
ad_00240,2023-03,425.45,664.99,32799,217,3,the vest you need to climb,Our vest lets you climb better.,image,1:1,adult,img_vest:Image|vest:Noun|climb:Verb
ad_00241,2023-03,127.38,260.89,14777,79,1,new socks collection,conquer further in our new socks.,image,4:5,urban,img_socks:Image|socks:Noun|conquer:Verb
ad_00242,2023-03,180.76,1399.96,7667,107,4,new shorts collection,"Lightweight and breathable, this shorts keeps you comfortable from the first pedal stroke to the last. Designed for riders who race in all conditions and demand the very best from their gear.",image,4:5,adventure,img_shorts:Image|built to last:Phrase
ad_00243,2023-03,178.83,337.17,47413,283,4,the 4 cap you need to cruise,Our cap lets you cruise better. ❄️,image,1:1,accessories,img_cap:Image|cap:Noun|race day ready:Phrase
ad_00244,2023-03,165.13,587.63,16316,220,5,armwarmers for every ride,"Lightweight and breathable, this armwarmers keeps you comfortable from the first pedal stroke to the last. Designed for riders who ride in all conditions and demand the very best from their gear.",image,1:1,adventure,img_armwarmers:Image|armwarmers:Noun|ride:Verb
ad_00245,2023-03,202.95,1410.48,16983,171,3,new gloves collection,Ride ready. Try our gloves today. 🏔️,video,4:5,adult,vid_gloves:Video|gloves:Noun
ad_00246,2023-03,295.52,308.06,24278,116,1,premium wardrobe built to cruise,Built to cruise. Premium wardrobe.,image,1:1,commute,img_wardrobe:Image|wardrobe:Noun|cruise:Verb
ad_00247,2023-03,90.34,413.56,13471,143,3,cruise further in our tights,Built to cruise. 28 Premium tights.,video,1:1,casual,vid_tights:Video|tights:Noun
ad_00248,2023-03,143.38,225.57,13259,61,1,new 22 tights collection,"Lightweight and breathable, this tights keeps you comfortable from the first pedal stroke to the last. Designed for riders who explore in all conditions and demand the very best from their gear.",image,1:1,casual,img_tights:Image|tights:Noun
ad_00249,2023-03,123.38,786.25,10634,102,2,the socks you need to pedal,Our socks lets you pedal better.,video,4:5,accessories,vid_socks:Video|socks:Noun
ad_00250,2023-03,209.8,219.47,9422,42,0,the bibs you need to race,Built to race. Premium bibs.,image,9:16,mountain,img_bibs:Image|bibs:Noun
ad_00251,2023-03,164.74,255.8,16269,76,1,ride further in our armwarmers,Ride ready. Try our armwarmers today.,image,4:5,mountain,img_armwarmers:Image|armwarmers:Noun|cold weather essentials:Phrase
ad_00252,2023-03,114.59,344.0,30497,192,3,the gloves you need to push,Ride ready. Try our gloves today.,video,1:1,urban,vid_gloves:Video
ad_00253,2023-03,217.68,236.62,14242,70,1,the 21 jacket you need to conquer,Ride ready. Try our jacket today. ❄️,image,9:16,casual,img_jacket:Image|jacket:Noun|conquer:Verb
ad_00254,2023-03,96.93,201.95,53621,309,5,bibs for every gear,gear further in our new bibs.,image,4:5,casual,img_bibs:Image|bibs:Noun|gear:Verb
ad_00255,2023-03,266.33,1181.64,10549,102,2,pedal further in our tights,Ride ready. Try our tights today.,video,1:1,gravel,vid_tights:Video|tights:Noun
ad_00256,2023-03,118.89,244.33,10912,90,1,premium vest built to push,Built to push. Premium vest.,image,4:5,accessories,img_vest:Image|vest:Noun|push:Verb
ad_00257,2023-03,132.12,443.9,13019,82,1,wardrobe 17 for every climb,"Engineered for performance on every terrain. Our wardrobe is designed to help you 5 climb with total confidence, whether you are on a mountain pass or a city commute through changing weather. 🌧️",image,4:5,mountain,img_wardrobe:Image|wardrobe:Noun|climb:Verb|lightweight layers:Phrase
ad_00258,2023-03,213.22,1240.51,30500,343,8,vest for every shred,"Engineered for performance on every terrain. Our vest is designed to help you shred with total confidence, whether you are on a mountain pass or a city commute through changing weather.",video,1:1,accessories,vid_vest:Video|vest:Noun|new arrivals:Phrase
ad_00259,2023-03,128.3,811.86,13152,157,4,shell for every cruise,cruise further 5 in our new shell.,image,4:5,gravel,img_shell:Image|shell:Noun|cruise:Verb|your spring wardrobe:Phrase
ad_00260,2023-03,97.4,368.34,22222,168,3,new vest collection,Ride ready. Try our vest today.,video,1:1,gravel,vid_vest:Video
ad_00261,2023-03,262.78,1403.34,16392,172,4,explore further in our cap,"Lightweight and breathable, this cap keeps you comfortable from the first pedal stroke to the last. Designed for riders who explore in all conditions and demand the very best from their gear. ☀️",image,4:5,sale,img_cap:Image|explore:Verb|gear up for summer:Phrase
ad_00262,2023-03,318.96,1068.65,34017,312,6,premium jersey built to climb,Ride ready. Try our jersey today. 🔥,video,1:1,adult,vid_jersey:Video|climb:Verb
ad_00263,2023-03,75.65,114.85,4339,28,0,the gloves you 16 need to descend,Ride ready. Try our gloves today.,image,4:5,adult,img_gloves:Image|gloves:Noun|descend:Verb
ad_00264,2023-03,245.76,1780.87,33841,491,15,new jacket collection,"Lightweight and breathable, this jacket keeps you comfortable from the first pedal stroke to the last. Designed for riders who conquer in all conditions 15 and demand the very best from their gear.",video,1:1,gravel,vid_jacket:Video|jacket:Noun|conquer:Verb|new arrivals:Phrase
ad_00265,2023-03,50.68,179.79,26577,250,5,new shorts collection,Ride ready. Try our shorts today.,video,1:1,sale,vid_shorts:Video|shorts:Noun
ad_00266,2023-03,226.68,1150.29,14967,124,2,gloves for every pedal,Built to pedal. 21 Premium gloves. 💪,image,4:5,road,img_gloves:Image|gloves:Noun|pedal:Verb|built to last:Phrase
ad_00267,2023-03,154.64,1043.37,8897,81,2,premium socks built to sprint,sprint further in our new socks.,video,4:5,gravel,vid_socks:Video|socks:Noun|sprint:Verb|cold weather essentials:Phrase
ad_00268,2023-03,401.5,417.4,15475,59,1,new armwarmers collection,explore further in our new armwarmers.,image,1:1,mountain,img_armwarmers:Image|armwarmers:Noun|explore:Verb
ad_00269,2023-03,46.92,144.77,4957,45,1,premium vest built to layer,Ride ready. Try our vest today.,video,1:1,casual,vid_vest:Video
ad_00270,2023-03,184.25,400.86,12426,96,1,the armwarmers you need to explore,Ride 20 ready. Try our armwarmers today.,image,1:1,adult,img_armwarmers:Image|armwarmers:Noun|explore:Verb|race day ready:Phrase
ad_00271,2023-03,76.3,79.38,24383,92,1,new socks collection,Ride ready. 14 Try our socks today.,image,9:16,mountain,img_socks:Image|socks:Noun|explore:Verb
ad_00272,2023-03,150.14,296.72,23383,113,1,shell for every pedal,pedal further in our new shell.,image,4:5,urban,img_shell:Image|shell:Noun|pedal:Verb
ad_00273,2023-03,78.93,164.69,9702,70,1,new vest collection,Ride ready. Try our vest today.,image,4:5,road,img_vest:Image|vest:Noun|push:Verb
ad_00274,2023-03,433.51,569.93,12057,84,1,socks for every train,Ride ready. Try our socks today.,image,9:16,road,img_socks:Image|socks:Noun
ad_00275,2023-03,206.57,756.24,11547,80,1,premium jacket built to ride,Built to ride. Premium jacket.,video,4:5,urban,vid_jacket:Video|ride:Verb
ad_00276,2023-03,153.65,892.0,42527,556,14,kit for every cruise,"Engineered for performance on every terrain. Our kit is designed to help you cruise with total confidence, whether you are on a mountain pass or a city commute through changing weather.",image,4:5,adventure,img_kit:Image|cruise:Verb
ad_00277,2023-03,138.58,821.85,9118,65,1,premium jersey built to layer,13 Built to layer. Premium jersey. ☀️,video,4:5,commute,vid_jersey:Video|jersey:Noun
ad_00278,2023-03,108.96,138.89,45636,244,3,premium jacket built to pedal,Ride ready. Try our jacket today. ❄️,image,9:16,adult,img_jacket:Image|pedal:Verb
ad_00279,2023-03,330.35,1050.95,19869,136,3,premium baselayer built to climb,Ride ready. Try our baselayer today. ❄️,video,9:16,casual,vid_baselayer:Video
ad_00280,2023-03,206.93,585.91,28559,202,4,the socks you need to explore,"Engineered for performance on every terrain. Our socks is designed to help you explore with total confidence, whether you are on a mountain pass or a city commute through changing weather.",image,1:1,sale,img_socks:Image|socks:Noun
ad_00281,2023-03,99.9,222.58,11623,92,1,sprint further in our bibs,Ride 26 ready. Try our bibs today.,image,9:16,accessories,img_bibs:Image|bibs:Noun|gravel ready:Phrase
ad_00282,2023-03,55.56,56.57,19507,87,1,24 premium armwarmers built to push,Built to push. Premium armwarmers.,image,1:1,urban,img_armwarmers:Image|armwarmers:Noun
ad_00283,2023-03,154.28,609.56,15710,165,3,layer further in our armwarmers,Built to 20 layer. Premium armwarmers.,video,1:1,adult,vid_armwarmers:Video|armwarmers:Noun|layer:Verb
ad_00284,2023-03,344.46,883.49,14294,120,2,premium socks built to push,push further in our new socks.,video,1:1,urban,vid_socks:Video|socks:Noun|push:Verb
ad_00285,2023-03,118.01,216.4,13874,87,1,new 27 kit collection,Ride ready. Try our kit today.,video,1:1,urban,vid_kit:Video
ad_00286,2023-03,138.11,217.53,19631,140,2,premium wardrobe built to gear,Our wardrobe lets you gear better. 🚴,image,9:16,adult,img_wardrobe:Image|wardrobe:Noun|gear:Verb|adventure awaits:Phrase
ad_00287,2023-03,244.0,532.91,13412,93,1,new armwarmers collection,Ride ready. Try our armwarmers today. 🔥,image,1:1,urban,img_armwarmers:Image|armwarmers:Noun|adventure awaits:Phrase
ad_00288,2023-03,63.5,577.95,18861,256,9,the kit you need to conquer,"Built for the long haul. Our premium kit combines technical fabrics with a refined fit so you can conquer harder and go further, no 3 matter what the forecast brings this season.",video,1:1,adventure,vid_kit:Video|kit:Noun|conquer:Verb
ad_00289,2023-03,71.25,217.15,9007,79,1,baselayer for every climb,climb further in our new baselayer.,video,1:1,adult,vid_baselayer:Video|climb:Verb|new arrivals:Phrase
ad_00290,2023-03,76.32,77.69,79169,328,3,push further in our armwarmers,Ride ready. Try our armwarmers today.,image,1:1,mountain,img_armwarmers:Image|armwarmers:Noun|race day ready:Phrase
ad_00291,2023-03,216.6,687.16,10953,65,1,premium shell built to shred,20 shred further in our new shell.,image,4:5,urban,img_shell:Image|shell:Noun
ad_00292,2023-03,347.18,736.49,9581,56,1,premium jersey built 7 to descend,Ride ready. Try our jersey today. 🚴,video,1:1,commute,vid_jersey:Video|jersey:Noun
ad_00293,2023-03,312.61,357.95,14646,63,1,new jersey collection,pedal further 4 in our new jersey.,image,9:16,mountain,img_jersey:Image|jersey:Noun
ad_00294,2023-03,115.21,183.61,14867,77,1,new kit collection,race further in our new kit.,video,9:16,mountain,vid_kit:Video|kit:Noun|race:Verb|trail tested:Phrase
ad_00295,2023-03,148.55,201.68,33742,205,2,sprint further in 28 our gloves,sprint further in our new gloves.,image,1:1,sale,img_gloves:Image
ad_00296,2023-03,83.8,133.06,11439,78,1,bibs for every race,race further in our new bibs.,image,1:1,road,img_bibs:Image|bibs:Noun|race:Verb
ad_00297,2023-03,57.71,107.08,21280,128,2,gear further 6 in our gloves,Our gloves lets you gear better.,image,4:5,casual,img_gloves:Image|gloves:Noun|gear:Verb|built to last:Phrase
ad_00298,2023-03,219.49,400.12,23709,162,3,explore further 3 in our jacket,explore further in our new jacket.,image,4:5,accessories,img_jacket:Image
ad_00299,2023-03,105.92,377.34,10952,81,1,the 29 shell you need to pedal,Built to 10 pedal. Premium shell.,image,4:5,road,img_shell:Image|race day ready:Phrase
ad_00300,2023-03,162.17,352.7,7043,45,1,the shell you need 28 to race,"Built for the long haul. Our premium shell combines technical fabrics with a refined fit so you can race harder and go further, no matter what the forecast brings this season.",image,4:5,commute,img_shell:Image|shell:Noun|race:Verb|lightweight layers:Phrase
ad_00301,2023-03,226.25,959.98,22013,238,5,layer further in our wardrobe,layer further in our new wardrobe.,image,4:5,adventure,img_wardrobe:Image|wardrobe:Noun|layer:Verb
ad_00302,2023-03,301.67,270.28,13256,49,0,14 kit for every shred,Ride ready. Try our kit today.,image,1:1,mountain,img_kit:Image|kit:Noun|gravel ready:Phrase
ad_00303,2023-03,295.66,569.15,15340,74,1,the vest you need to pedal,"Engineered for performance on every terrain. Our vest is designed to 6 help you pedal with total confidence, whether you are on a mountain pass or a city commute through changing weather. 💪",image,9:16,mountain,img_vest:Image|pedal:Verb
ad_00304,2023-03,292.62,543.69,17350,84,1,the jacket you 19 need to climb,Ride ready. Try our jacket today.,video,1:1,urban,vid_jacket:Video|jacket:Noun|climb:Verb
ad_00305,2023-03,155.67,583.99,24505,177,3,the baselayer you need to push,5 Ride ready. Try our baselayer today.,video,9:16,adult,vid_baselayer:Video|baselayer:Noun|push:Verb
ad_00306,2023-03,98.68,686.0,12893,126,3,socks for every push,"Engineered for performance on every terrain. Our socks is designed to help you push with total confidence, whether you are on a mountain pass or a city commute through changing weather.",video,4:5,road,vid_socks:Video|push:Verb
ad_00307,2023-03,293.36,622.25,9589,54,1,the shell you need 2 to ride,"Lightweight and breathable, this shell keeps you comfortable from the first pedal stroke to the last. Designed for riders who ride in all conditions and demand the very best from their gear.",image,4:5,commute,img_shell:Image|shell:Noun|trail tested:Phrase
ad_00308,2023-03,399.2,2295.37,13125,143,4,premium jersey built to conquer,"Engineered for performance on every terrain. Our jersey is designed to help you conquer with total confidence, whether you are on a mountain pass or a city commute through changing weather.",image,4:5,gravel,img_jersey:Image|gear up for summer:Phrase
ad_00309,2023-03,248.68,472.01,17842,151,3,the jersey you need to cruise,cruise further in our new jersey.,image,1:1,casual,img_jersey:Image|jersey:Noun|cruise:Verb|gear up for summer:Phrase
ad_00310,2023-03,244.12,1117.52,3988,34,1,bibs for every cruise,Ride ready. Try our bibs today.,video,4:5,urban,vid_bibs:Video|bibs:Noun
ad_00311,2023-03,217.25,584.11,16807,116,2,premium gloves built to explore,explore further in our new gloves.,video,9:16,casual,vid_gloves:Video|gloves:Noun
ad_00312,2023-03,298.99,1737.82,15247,221,8,premium shorts built to climb,Ride ready. Try our shorts today.,video,1:1,adventure,vid_shorts:Video|shorts:Noun
ad_00313,2023-03,168.71,338.27,32671,241,3,premium bibs built to climb,5 Ride ready. Try our bibs today.,image,9:16,accessories,img_bibs:Image
ad_00314,2023-03,500.25,6957.26,20350,401,20,the kit you need to push,push further in our new kit. 🚴,video,4:5,adventure,vid_kit:Video|kit:Noun|lightweight layers:Phrase
ad_00315,2023-03,278.32,649.77,13803,112,1,shred further in our tights,Built 6 to shred. Premium tights. ☀️,image,9:16,accessories,img_tights:Image|tights:Noun|shred:Verb
ad_00316,2023-03,120.93,376.41,16569,135,2,climb further in our jacket,climb further in our new jacket.,image,4:5,gravel,img_jacket:Image|jacket:Noun|climb:Verb|built to last:Phrase
ad_00317,2023-03,797.43,3557.88,12654,99,2,new cap collection,Ride ready. 9 Try our cap today.,image,4:5,gravel,img_cap:Image
ad_00318,2023-03,201.84,293.16,27162,186,3,premium socks built to descend,Ride ready. Try our socks today.,image,1:1,accessories,img_socks:Image|socks:Noun
ad_00319,2023-03,196.73,604.11,21563,148,3,pedal further in our armwarmers,Our armwarmers lets you pedal better.,image,4:5,commute,img_armwarmers:Image|armwarmers:Noun|pedal:Verb|your spring wardrobe:Phrase
ad_00320,2023-03,268.34,853.15,11906,114,2,premium vest built to gear,10 gear further in our new vest.,image,1:1,adult,img_vest:Image|ride in comfort:Phrase
ad_00321,2023-03,257.66,434.87,25462,124,1,new jacket collection,race further in our new jacket.,image,4:5,mountain,img_jacket:Image|jacket:Noun
ad_00322,2023-03,390.65,1119.06,12803,77,1,vest for 18 every layer,"Engineered for performance on every terrain. Our vest is designed to help you layer with total confidence, whether you are on a mountain pass or a city commute through changing weather. ☀️",video,9:16,urban,vid_vest:Video|vest:Noun
ad_00323,2023-03,62.99,175.19,12092,85,1,premium jersey built to layer,Our jersey lets you layer better. 🌧️,video,1:1,commute,vid_jersey:Video|jersey:Noun|layer:Verb
ad_00324,2023-03,75.06,368.23,29941,299,8,the kit you need to ride,ride further in our new kit.,video,1:1,gravel,vid_kit:Video|trail tested:Phrase
ad_00325,2023-03,104.14,163.37,12802,79,1,conquer 28 further in our baselayer,Our baselayer lets you conquer better.,video,9:16,urban,vid_baselayer:Video|baselayer:Noun|conquer:Verb
ad_00326,2023-03,580.72,3338.9,33905,288,5,new shorts collection,gear further in 3 our new shorts.,video,1:1,accessories,vid_shorts:Video|gear:Verb|cold weather essentials:Phrase
ad_00327,2023-03,245.21,221.76,8110,37,0,new 28 kit collection,Our kit lets you shred better.,image,1:1,commute,img_kit:Image|kit:Noun
ad_00328,2023-03,372.55,1317.04,14322,113,2,train further 27 in our tights,Built to 21 train. Premium tights. 🏔️,video,9:16,gravel,vid_tights:Video|train:Verb
ad_00329,2023-03,26.01,43.61,10551,56,1,26 the cap you need to cruise,Ride ready. Try our cap today.,image,4:5,urban,img_cap:Image|cruise:Verb|built to last:Phrase
ad_00330,2023-03,80.32,427.58,12544,196,6,premium shell built to shred,Our shell lets you shred better.,video,1:1,adventure,vid_shell:Video
ad_00331,2023-03,109.16,256.8,22912,163,3,wardrobe 29 for every descend,descend further in our new wardrobe.,video,1:1,accessories,vid_wardrobe:Video|wardrobe:Noun|descend:Verb
ad_00332,2023-03,258.15,469.34,22777,180,3,premium vest built to conquer,conquer further in our new vest.,image,1:1,gravel,img_vest:Image|vest:Noun|conquer:Verb
ad_00333,2023-03,108.39,315.13,15282,113,2,climb 13 further in our jersey,Built to climb. Premium jersey.,video,1:1,adult,vid_jersey:Video|jersey:Noun|adventure awaits:Phrase
ad_00334,2023-03,296.82,1630.59,7704,74,2,premium baselayer built to explore,Ride ready. Try our baselayer today. ☀️,video,4:5,road,vid_baselayer:Video|baselayer:Noun|explore:Verb
ad_00335,2023-03,377.69,1457.89,10649,108,2,shred further 22 in our jacket,shred further in our new jacket. 🚴,video,4:5,accessories,vid_jacket:Video|shred:Verb
ad_00336,2023-03,183.8,841.21,18085,154,3,the tights you need to explore,"Built for the long haul. Our premium tights combines technical fabrics with a refined fit so you can explore harder and go further, no matter what the forecast brings this season.",video,9:16,sale,vid_tights:Video|tights:Noun
ad_00337,2023-03,104.16,427.7,15282,118,2,premium gloves built to ride,Built 13 to ride. Premium gloves.,video,9:16,mountain,vid_gloves:Video|gloves:Noun|your spring wardrobe:Phrase
ad_00338,2023-03,133.33,402.67,30180,361,8,new socks collection,race further in our new socks. 🏔️,image,1:1,adventure,img_socks:Image|socks:Noun|race:Verb
ad_00339,2023-03,70.89,237.39,32961,201,3,the shorts you need to climb,climb further in our new shorts.,video,4:5,mountain,vid_shorts:Video|shorts:Noun
ad_00340,2023-03,257.61,750.15,15884,207,5,conquer further in our armwarmers,conquer further in our new armwarmers.,image,9:16,adventure,img_armwarmers:Image|armwarmers:Noun|conquer:Verb|lightweight layers:Phrase
ad_00341,2023-03,115.16,535.76,12948,90,2,tights for every train,"Lightweight and breathable, this tights keeps you comfortable from the first pedal stroke to the last. Designed for riders who train in all conditions and demand the very best from their gear. ⛰️",image,4:5,accessories,img_tights:Image|tights:Noun|train:Verb|race day ready:Phrase
ad_00342,2023-03,141.21,135.08,32145,160,1,premium kit built to sprint,sprint further in our new kit.,image,9:16,urban,img_kit:Image
ad_00343,2023-03,144.35,438.37,7780,43,1,the kit you need to sprint,Ride ready. Try our kit today.,video,4:5,mountain,vid_kit:Video|kit:Noun|sprint:Verb
ad_00344,2023-03,85.85,196.17,21495,154,3,layer further in our armwarmers,Built to layer. Premium armwarmers. 🔥,image,1:1,sale,img_armwarmers:Image|armwarmers:Noun
ad_00345,2023-03,138.8,160.04,20786,129,1,jersey for every sprint,Our jersey lets you sprint better.,image,9:16,casual,img_jersey:Image|jersey:Noun|sprint:Verb
ad_00346,2023-03,80.5,675.87,20238,292,11,baselayer for every ride,Our baselayer lets you ride better. ⛰️,video,1:1,adventure,vid_baselayer:Video
ad_00347,2023-03,140.69,1368.31,9239,107,3,premium 9 jacket built to race,"Lightweight and breathable, this jacket keeps you comfortable from the first pedal stroke 4 to the last. Designed for riders who race in all conditions and demand the very best from their gear.",video,4:5,adult,vid_jacket:Video|jacket:Noun|ride in comfort:Phrase
ad_00348,2023-03,352.85,725.8,22474,177,4,sprint further in 25 our bibs,sprint further in our new bibs.,image,1:1,adventure,img_bibs:Image|bibs:Noun
ad_00349,2023-03,147.23,492.43,30583,233,4,premium armwarmers built to gear,"Lightweight and breathable, this armwarmers keeps 2 you comfortable from the first pedal stroke to the last. Designed for riders who gear in all conditions and demand the very best from their gear.",image,1:1,urban,img_armwarmers:Image|armwarmers:Noun|built to last:Phrase
ad_00350,2023-03,121.54,105.63,16225,84,1,8 cruise further in our cap,cruise further in our new cap.,image,9:16,road,img_cap:Image|cap:Noun|cruise:Verb
ad_00351,2023-03,67.33,101.36,10470,59,1,21 layer further in our vest,Built to layer. Premium vest.,image,1:1,road,img_vest:Image|vest:Noun|layer:Verb|race day ready:Phrase
ad_00352,2023-03,653.98,1115.64,8741,65,1,the jacket you need to shred,Ride ready. Try our jacket today.,image,1:1,accessories,img_jacket:Image
ad_00353,2023-03,403.73,1320.83,26609,204,4,new bibs collection,sprint further in our new bibs.,image,4:5,adult,img_bibs:Image|bibs:Noun|sprint:Verb|lightweight layers:Phrase
ad_00354,2023-03,121.95,557.62,20832,154,2,the armwarmers you need to layer,Our armwarmers 8 lets you layer better. ❄️,image,4:5,accessories,img_armwarmers:Image|armwarmers:Noun|layer:Verb
ad_00355,2023-04,206.42,490.9,12283,122,3,new 4 cap collection,Ride ready. Try our cap today.,image,1:1,adventure,img_cap:Image|cap:Noun|gear up for summer:Phrase
ad_00356,2023-04,146.84,332.71,13213,124,2,the kit you need to shred,Our kit lets you shred better.,image,1:1,adventure,img_kit:Image|kit:Noun|shred:Verb
ad_00357,2023-04,701.84,1927.74,9534,75,1,premium gloves built to gear,"Lightweight and breathable, this gloves keeps you comfortable from the first pedal stroke to the last. Designed for riders who gear in all conditions and demand the very best from their gear.",image,4:5,casual,img_gloves:Image|gloves:Noun|gear:Verb
ad_00358,2023-04,87.1,174.33,18070,119,2,bibs for every cruise,Built to cruise. Premium bibs. 💪,image,9:16,casual,img_bibs:Image|new arrivals:Phrase
ad_00359,2023-04,76.58,204.22,9160,66,1,2 new shell collection,Ride ready. 17 Try our shell today.,image,4:5,gravel,img_shell:Image|shell:Noun
ad_00360,2023-04,141.82,949.83,8551,95,2,cruise further in our shell,8 cruise further in our new shell.,video,4:5,road,vid_shell:Video|shell:Noun|cruise:Verb
ad_00361,2023-04,229.06,585.06,11915,88,2,premium kit built 9 to gear,25 Our kit lets you gear better.,image,4:5,accessories,img_kit:Image|kit:Noun|gear:Verb
ad_00362,2023-04,190.21,922.53,8631,83,2,the tights you need 5 to push,Ride ready. Try our 17 tights today.,image,4:5,road,img_tights:Image|tights:Noun|your spring wardrobe:Phrase
ad_00363,2023-04,161.37,1167.51,67195,598,13,the socks you need to explore,Built to explore. 20 Premium socks.,video,4:5,casual,vid_socks:Video|explore:Verb
ad_00364,2023-04,215.54,258.85,25947,139,1,the bibs you need 21 to train,"Built for the long haul. Our premium bibs combines technical fabrics with a refined fit so you can train harder and go further, no matter what the forecast brings this season.",image,9:16,mountain,img_bibs:Image
ad_00365,2023-04,255.9,1233.4,32209,419,9,the jersey you need to race,race further in our new jersey.,video,1:1,accessories,vid_jersey:Video|jersey:Noun
ad_00366,2023-04,434.7,604.17,30337,152,2,wardrobe for every explore,Ride ready. Try our wardrobe today.,image,1:1,commute,img_wardrobe:Image|wardrobe:Noun
ad_00367,2023-04,227.01,886.23,13888,131,4,cruise further in our vest,Built to cruise. Premium vest. ⛰️,video,9:16,road,vid_vest:Video
ad_00368,2023-04,560.56,1858.97,7397,52,1,shell for every race,"Lightweight and breathable, this shell keeps you comfortable from the first pedal stroke to the last. Designed for riders who race in all conditions and demand the very best 6 from their gear.",image,1:1,adult,img_shell:Image|race:Verb
ad_00369,2023-04,284.34,397.28,24203,127,1,new jersey collection,Ride ready. Try our jersey today.,image,9:16,casual,img_jersey:Image
ad_00370,2023-04,137.7,985.79,22449,158,4,new cap collection,Our cap lets you race better. 🌧️,video,4:5,commute,vid_cap:Video|cap:Noun|gear up for summer:Phrase
ad_00371,2023-04,45.33,159.72,22482,177,3,3 the shell you need to train,"Engineered for performance on every terrain. Our shell is designed to help you train with total confidence, whether you are on a mountain pass or a city commute through changing weather.",video,9:16,mountain,vid_shell:Video|shell:Noun|gear up for summer:Phrase
ad_00372,2023-04,329.52,2852.46,25589,373,10,premium gloves built to race,Built to race. 19 Premium gloves.,video,4:5,adventure,vid_gloves:Video|gloves:Noun|race:Verb
ad_00373,2023-04,64.43,365.67,12658,138,3,the 10 jersey you need to gear,Ride ready. Try our jersey today. ❄️,video,4:5,gravel,vid_jersey:Video|jersey:Noun|gear up for summer:Phrase
ad_00374,2023-04,529.3,1450.52,21163,148,2,the shell you need to shred,Ride ready. Try our shell today.,image,4:5,adult,img_shell:Image
ad_00375,2023-04,192.02,805.03,9686,79,1,premium bibs built to explore,9 Ride ready. Try our bibs today. 💪,image,4:5,mountain,img_bibs:Image|explore:Verb|new arrivals:Phrase
ad_00376,2023-04,103.32,260.03,56762,320,4,ride further 9 in our vest,Our vest lets 11 you ride better.,image,4:5,urban,img_vest:Image|vest:Noun|race day ready:Phrase
ad_00377,2023-04,124.62,132.92,37691,185,2,new vest collection,shred further in our new vest. ⛰️,image,9:16,commute,img_vest:Image|shred:Verb
ad_00378,2023-04,276.61,2014.87,29041,385,10,new tights collection,"Built for the long haul. Our 10 premium tights combines technical fabrics with a refined fit so you can ride harder and go further, no matter what the forecast brings this season.",video,1:1,adult,vid_tights:Video|tights:Noun|ride:Verb|trail tested:Phrase
ad_00379,2023-04,153.23,525.45,10677,99,2,12 new jacket collection,Our jacket lets you climb better.,video,4:5,adult,vid_jacket:Video|climb:Verb
ad_00380,2023-04,366.54,1501.47,6922,63,1,new jacket collection,Our jacket lets you race better.,video,4:5,casual,vid_jacket:Video|race:Verb
ad_00381,2023-04,81.86,146.44,31087,185,2,new shorts collection,Ride ready. Try our shorts today.,image,1:1,adult,img_shorts:Image|shorts:Noun|ride:Verb
ad_00382,2023-04,151.85,1174.61,34742,452,13,sprint further in our jersey,sprint further in our new jersey.,video,4:5,adventure,vid_jersey:Video|jersey:Noun
ad_00383,2023-04,586.71,1843.7,19922,139,2,tights for every train,Our tights lets you train better. 🏔️,image,4:5,adult,img_tights:Image|tights:Noun|train:Verb
ad_00384,2023-04,73.84,412.14,9432,89,2,the jersey you need to explore,Our jersey lets you explore better.,video,4:5,gravel,vid_jersey:Video|jersey:Noun|explore:Verb|all day comfort:Phrase
ad_00385,2023-04,77.98,1072.37,15624,204,8,climb further in our vest,"Lightweight and breathable, this vest keeps you comfortable from the first pedal stroke to the last. Designed for riders 22 who climb in all conditions and demand the very best from their gear.",video,4:5,sale,vid_vest:Video|climb:Verb|your spring wardrobe:Phrase
ad_00386,2023-04,81.05,324.33,15916,145,3,premium wardrobe built to train,train further in 9 our new wardrobe. ⛰️,image,4:5,road,img_wardrobe:Image|wardrobe:Noun|train:Verb
ad_00387,2023-04,755.57,5596.54,20804,244,7,15 armwarmers for every layer,"Lightweight and breathable, this armwarmers keeps you comfortable from the first pedal stroke to the last. Designed for riders who layer in all conditions and demand the very best from their gear.",video,4:5,adventure,vid_armwarmers:Video|layer:Verb
ad_00388,2023-04,238.75,519.06,15411,137,3,premium tights built to descend,Ride ready. Try our tights today.,image,1:1,adventure,img_tights:Image|tights:Noun
ad_00389,2023-04,962.55,1085.9,37102,186,2,gear further in our wardrobe,Built to gear. Premium wardrobe.,image,1:1,urban,img_wardrobe:Image|wardrobe:Noun|gear:Verb
ad_00390,2023-04,57.61,395.19,11008,149,5,socks for every race,"Lightweight and breathable, this socks keeps you comfortable from the first pedal stroke to the last. Designed for riders who race in all conditions and demand the very best from their gear.",image,4:5,adventure,img_socks:Image|socks:Noun|race:Verb|your spring wardrobe:Phrase
ad_00391,2023-04,257.88,751.95,23674,221,5,gear further in our vest,Ride ready. Try our vest today.,video,9:16,road,vid_vest:Video|vest:Noun
ad_00392,2023-04,118.64,339.19,9215,71,1,gear further in our jersey,gear further in our new jersey.,image,4:5,adult,img_jersey:Image|jersey:Noun
ad_00393,2023-04,202.42,733.33,12460,89,2,new shorts collection,Ride ready. Try our shorts today. 🚴,video,9:16,casual,vid_shorts:Video|shorts:Noun|descend:Verb|cold weather essentials:Phrase
ad_00394,2023-04,209.29,437.08,46388,331,5,explore further 3 in our jacket,"Engineered for performance on every terrain. Our jacket is designed to help you explore with total confidence, whether you are on a mountain pass or a city commute through changing weather.",image,9:16,accessories,img_jacket:Image|cold weather essentials:Phrase
ad_00395,2023-04,105.35,211.3,14663,104,2,premium baselayer built to explore,Our baselayer lets you explore better. ⛰️,image,9:16,adult,img_baselayer:Image|baselayer:Noun|trail tested:Phrase
ad_00396,2023-04,226.49,609.19,20621,123,2,new bibs collection,"Built for the long haul. Our premium bibs combines technical fabrics with a refined fit so you can layer harder and go further, no matter what the forecast brings this season.",image,4:5,commute,img_bibs:Image|bibs:Noun|layer:Verb|new arrivals:Phrase
ad_00397,2023-05,220.74,698.25,23555,164,3,push further in our kit,"Lightweight and breathable, this kit keeps you comfortable from the first pedal stroke to the last. Designed for riders who push in all conditions and demand the very best from their gear.",image,4:5,commute,img_kit:Image|kit:Noun|push:Verb|built to last:Phrase
ad_00398,2023-05,258.58,708.59,35461,218,3,conquer further in our shorts,Built to conquer. Premium shorts.,video,4:5,sale,vid_shorts:Video|shorts:Noun|conquer:Verb
ad_00399,2023-05,125.87,493.75,10371,62,1,new shell collection,Our shell lets you explore better.,video,4:5,sale,vid_shell:Video|shell:Noun
ad_00400,2023-05,393.72,1102.56,8793,67,1,new cap collection,Ride ready. Try our cap today.,image,1:1,accessories,img_cap:Image|cap:Noun
ad_00401,2023-05,350.38,958.82,21084,175,3,premium shorts built to push,Our shorts lets you push better.,video,1:1,adult,vid_shorts:Video|push:Verb
ad_00402,2023-05,293.82,299.07,14208,75,1,27 new tights collection,conquer further in our new tights.,image,1:1,urban,img_tights:Image|tights:Noun
ad_00403,2023-05,63.03,99.25,19709,113,1,the bibs you need to pedal,Built to pedal. Premium bibs.,image,1:1,urban,img_bibs:Image|bibs:Noun
ad_00404,2023-05,281.59,1053.66,33892,227,3,new baselayer collection,"Lightweight and breathable, this baselayer keeps you comfortable from the first pedal stroke to the last. Designed for riders who race in all conditions and demand the very best 27 from their gear.",image,4:5,commute,img_baselayer:Image|race:Verb
ad_00405,2023-05,181.91,380.39,19812,119,1,12 armwarmers for every cruise,cruise further in our new armwarmers.,video,1:1,gravel,vid_armwarmers:Video|cruise:Verb
ad_00406,2023-05,68.03,209.24,10627,76,1,bibs for every push,"Lightweight and breathable, this bibs keeps you comfortable from the first pedal stroke to the last. Designed for riders who push in all conditions and demand the very best from their gear.",video,9:16,sale,vid_bibs:Video|bibs:Noun|push:Verb|lightweight layers:Phrase
ad_00407,2023-05,435.77,2305.92,22211,193,4,new shorts collection,Built to explore. 9 Premium shorts. ⛰️,video,1:1,casual,vid_shorts:Video|explore:Verb
ad_00408,2023-05,175.66,838.7,23613,198,4,new shorts collection,"Engineered for performance on every terrain. Our shorts is designed to help you race with total confidence, whether you are on a mountain pass or a city commute through changing weather.",image,4:5,adult,img_shorts:Image|shorts:Noun|race:Verb|ride in comfort:Phrase
ad_00409,2023-05,156.79,1344.52,17715,214,6,premium 12 tights built to conquer,Built to conquer. 27 Premium tights.,video,4:5,mountain,vid_tights:Video|tights:Noun|lightweight layers:Phrase
ad_00410,2023-05,282.47,580.58,24408,156,2,vest 13 for every descend,Our vest lets you descend better.,video,1:1,urban,vid_vest:Video|descend:Verb
ad_00411,2023-05,414.08,1638.69,15681,176,4,premium shell built to shred,"Lightweight and breathable, this shell keeps you comfortable from the first pedal stroke to the last. Designed for riders who shred in all conditions and demand the very best from their gear.",image,1:1,road,img_shell:Image|gear up for summer:Phrase
ad_00412,2023-05,122.57,408.31,22448,280,6,kit for every shred,Built to shred. Premium kit. 🏔️,image,1:1,accessories,img_kit:Image|your spring wardrobe:Phrase
ad_00413,2023-05,117.51,177.85,17925,135,2,17 new wardrobe collection,Ride ready. Try our wardrobe today.,image,1:1,accessories,img_wardrobe:Image
ad_00414,2023-05,215.22,1871.45,9006,99,3,new vest collection,Built to explore. Premium vest. ❄️,video,4:5,mountain,vid_vest:Video|explore:Verb|adventure awaits:Phrase
ad_00415,2023-05,202.55,787.12,11111,112,2,push further in our armwarmers,Ride ready. Try our armwarmers today.,video,1:1,adult,vid_armwarmers:Video|armwarmers:Noun
ad_00416,2023-05,174.37,337.54,29653,162,2,the bibs you need to pedal,Built to pedal. Premium bibs. ⛰️,video,9:16,sale,vid_bibs:Video|bibs:Noun
ad_00417,2023-06,139.65,709.35,18376,191,5,socks for every sprint,sprint further in our new socks. 🏔️,video,1:1,accessories,vid_socks:Video|socks:Noun|trail tested:Phrase
ad_00418,2023-06,353.06,282.62,7868,23,0,premium jacket built to cruise,Ride ready. Try our jacket today.,image,1:1,adventure,img_jacket:Image|cruise:Verb|cold weather essentials:Phrase
ad_00419,2023-06,366.54,545.11,16964,93,1,explore further in our shell,explore further in our new shell. 🏔️,image,1:1,casual,img_shell:Image|explore:Verb
ad_00420,2023-06,139.86,215.67,54266,352,5,the gloves you need to pedal,pedal further in our new gloves.,image,1:1,road,img_gloves:Image|gloves:Noun|pedal:Verb
ad_00421,2023-06,282.27,1314.42,10172,71,1,the vest you need to cruise,"Built for the long haul. Our premium vest combines technical fabrics with a refined fit so you can cruise harder and go further, no matter what the forecast brings this season.",video,4:5,sale,vid_vest:Video|vest:Noun
ad_00422,2023-06,147.27,230.52,28772,173,2,the wardrobe you need to sprint,Ride ready. Try our wardrobe today. 🌧️,image,9:16,casual,img_wardrobe:Image
ad_00423,2023-06,356.49,2676.67,36092,338,7,premium shell built to layer,layer further in our new shell. 🌧️,video,4:5,adult,vid_shell:Video|shell:Noun|layer:Verb|race day ready:Phrase
ad_00424,2023-06,158.49,389.91,11559,107,2,10 the socks you need to conquer,conquer further in our new socks.,image,4:5,mountain,img_socks:Image|socks:Noun|conquer:Verb|cold weather essentials:Phrase
ad_00425,2023-06,209.21,690.23,20509,81,1,premium wardrobe built to sprint,"Built for the long haul. Our 17 premium wardrobe combines technical fabrics with a refined fit so you can sprint harder and go further, no matter what the forecast brings this season.",video,9:16,adventure,vid_wardrobe:Video|wardrobe:Noun|all day comfort:Phrase
ad_00426,2023-06,309.58,529.02,32013,183,2,shell for every ride,Our shell lets you ride better.,image,1:1,casual,img_shell:Image|shell:Noun
ad_00427,2023-06,195.97,1284.05,21843,253,6,gloves for every train,"Engineered for performance on every terrain. Our gloves is designed to help you train with total confidence, whether you 2 are on a mountain pass or a city commute through changing weather.",image,4:5,mountain,img_gloves:Image|gloves:Noun|train:Verb
ad_00428,2023-06,147.47,80.88,27394,77,0,premium 29 socks built to train,train further in our new socks.,image,1:1,adventure,img_socks:Image|socks:Noun|train:Verb|cold weather essentials:Phrase
ad_00429,2023-06,558.74,1773.33,14294,118,2,gloves for every train,"Engineered for performance on every terrain. Our gloves is designed to help you train with total confidence, whether you are on a mountain pass or a city commute through changing weather.",video,9:16,road,vid_gloves:Video|train:Verb
ad_00430,2023-06,143.51,543.54,11498,94,2,premium socks built to descend,descend further in our new socks.,video,4:5,adult,vid_socks:Video|descend:Verb
ad_00431,2023-06,175.95,415.9,16740,96,1,premium tights built to descend,Ride ready. Try our tights today.,image,4:5,commute,img_tights:Image|tights:Noun
ad_00432,2023-06,103.77,150.8,21531,135,1,climb further in our kit,climb further in our new kit.,image,1:1,gravel,img_kit:Image
ad_00433,2023-06,121.96,195.86,16357,85,1,conquer further in our wardrobe,Ride ready. Try our wardrobe today.,image,1:1,gravel,img_wardrobe:Image|wardrobe:Noun
ad_00434,2023-06,207.44,419.02,14664,92,1,jacket for every ride,Our jacket lets you ride better.,image,4:5,commute,img_jacket:Image|jacket:Noun
ad_00435,2023-06,154.64,158.32,8187,44,0,new 18 tights collection,gear further in our new tights.,image,1:1,urban,img_tights:Image|tights:Noun
ad_00436,2023-06,202.1,705.82,20379,173,3,new kit collection,Ride ready. Try our kit today.,video,4:5,gravel,vid_kit:Video|kit:Noun|explore:Verb
ad_00437,2023-06,162.01,511.62,23599,190,2,3 premium jersey built to pedal,Ride ready. Try our jersey today.,video,4:5,gravel,vid_jersey:Video|jersey:Noun
ad_00438,2023-06,163.7,975.92,7099,80,2,new jersey collection,"Engineered for performance on every terrain. Our jersey is designed to help you conquer with total confidence, whether you are on a mountain pass or a city commute through changing weather. 🔥",image,4:5,mountain,img_jersey:Image|jersey:Noun|conquer:Verb
ad_00439,2023-06,104.19,609.97,38931,442,11,the jacket you need to ride,"Built for the long haul. Our premium jacket combines technical fabrics with a refined fit so you can ride harder and go further, no matter what the forecast brings this season.",video,9:16,mountain,vid_jacket:Video|jacket:Noun
ad_00440,2023-06,47.84,65.77,12321,50,0,armwarmers for every push,"Lightweight and breathable, this armwarmers keeps you comfortable from the first pedal stroke to the last. Designed for riders who push in all conditions and demand the very best from their gear.",video,9:16,adventure,vid_armwarmers:Video|armwarmers:Noun|push:Verb
ad_00441,2023-06,202.8,501.62,13360,60,1,kit for every shred,Built to shred. Premium kit. 🌧️,video,4:5,adventure,vid_kit:Video|shred:Verb
ad_00442,2023-06,57.34,132.6,13851,95,1,premium shell built to push,Our shell lets you push better.,video,9:16,urban,vid_shell:Video|shell:Noun|push:Verb
ad_00443,2023-06,331.61,1385.82,23712,267,5,ride further in our bibs,"Engineered for performance on every terrain. Our bibs is designed to help you ride with total confidence, whether you are on a mountain pass or a city commute 19 through changing weather.",image,9:16,accessories,img_bibs:Image|bibs:Noun|ride:Verb|gear up for summer:Phrase
ad_00444,2023-06,102.7,279.3,22800,170,3,new tights collection,"Lightweight and breathable, this tights keeps you comfortable from the first pedal stroke 25 to the last. Designed for riders who explore in all conditions and demand the very best from their gear.",image,1:1,urban,img_tights:Image|tights:Noun
ad_00445,2023-06,422.36,1380.11,18119,186,4,the shorts you need to sprint,sprint further in our new shorts.,video,1:1,gravel,vid_shorts:Video|shorts:Noun|sprint:Verb|your spring wardrobe:Phrase
ad_00446,2023-06,526.01,1185.86,14663,92,1,socks for every layer,layer further 11 in our new socks.,image,9:16,urban,img_socks:Image
ad_00447,2023-06,70.7,204.78,40487,278,5,shred 13 further in our wardrobe,"Lightweight and breathable, this wardrobe keeps you comfortable from the first pedal stroke to the last. Designed for riders who shred in all conditions and demand the very best from their gear.",image,4:5,mountain,img_wardrobe:Image|wardrobe:Noun|shred:Verb
ad_00448,2023-06,86.51,315.21,9314,91,2,8 the bibs you need to push,Our bibs lets you push better.,video,1:1,road,vid_bibs:Video|bibs:Noun|push:Verb|your spring wardrobe:Phrase
ad_00449,2023-06,109.73,209.53,10388,94,1,shell for every sprint,sprint further in our new shell.,image,9:16,mountain,img_shell:Image|shell:Noun
ad_00450,2023-06,78.77,146.35,9934,59,1,15 premium shell built to conquer,"Lightweight and breathable, this shell keeps you comfortable from the first pedal stroke to the last. Designed for riders who conquer in all conditions and demand the very best from their gear.",image,1:1,commute,img_shell:Image|shell:Noun|gravel ready:Phrase
ad_00451,2023-06,70.71,614.58,16018,155,3,the wardrobe you need to cruise,"Lightweight and breathable, this wardrobe keeps you comfortable from the first pedal stroke to the last. 29 Designed for riders who cruise in all conditions and demand the very best from their gear.",video,4:5,casual,vid_wardrobe:Video|wardrobe:Noun
ad_00452,2023-06,414.38,2079.39,13381,129,3,cap for every explore,"Lightweight and breathable, this cap keeps you comfortable from the first pedal stroke to the last. Designed for riders who explore in all conditions and demand the very best from their gear. ⛰️",video,1:1,accessories,vid_cap:Video|cap:Noun|explore:Verb
ad_00453,2023-06,197.12,315.65,26116,148,2,25 socks for every ride,Built to ride. Premium socks.,image,4:5,casual,img_socks:Image|socks:Noun|ride:Verb|cold weather essentials:Phrase
ad_00454,2023-06,259.15,218.17,13779,37,0,premium cap 27 built to ride,Our cap lets you ride better.,image,4:5,adventure,img_cap:Image|cap:Noun|ride:Verb|gravel ready:Phrase
ad_00455,2023-06,377.06,449.4,14596,93,1,the armwarmers you 15 need to shred,Built to shred. Premium armwarmers.,image,9:16,road,img_armwarmers:Image|armwarmers:Noun|built to last:Phrase
ad_00456,2023-06,105.18,251.98,17331,95,1,premium jersey 2 built to race,race further in 3 our new jersey. ❄️,image,4:5,casual,img_jersey:Image|jersey:Noun
ad_00457,2023-06,175.21,598.12,16637,151,3,explore further in our tights,"Built for the long haul. Our premium tights combines technical fabrics with a refined fit so you can explore harder and go further, no matter what the forecast brings this season.",video,9:16,road,vid_tights:Video|tights:Noun|explore:Verb
ad_00458,2023-06,154.82,128.52,20484,87,1,sprint further 22 in our vest,Ride ready. Try our vest today.,image,9:16,casual,img_vest:Image|vest:Noun|sprint:Verb
ad_00459,2023-06,194.32,2005.32,11900,142,3,cap for every sprint,"Built for the 28 long haul. Our premium cap combines technical fabrics with a refined fit so you can sprint harder and go further, no matter what the forecast brings this season.",video,4:5,adult,vid_cap:Video|cap:Noun
ad_00460,2023-06,587.07,3220.73,51085,423,9,the bibs you need to sprint,sprint 19 further in our new bibs. 💪,video,9:16,casual,vid_bibs:Video|adventure awaits:Phrase
ad_00461,2023-06,153.72,995.07,29397,303,7,sprint further in our tights,sprint further in our new tights. 🏔️,video,4:5,accessories,vid_tights:Video
ad_00462,2023-06,110.15,67.19,13500,40,0,the shell you need to push,Ride ready. Try our shell today. 🌧️,image,9:16,adventure,img_shell:Image|shell:Noun|push:Verb
ad_00463,2023-06,269.01,2270.76,13386,182,5,conquer further in our armwarmers,Built to conquer. Premium armwarmers.,video,4:5,mountain,vid_armwarmers:Video|gravel ready:Phrase
ad_00464,2023-06,495.67,1268.53,10699,76,1,premium shorts built to race,"Built for the long haul. Our premium shorts combines technical fabrics with a refined fit so you can race harder and go further, no matter what the forecast brings this season.",image,1:1,accessories,img_shorts:Image|shorts:Noun|race:Verb
ad_00465,2023-06,138.39,241.62,13754,109,2,baselayer for every train,Built to train. Premium baselayer.,image,9:16,urban,img_baselayer:Image|train:Verb|gear up for summer:Phrase
ad_00466,2023-06,66.64,79.81,34053,184,2,the cap 21 you need to train,Built to train. Premium cap.,image,1:1,gravel,img_cap:Image|gravel ready:Phrase
ad_00467,2023-06,295.26,1719.49,11777,133,4,19 cap for every train,Built to train. Premium cap.,video,4:5,mountain,vid_cap:Video|train:Verb|your spring wardrobe:Phrase
ad_00468,2023-06,120.66,883.5,14292,126,3,new vest collection,Ride ready. 15 Try our vest today. ⛰️,video,1:1,adult,vid_vest:Video|vest:Noun|gravel ready:Phrase
ad_00469,2023-06,245.15,1605.73,14921,164,4,new gloves collection,3 Our gloves lets you climb better.,video,4:5,adult,vid_gloves:Video|gloves:Noun
ad_00470,2023-06,362.12,920.47,49256,211,2,premium baselayer built to descend,Ride ready. Try our baselayer today.,video,4:5,adventure,vid_baselayer:Video
ad_00471,2023-06,177.48,136.5,46802,134,1,premium 6 cap built to explore,Our cap lets you explore better. ☀️,image,4:5,adventure,img_cap:Image|explore:Verb
ad_00472,2023-06,444.48,1233.62,16830,131,2,jacket for 2 every shred,Ride ready. Try our jacket today.,video,1:1,accessories,vid_jacket:Video|jacket:Noun
ad_00473,2023-06,125.06,847.76,27927,314,7,shell for every conquer,Our shell lets you conquer better. 🚴,video,4:5,gravel,vid_shell:Video|shell:Noun|conquer:Verb|lightweight layers:Phrase
ad_00474,2023-06,178.33,285.71,5426,31,0,climb further in our cap,Ride ready. Try our cap today.,image,1:1,urban,img_cap:Image|cap:Noun
ad_00475,2023-06,51.48,79.81,12084,86,1,16 new jersey collection,"Built for the long haul. Our premium jersey combines technical fabrics with a refined fit so you can climb harder and go further, no matter what the forecast brings this season.",image,9:16,mountain,img_jersey:Image|jersey:Noun
ad_00476,2023-06,151.88,439.41,17128,170,3,cruise further in our shell,cruise further in our new shell. ⛰️,video,9:16,urban,vid_shell:Video|shell:Noun|cruise:Verb|all day comfort:Phrase
ad_00477,2023-06,395.33,1273.79,12163,77,1,the vest you need 20 to shred,shred 10 further in our new vest. 🌧️,image,4:5,road,img_vest:Image|vest:Noun|shred:Verb
ad_00478,2023-06,206.72,247.89,7035,41,1,premium jacket built 20 to shred,Built to shred. Premium jacket.,image,1:1,commute,img_jacket:Image|shred:Verb|your spring wardrobe:Phrase
ad_00479,2023-06,328.21,846.72,16621,120,1,new 14 shell collection,"Built for the long haul. Our premium shell combines technical fabrics with a refined fit so you can shred harder and go further, no matter what the forecast brings this season. 💪",image,4:5,casual,img_shell:Image|shell:Noun
ad_00480,2023-06,303.2,312.1,21038,92,1,premium cap 23 built to climb,Our cap lets you climb better. 🌧️,image,1:1,urban,img_cap:Image|climb:Verb
ad_00481,2023-06,54.48,84.04,17147,81,1,baselayer for every explore,explore further in our new baselayer.,image,1:1,gravel,img_baselayer:Image|baselayer:Noun
ad_00482,2023-06,218.81,617.21,20823,116,2,new wardrobe collection,"Built for the long haul. Our premium wardrobe combines technical fabrics with a refined fit so you can cruise harder and go further, no matter what the forecast brings this season.",image,4:5,urban,img_wardrobe:Image|wardrobe:Noun|cruise:Verb
ad_00483,2023-06,136.21,189.82,31856,171,2,premium vest built 29 to ride,Our vest lets you ride better.,image,4:5,urban,img_vest:Image|vest:Noun
ad_00484,2023-06,141.42,407.61,4362,36,0,the baselayer you need to explore,explore further in our new baselayer.,video,1:1,gravel,vid_baselayer:Video|baselayer:Noun
ad_00485,2023-06,156.08,1149.9,37036,446,12,premium wardrobe built to shred,Built 22 to shred. Premium wardrobe.,video,4:5,mountain,vid_wardrobe:Video|wardrobe:Noun|shred:Verb
ad_00486,2023-06,338.85,1086.73,16362,114,1,race further 8 in our gloves,"Engineered for performance on every terrain. Our gloves is designed to help you race with total confidence, whether you are on a 5 mountain pass or a city commute through changing weather.",image,4:5,gravel,img_gloves:Image|gloves:Noun
ad_00487,2023-06,139.25,1040.51,19996,302,9,11 premium gloves built to descend,19 descend further in our new gloves.,video,4:5,mountain,vid_gloves:Video|cold weather essentials:Phrase
ad_00488,2023-06,57.25,103.29,11086,47,1,new 14 gloves collection,cruise further in our new gloves.,image,4:5,road,img_gloves:Image|cruise:Verb
ad_00489,2023-06,82.87,168.4,20447,134,2,kit for 19 every race,Ride ready. Try our kit today.,video,1:1,casual,vid_kit:Video|kit:Noun
ad_00490,2023-06,457.33,786.53,15844,100,1,premium bibs built to push,Ride ready. Try our bibs today. 🏔️,image,9:16,accessories,img_bibs:Image|bibs:Noun
ad_00491,2023-06,76.93,200.44,14320,72,1,the wardrobe you need to layer,"Lightweight and breathable, this wardrobe keeps you comfortable from the first pedal stroke to the last. Designed for riders who layer in all conditions and demand the very best from their gear. ⛰️",video,9:16,adventure,vid_wardrobe:Video|wardrobe:Noun|adventure awaits:Phrase
ad_00492,2023-06,192.93,300.75,9042,39,0,premium shell built to push,Ride ready. Try our shell today.,image,4:5,sale,img_shell:Image|push:Verb
ad_00493,2023-06,162.51,550.29,41132,345,6,the jersey you need to race,Our jersey 19 lets you race better.,image,4:5,casual,img_jersey:Image|race:Verb|race day ready:Phrase
ad_00494,2023-06,178.59,285.3,12863,40,0,vest for every train,20 Ride ready. Try our vest today.,image,4:5,adventure,img_vest:Image|vest:Noun|train:Verb
ad_00495,2023-06,136.79,131.38,7377,39,0,14 new baselayer collection,Built to explore. Premium baselayer.,image,9:16,adult,img_baselayer:Image|baselayer:Noun
ad_00496,2023-06,199.45,974.02,15973,139,3,29 the jersey you need to push,push 2 further in our new jersey.,video,1:1,casual,vid_jersey:Video|jersey:Noun|gear up for summer:Phrase
ad_00497,2023-06,141.71,472.79,20708,139,3,shell for 18 every gear,"Built for the long haul. Our premium shell 3 combines technical fabrics with a refined fit so you can gear harder and go further, no matter what the forecast brings this season.",video,1:1,gravel,vid_shell:Video
ad_00498,2023-06,141.89,255.45,25438,148,2,21 shred further in our armwarmers,Our armwarmers lets you shred better.,image,4:5,road,img_armwarmers:Image|armwarmers:Noun
ad_00499,2023-06,89.76,233.39,18153,127,2,new shorts collection,"Engineered for performance on every terrain. Our shorts is designed to help you gear with total confidence, whether you are on a mountain pass or a city commute through changing weather. 🌧️",image,1:1,urban,img_shorts:Image|shorts:Noun
ad_00500,2023-06,217.48,529.59,21821,130,1,14 the shell you need to push,Our shell lets you push better.,video,4:5,sale,vid_shell:Video|shell:Noun|push:Verb|gravel ready:Phrase
ad_00501,2023-06,203.6,428.55,17229,98,1,the kit you need to conquer,conquer further in our new kit.,image,4:5,gravel,img_kit:Image|kit:Noun|conquer:Verb|gravel ready:Phrase
ad_00502,2023-06,93.18,265.64,14050,113,2,premium socks built to race,race further in our new socks.,video,1:1,casual,vid_socks:Video|socks:Noun
ad_00503,2023-06,300.19,1693.63,10377,91,2,kit for every ride,ride further in our 29 new kit.,video,4:5,commute,vid_kit:Video|kit:Noun|ride:Verb
ad_00504,2023-06,205.95,245.6,20289,66,0,shorts for every pedal,"Engineered for performance on every terrain. Our shorts is designed to help you pedal with total confidence, whether you are on a mountain pass or a city commute through changing weather. 🔥",image,1:1,adventure,img_shorts:Image|shorts:Noun|pedal:Verb
ad_00505,2023-06,110.56,411.43,24018,176,3,premium tights built to cruise,26 Built to cruise. Premium tights.,video,1:1,urban,vid_tights:Video|tights:Noun|cruise:Verb
ad_00506,2023-06,238.53,1036.59,9692,89,2,new gloves collection,Ride ready. Try our gloves today.,video,4:5,accessories,vid_gloves:Video|race:Verb
ad_00507,2023-06,90.73,137.13,31702,182,2,the jacket you need to gear,"Engineered for performance on every terrain. Our jacket is designed to help you gear with total confidence, whether you are on a mountain pass or a city commute through changing weather.",image,9:16,casual,img_jacket:Image|jacket:Noun|gear:Verb
ad_00508,2023-06,75.87,509.1,17731,169,3,new kit collection,"Lightweight and breathable, this kit keeps you comfortable from the first pedal stroke to the last. Designed for riders who push in all conditions and demand the very best from their gear.",video,4:5,casual,vid_kit:Video|kit:Noun
ad_00509,2023-06,161.21,1026.5,9289,71,1,the gloves you need to push,push further in our 8 new gloves.,video,4:5,road,vid_gloves:Video|gloves:Noun|push:Verb
ad_00510,2023-06,146.08,138.31,29797,136,1,ride 27 further in our armwarmers,ride further in our new armwarmers.,image,1:1,casual,img_armwarmers:Image
ad_00511,2023-06,309.39,870.28,50334,375,5,shell for every gear,Built to gear. Premium shell.,image,4:5,road,img_shell:Image
ad_00512,2023-06,143.36,510.21,14473,129,3,the shorts you 17 need to explore,explore further in our new shorts.,video,1:1,accessories,vid_shorts:Video|shorts:Noun|lightweight layers:Phrase
ad_00513,2023-06,748.79,4039.01,40387,295,5,premium tights built to push,Ride 5 ready. Try our tights today.,video,4:5,sale,vid_tights:Video|push:Verb|built to last:Phrase
ad_00514,2023-06,112.35,331.98,10752,66,1,the baselayer you need to gear,26 gear further in our new baselayer.,image,4:5,gravel,img_baselayer:Image|gear:Verb
ad_00515,2023-06,151.48,344.35,12721,51,1,armwarmers for every shred,Our armwarmers lets you shred better.,video,4:5,adventure,vid_armwarmers:Video|armwarmers:Noun
ad_00516,2023-06,150.14,391.79,28218,222,4,new wardrobe collection,"Built for the long haul. Our premium wardrobe combines technical fabrics with a refined fit so you can conquer harder and go further, no matter what the forecast brings this season.",image,1:1,road,img_wardrobe:Image|wardrobe:Noun
ad_00517,2023-06,248.52,303.88,20399,86,1,climb further 14 in our vest,Our 12 vest lets you climb better.,image,1:1,commute,img_vest:Image|vest:Noun|climb:Verb
ad_00518,2023-06,145.77,314.32,6304,46,1,cap for every layer,layer further in our new cap.,image,4:5,casual,img_cap:Image|cap:Noun
ad_00519,2023-06,140.12,146.66,16205,46,0,gear further in our socks,Built to gear. Premium socks.,image,4:5,adventure,img_socks:Image|socks:Noun
ad_00520,2023-06,402.7,824.32,14841,109,2,the 26 gloves you need to climb,Built to climb. Premium gloves.,video,9:16,mountain,vid_gloves:Video|gloves:Noun|climb:Verb
ad_00521,2023-06,152.06,1152.0,14605,187,5,gloves for every ride,Built to 9 ride. Premium gloves. 🔥,video,1:1,adult,vid_gloves:Video|gloves:Noun|new arrivals:Phrase
ad_00522,2023-06,117.4,571.05,13965,126,3,new jacket collection,Built to descend. Premium jacket. 🚴,video,1:1,commute,vid_jacket:Video|your spring wardrobe:Phrase
ad_00523,2023-06,142.93,1722.8,43277,615,19,the armwarmers you need to descend,7 Our armwarmers lets you descend better. ❄️,video,4:5,mountain,vid_armwarmers:Video|armwarmers:Noun
ad_00524,2023-06,220.63,1011.37,10327,98,2,new jacket collection,Ride ready. Try our jacket today.,video,1:1,casual,vid_jacket:Video|layer:Verb|your spring wardrobe:Phrase
ad_00525,2023-06,350.05,1044.65,13131,86,1,descend further in our bibs,Our bibs lets you descend better.,video,1:1,commute,vid_bibs:Video|bibs:Noun
ad_00526,2023-06,27.9,34.12,31435,104,1,premium kit built to gear,Ride ready. Try our kit today.,video,1:1,adventure,vid_kit:Video|kit:Noun|gear:Verb
ad_00527,2023-06,90.12,166.1,10287,73,1,layer further in our vest,Ride ready. Try 28 our vest today.,image,9:16,adult,img_vest:Image|vest:Noun
ad_00528,2023-06,104.46,540.19,10579,114,3,premium shorts built to push,push further in our new shorts. 🔥,video,9:16,road,vid_shorts:Video|built to last:Phrase
ad_00529,2023-06,47.59,207.8,21229,174,3,the kit you need to shred,shred 13 further in our new kit.,video,9:16,adult,vid_kit:Video|kit:Noun|gravel ready:Phrase
ad_00530,2023-06,108.86,471.16,12594,111,2,the gloves you need to layer,Our gloves lets you layer better.,video,4:5,road,vid_gloves:Video|gloves:Noun|layer:Verb
ad_00531,2023-06,135.6,373.2,16413,103,2,new bibs collection,Our bibs lets you pedal better.,image,4:5,road,img_bibs:Image|bibs:Noun
ad_00532,2023-06,207.07,1095.63,10692,112,2,new shell collection,Our shell lets you 3 race better.,image,4:5,accessories,img_shell:Image|shell:Noun|race:Verb|lightweight layers:Phrase
ad_00533,2023-06,144.56,488.6,6156,65,1,layer further in our shell,Ride ready. Try our shell today.,image,4:5,mountain,img_shell:Image|shell:Noun
ad_00534,2023-06,173.66,490.39,9326,78,1,5 premium tights built to layer,"Lightweight and breathable, this tights keeps you comfortable from the first pedal stroke to the last. Designed for riders who layer in all conditions and demand the very best from their gear.",image,4:5,urban,img_tights:Image|tights:Noun|layer:Verb|ride in comfort:Phrase
ad_00535,2023-06,128.32,161.78,16121,111,1,the bibs you 5 need to explore,Ride ready. Try our bibs today.,image,1:1,accessories,img_bibs:Image
ad_00536,2023-06,237.47,912.28,38827,496,13,train further in our socks,Our socks lets you train better.,video,9:16,accessories,vid_socks:Video|socks:Noun|train:Verb|ride in comfort:Phrase
ad_00537,2023-06,66.99,164.41,19354,126,2,gear further in our vest,gear further in our new vest.,image,4:5,adult,img_vest:Image|vest:Noun
ad_00538,2023-06,268.28,1630.28,7742,100,2,pedal further in our bibs,Our bibs 6 lets you pedal better. ⛰️,image,1:1,mountain,img_bibs:Image|bibs:Noun|your spring wardrobe:Phrase
ad_00539,2023-06,413.63,1844.04,11879,119,2,the baselayer you need to cruise,Built to 16 cruise. Premium baselayer.,video,1:1,adult,vid_baselayer:Video|baselayer:Noun|cruise:Verb|cold weather essentials:Phrase
ad_00540,2023-06,96.39,252.38,13492,84,1,new jacket collection,"Lightweight and breathable, this jacket keeps you comfortable from the first pedal stroke to the 7 last. Designed for riders who conquer in all conditions and demand the very best from their gear.",image,1:1,gravel,img_jacket:Image|jacket:Noun
ad_00541,2023-06,700.34,1777.08,21169,156,2,train 23 further in our vest,train further in our new vest.,video,1:1,commute,vid_vest:Video|vest:Noun|race day ready:Phrase
ad_00542,2023-06,290.65,892.75,15398,140,3,new vest collection,Ride ready. Try our vest today.,video,1:1,road,vid_vest:Video|vest:Noun|ride:Verb
ad_00543,2023-06,126.39,524.36,8506,80,2,new 23 shorts collection,Our shorts lets you sprint better. 💪,video,4:5,road,vid_shorts:Video|shorts:Noun|sprint:Verb
ad_00544,2023-06,139.67,333.23,34449,119,1,wardrobe for every train,Built to 18 train. Premium wardrobe.,image,4:5,adventure,img_wardrobe:Image|wardrobe:Noun|all day comfort:Phrase
ad_00545,2023-06,127.46,412.19,18458,151,3,premium wardrobe built to gear,Our wardrobe lets you gear better.,image,4:5,mountain,img_wardrobe:Image|wardrobe:Noun
ad_00546,2023-06,117.89,442.12,30438,295,6,premium shorts built to train,Ride ready. Try our shorts today.,image,4:5,mountain,img_shorts:Image|shorts:Noun
ad_00547,2023-06,147.36,838.94,45509,570,14,the jacket you need to ride,ride further in 27 our new jacket. ⛰️,video,9:16,mountain,vid_jacket:Video|jacket:Noun|ride:Verb
ad_00548,2023-06,100.52,191.06,16514,92,1,the jersey you need to gear,"Lightweight and breathable, this jersey keeps you comfortable from the first pedal stroke to the last. Designed for riders who gear in all conditions and demand the very best from their gear. 🌧️",image,9:16,gravel,img_jersey:Image|gear:Verb|trail tested:Phrase
ad_00549,2023-06,317.61,4289.11,14252,207,9,the socks you need to descend,"Lightweight and breathable, this socks keeps you comfortable from the first pedal stroke to the last. Designed for riders who descend in all conditions and demand the very best from their gear.",video,4:5,mountain,vid_socks:Video|built to last:Phrase
ad_00550,2023-06,317.02,713.46,13105,114,2,layer further in our tights,Ride ready. Try our tights today.,image,1:1,accessories,img_tights:Image|tights:Noun|ride in comfort:Phrase
ad_00551,2023-06,212.18,416.49,11913,86,1,new jersey collection,ride further in our new jersey. 🔥,image,1:1,accessories,img_jersey:Image|jersey:Noun|ride:Verb
ad_00552,2023-06,90.76,186.71,18956,169,3,bibs for every shred,Built to shred. Premium bibs.,image,1:1,mountain,img_bibs:Image|bibs:Noun
ad_00553,2023-06,467.71,1351.36,9373,60,1,new jacket collection,Our jacket lets you descend better.,image,4:5,commute,img_jacket:Image|jacket:Noun|all day comfort:Phrase
ad_00554,2023-06,96.64,175.15,9453,54,1,premium baselayer built to gear,21 gear further in our new baselayer.,image,1:1,gravel,img_baselayer:Image|baselayer:Noun
ad_00555,2023-06,253.99,1171.25,7924,90,2,the vest you need to conquer,"Built for the long haul. Our premium vest combines technical fabrics with a refined fit so you can conquer harder and go further, no matter what the forecast brings this season.",image,4:5,mountain,img_vest:Image|vest:Noun
ad_00556,2023-06,34.01,93.59,20267,143,2,premium shell built to gear,Built to gear. Premium shell.,image,4:5,casual,img_shell:Image|shell:Noun
ad_00557,2023-06,300.69,842.56,15513,90,1,new wardrobe collection,Built to sprint. Premium wardrobe. ❄️,image,4:5,commute,img_wardrobe:Image|wardrobe:Noun|sprint:Verb
ad_00558,2023-06,18.23,14.24,27703,94,1,train further in our baselayer,Built to train. Premium baselayer.,image,9:16,sale,img_baselayer:Image|train:Verb
ad_00559,2023-06,71.46,166.74,20134,116,2,climb further 13 in our cap,Built to climb. Premium cap.,image,4:5,casual,img_cap:Image|cap:Noun|climb:Verb|lightweight layers:Phrase
ad_00560,2023-06,202.6,1218.96,12356,126,2,20 pedal further in our shell,"Lightweight and breathable, this shell keeps you comfortable from the first pedal stroke to the last. Designed for riders who pedal in all conditions and demand the very 9 best from their gear.",video,4:5,road,vid_shell:Video|shell:Noun|pedal:Verb
ad_00561,2023-07,195.22,1760.78,7117,82,2,premium baselayer built to climb,Our baselayer lets you 16 climb better.,video,4:5,road,vid_baselayer:Video|baselayer:Noun|climb:Verb|new arrivals:Phrase
ad_00562,2023-07,151.67,191.24,23157,123,1,cruise further in our vest,Built to cruise. Premium vest.,image,9:16,adult,img_vest:Image|vest:Noun|cruise:Verb
ad_00563,2023-07,227.01,681.3,14671,115,1,new 6 shell collection,"Engineered for performance on every terrain. Our shell is designed to help you ride with total confidence, whether you are on a mountain pass or a city commute through changing weather.",image,4:5,sale,img_shell:Image|shell:Noun|ride:Verb|cold weather essentials:Phrase
ad_00564,2023-07,160.34,1019.46,10544,108,2,the shell you need to layer,layer further in our new shell. 🚴,video,4:5,casual,vid_shell:Video|shell:Noun|all day comfort:Phrase
ad_00565,2023-07,246.55,350.54,20011,113,2,explore 19 further in our jacket,Built to explore. Premium jacket.,image,1:1,urban,img_jacket:Image|jacket:Noun|gravel ready:Phrase
ad_00566,2023-07,143.01,264.51,9602,51,1,5 new vest collection,Our vest lets you gear better.,image,4:5,accessories,img_vest:Image|vest:Noun
ad_00567,2023-07,192.62,242.81,21793,76,1,gear further in our shorts,Our shorts lets you gear better. ⛰️,image,4:5,adventure,img_shorts:Image|shorts:Noun|gear:Verb
ad_00568,2023-07,97.65,230.14,14498,79,1,the tights you need to explore,Ride ready. Try our tights today.,image,4:5,sale,img_tights:Image|tights:Noun
ad_00569,2023-07,210.72,497.5,17663,127,2,premium cap built to pedal,Ride ready. Try our cap today.,image,4:5,commute,img_cap:Image|cap:Noun
ad_00570,2023-07,107.57,849.71,16476,159,3,shorts for every layer,10 Our shorts lets you layer better.,video,4:5,sale,vid_shorts:Video|shorts:Noun|trail tested:Phrase
ad_00571,2023-07,237.65,799.75,22332,153,2,premium armwarmers built 7 to gear,"Lightweight and breathable, this armwarmers keeps you comfortable from the first pedal stroke to the last. Designed for riders who gear in all conditions and demand the very best from their gear. ⛰️",image,4:5,road,img_armwarmers:Image|armwarmers:Noun|race day ready:Phrase
ad_00572,2023-07,189.49,491.73,38579,254,3,the jacket you need to race,Built to race. Premium jacket.,image,4:5,road,img_jacket:Image
ad_00573,2023-07,122.81,413.98,23620,172,3,new jacket collection,17 conquer further in our new jacket.,image,4:5,urban,img_jacket:Image|jacket:Noun
ad_00574,2023-07,103.42,465.07,15935,146,4,new kit collection,"Engineered for performance on every terrain. Our kit is designed to help you cruise with total confidence, whether you are on a mountain pass or a city commute through changing weather.",video,1:1,urban,vid_kit:Video|kit:Noun
ad_00575,2023-07,249.94,319.16,23169,72,0,gear further in our cap,"Built for the long haul. Our premium cap combines technical fabrics with a refined fit so you can gear harder and go further, no matter what the forecast brings this season.",image,1:1,adventure,img_cap:Image|cap:Noun
ad_00576,2023-07,149.5,212.49,38831,231,3,armwarmers for every ride,Built to ride. Premium armwarmers.,image,1:1,sale,img_armwarmers:Image|armwarmers:Noun
ad_00577,2023-07,130.32,380.46,22695,166,3,the shorts you need to ride,ride further in our new shorts.,image,4:5,road,img_shorts:Image|shorts:Noun|ride:Verb|cold weather essentials:Phrase
ad_00578,2023-07,321.86,1204.23,26087,180,3,train further 22 in our socks,Ride ready. 9 Try our socks today.,video,4:5,sale,vid_socks:Video|socks:Noun|train:Verb
ad_00579,2023-07,88.92,275.48,9698,84,2,new socks collection,Our socks lets you sprint better.,video,9:16,urban,vid_socks:Video|sprint:Verb|ride in comfort:Phrase
ad_00580,2023-07,107.86,326.82,18521,149,3,sprint further in our cap,"Engineered for performance on every terrain. Our cap is designed to help you sprint with total confidence, whether you are on a mountain pass or a city commute through changing weather.",image,1:1,casual,img_cap:Image|cap:Noun|sprint:Verb|ride in comfort:Phrase
ad_00581,2023-07,170.13,1039.93,10064,106,3,new 17 bibs collection,"Built for the long haul. Our premium bibs combines technical fabrics with a refined fit so you can train harder and go further, no matter what the forecast brings this season. 🚴",video,1:1,commute,vid_bibs:Video|bibs:Noun|gear up for summer:Phrase
ad_00582,2023-07,285.71,1668.38,26903,300,7,descend further in our vest,"Built for the long haul. Our premium vest combines technical fabrics with a refined fit so you can descend harder and go further, no matter what the forecast brings this season.",image,4:5,mountain,img_vest:Image|descend:Verb|cold weather essentials:Phrase
ad_00583,2023-07,110.65,716.13,8842,82,2,28 descend further in our vest,Built to 18 descend. Premium vest.,video,4:5,road,vid_vest:Video|vest:Noun|your spring wardrobe:Phrase
ad_00584,2023-07,100.0,366.42,12646,77,1,jacket for every sprint,"Engineered for performance on every terrain. Our jacket is designed to help you sprint with total confidence, whether you are on a mountain pass or a city commute through changing weather.",image,4:5,accessories,img_jacket:Image|sprint:Verb
ad_00585,2023-07,131.36,442.47,33283,181,2,premium baselayer built to train,25 train further in our new baselayer.,video,4:5,adventure,vid_baselayer:Video|baselayer:Noun
ad_00586,2023-07,132.08,184.21,9713,31,0,conquer further in our wardrobe,14 Built to conquer. Premium wardrobe. 🏔️,image,1:1,adventure,img_wardrobe:Image|wardrobe:Noun|conquer:Verb|race day ready:Phrase
ad_00587,2023-07,159.5,1464.42,7679,100,3,shred further in our cap,"Built for the long haul. Our premium cap combines technical fabrics with a refined fit so you can shred harder and go further, no matter what the forecast brings this season. 🏔️",video,1:1,mountain,vid_cap:Video|cap:Noun
ad_00588,2023-07,115.67,311.98,17201,146,2,gloves for every layer,Our gloves lets you layer better.,image,4:5,casual,img_gloves:Image|gloves:Noun|layer:Verb|your spring wardrobe:Phrase
ad_00589,2023-07,94.46,498.89,10211,76,1,premium vest built to descend,"Engineered for performance 9 on every terrain. Our vest is designed to help you descend with total confidence, whether you are on a mountain pass or a city commute through changing weather. 🏔️",image,4:5,road,img_vest:Image|vest:Noun|descend:Verb
ad_00590,2023-07,558.97,739.02,15521,47,0,premium baselayer built 19 to train,Our baselayer lets you train better. 🚴,image,4:5,adventure,img_baselayer:Image|baselayer:Noun|train:Verb|race day ready:Phrase
ad_00591,2023-07,173.6,673.36,16319,180,5,new 28 baselayer collection,"Lightweight and breathable, this baselayer keeps you comfortable from the first pedal stroke to the last. Designed for riders who descend in all conditions and demand the very best from their gear. ☀️",image,4:5,mountain,img_baselayer:Image|baselayer:Noun|trail tested:Phrase
ad_00592,2023-07,136.42,731.87,6322,54,1,kit for every gear,Our kit lets you gear better.,video,4:5,commute,vid_kit:Video|kit:Noun
ad_00593,2023-07,102.09,256.41,12974,93,2,the gloves you need to climb,climb further in our new gloves.,video,9:16,casual,vid_gloves:Video
ad_00594,2023-07,153.76,679.1,20865,190,3,climb further in 22 our shorts,Ride 5 ready. Try our shorts today. 🌧️,image,4:5,road,img_shorts:Image|shorts:Noun|gear up for summer:Phrase
ad_00595,2023-07,132.22,567.41,36446,292,6,the tights you need to descend,"Engineered for performance on every terrain. Our tights is designed to help you descend with total confidence, whether you are on a mountain pass or a city commute through changing weather.",video,1:1,sale,vid_tights:Video|tights:Noun
ad_00596,2023-07,252.57,360.67,21991,170,3,conquer further 23 in our kit,Built to conquer. Premium kit.,image,1:1,mountain,img_kit:Image|kit:Noun
ad_00597,2023-07,217.96,973.96,13673,159,3,the baselayer you need to descend,"Lightweight and breathable, this baselayer keeps you comfortable from the first pedal stroke to the last. Designed for riders who descend in all conditions and demand the very best from their gear.",image,4:5,mountain,img_baselayer:Image|baselayer:Noun|descend:Verb
ad_00598,2023-07,257.55,912.53,8642,121,3,premium bibs 21 built to cruise,Our bibs lets you cruise better. ⛰️,video,1:1,mountain,vid_bibs:Video|bibs:Noun
ad_00599,2023-07,98.19,155.6,15165,111,1,jersey for every push,18 Ride ready. Try our jersey today.,image,9:16,gravel,img_jersey:Image
ad_00600,2023-07,118.38,231.83,36042,256,5,new gloves collection,explore further in our new gloves.,image,1:1,accessories,img_gloves:Image|gloves:Noun|explore:Verb|lightweight layers:Phrase
ad_00601,2023-07,217.4,279.01,8454,27,0,premium shell built 13 to race,"Built for the long haul. Our premium shell combines technical fabrics with a refined fit so you can race harder and go further, no matter what the forecast brings this season.",video,9:16,adventure,vid_shell:Video|shell:Noun
ad_00602,2023-07,218.45,464.35,15914,115,1,9 pedal further in our shell,Built to pedal. Premium shell.,image,4:5,road,img_shell:Image|shell:Noun|pedal:Verb|ride in comfort:Phrase
ad_00603,2023-07,179.81,483.27,18909,158,3,new gloves collection,Ride ready. Try our gloves today. 🏔️,video,9:16,commute,vid_gloves:Video|gloves:Noun|cruise:Verb
ad_00604,2023-07,209.27,187.98,19807,54,0,12 the bibs you need to descend,Built to descend. Premium bibs.,image,4:5,adventure,img_bibs:Image|bibs:Noun|descend:Verb
ad_00605,2023-07,279.45,370.46,11094,57,1,jacket for every race,race further in our new jacket.,image,1:1,sale,img_jacket:Image|jacket:Noun
ad_00606,2023-07,75.82,103.63,8832,30,0,shorts 23 for every cruise,cruise further in our new shorts. ⛰️,image,4:5,adventure,img_shorts:Image|built to last:Phrase
ad_00607,2023-07,442.5,1782.96,18420,131,2,gear further in our socks,Ride ready. Try 9 our socks today. 💪,image,1:1,casual,img_socks:Image|socks:Noun|adventure awaits:Phrase
ad_00608,2023-07,180.79,1115.83,18614,213,5,premium baselayer built to shred,"Lightweight and breathable, this baselayer keeps you comfortable from the first pedal stroke to the last. Designed for riders who shred in all conditions and demand the very best from their gear.",video,4:5,gravel,vid_baselayer:Video|baselayer:Noun|shred:Verb|race day ready:Phrase
ad_00609,2023-07,86.08,348.76,13549,112,2,climb further in our cap,"Built for the long haul. Our premium cap combines technical fabrics with a refined fit so you can climb harder and go further, no matter what the forecast brings this season.",video,9:16,road,vid_cap:Video|cap:Noun|climb:Verb|built to last:Phrase
ad_00610,2023-07,155.24,804.85,21870,254,6,the kit you need 3 to conquer,conquer further 13 in our new kit.,video,1:1,mountain,vid_kit:Video|kit:Noun
ad_00611,2023-07,159.31,173.57,11631,65,1,new 29 jacket collection,ride further in our new jacket.,image,1:1,accessories,img_jacket:Image|ride:Verb
ad_00612,2023-07,181.78,415.52,15290,108,2,explore further 12 in our socks,Ride ready. Try our socks today. ☀️,video,1:1,commute,vid_socks:Video|socks:Noun|explore:Verb
ad_00613,2023-07,260.83,1003.41,16065,132,2,gear further in 18 our baselayer,"Lightweight and breathable, this baselayer keeps you comfortable from the first pedal stroke to the last. Designed for riders who gear in all conditions and demand the very best from their gear. 💪",image,4:5,sale,img_baselayer:Image|gear:Verb|gear up for summer:Phrase
ad_00614,2023-07,83.48,107.94,20512,108,2,tights for 29 every push,"Lightweight and breathable, this tights keeps you comfortable from the first pedal stroke to the last. Designed for riders who push in all conditions and demand the very best from their gear.",image,1:1,accessories,img_tights:Image|tights:Noun
ad_00615,2023-07,357.16,1528.06,7670,91,2,shred further in our bibs,"Built for the long haul. Our premium bibs combines technical fabrics with a refined fit so you can shred harder and go further, no matter what the forecast brings this season. ⛰️",image,9:16,mountain,img_bibs:Image
ad_00616,2023-07,189.65,1156.99,9105,74,2,the wardrobe you need to race,Ride ready. Try our wardrobe today.,video,4:5,road,vid_wardrobe:Video|wardrobe:Noun|race day ready:Phrase
ad_00617,2023-07,277.05,384.39,33939,190,2,socks 29 for every push,push further in our new socks.,image,4:5,commute,img_socks:Image|socks:Noun|push:Verb
ad_00618,2023-07,232.64,331.7,21390,135,2,ride further in our socks,Our socks lets you ride better.,image,1:1,urban,img_socks:Image|socks:Noun
ad_00619,2023-07,222.09,510.49,11326,57,1,new cap collection,"Built for the long haul. Our premium cap combines technical fabrics with a refined fit so you can climb harder and go further, no matter what the forecast brings this season.",image,4:5,adventure,img_cap:Image|cap:Noun|climb:Verb|lightweight layers:Phrase
ad_00620,2023-07,212.69,696.04,12596,127,3,new 18 cap collection,Built to 19 ride. Premium cap. 🏔️,image,1:1,mountain,img_cap:Image|adventure awaits:Phrase
ad_00621,2023-07,415.88,426.47,44032,136,1,pedal 21 further in our baselayer,pedal further in our new baselayer.,video,9:16,adventure,vid_baselayer:Video|pedal:Verb|all day comfort:Phrase
ad_00622,2023-07,619.25,703.49,11344,60,1,explore further 12 in our wardrobe,Ride ready. Try our wardrobe today.,image,1:1,sale,img_wardrobe:Image
ad_00623,2023-07,82.75,642.6,7881,133,4,new socks collection,"Engineered for performance on every terrain. Our socks is designed to help you race with total confidence, whether you are on a mountain pass or a city commute through changing weather. 🔥",video,9:16,mountain,vid_socks:Video|socks:Noun|lightweight layers:Phrase
ad_00624,2023-07,63.64,86.92,7408,45,1,new shell collection,train further in our new shell.,image,9:16,casual,img_shell:Image|shell:Noun|all day comfort:Phrase
ad_00625,2023-07,329.23,365.66,42640,282,3,premium cap 22 built to gear,Our cap lets you gear better.,image,1:1,commute,img_cap:Image|cap:Noun|race day ready:Phrase
ad_00626,2023-07,67.44,193.76,6841,56,1,new 18 wardrobe collection,"Engineered for performance on every terrain. Our wardrobe is designed to help you push 15 with total confidence, whether you are on a mountain pass or a city commute through changing weather.",image,1:1,commute,img_wardrobe:Image|push:Verb|built to last:Phrase
ad_00627,2023-07,173.67,548.13,14915,104,2,gear further in our shell,"Lightweight and breathable, this shell keeps you comfortable from the first pedal stroke to the last. Designed for riders who gear in all conditions and demand the very best from their gear.",image,4:5,road,img_shell:Image|gear:Verb
ad_00628,2023-07,419.25,1165.93,20651,137,2,shorts for 26 every descend,"Built for the long haul. Our premium shorts combines technical fabrics with a refined fit so you can descend harder and go further, no matter what the forecast brings this season.",video,1:1,road,vid_shorts:Video|shorts:Noun|descend:Verb|gravel ready:Phrase
ad_00629,2023-07,179.01,278.05,16151,89,1,premium bibs built to pedal,"Built for the long haul. Our premium bibs combines technical fabrics with a refined fit so you can pedal harder and go further, no matter what the forecast brings this season.",image,9:16,commute,img_bibs:Image|bibs:Noun|pedal:Verb
ad_00630,2023-07,152.73,1093.06,5250,55,1,new jacket collection,Ride ready. Try our jacket today.,video,4:5,accessories,vid_jacket:Video|jacket:Noun|race day ready:Phrase
ad_00631,2023-07,313.69,933.2,29601,329,8,tights for every conquer,Our tights lets you conquer better.,image,1:1,mountain,img_tights:Image|cold weather essentials:Phrase
ad_00632,2023-07,338.14,957.5,10541,68,1,descend further in 13 our shell,"Lightweight and breathable, this shell keeps you comfortable from the first pedal stroke to the last. Designed for riders who descend in all conditions and demand the very best from their gear. 🌧️",image,4:5,accessories,img_shell:Image|shell:Noun
ad_00633,2023-07,504.32,4642.11,23925,303,8,the shorts you need to cruise,"Lightweight and breathable, this shorts keeps you comfortable from the first pedal stroke to the last. Designed for riders who cruise in all conditions and demand the very best from their gear.",video,4:5,gravel,vid_shorts:Video|shorts:Noun|adventure awaits:Phrase
ad_00634,2023-07,182.85,330.09,14390,89,2,premium shorts 3 built to explore,explore further in our new shorts.,video,1:1,commute,vid_shorts:Video|shorts:Noun|explore:Verb
ad_00635,2023-07,123.66,189.83,14774,92,1,the shorts you need to explore,explore further in our new shorts.,image,1:1,road,img_shorts:Image
ad_00636,2023-07,123.07,235.67,13296,90,1,the jacket you need 6 to race,race further in our new jacket. ❄️,video,9:16,accessories,vid_jacket:Video|jacket:Noun|race:Verb
ad_00637,2023-07,158.1,734.58,54424,459,7,cruise further in our socks,Built 11 to cruise. Premium socks. 🏔️,video,1:1,gravel,vid_socks:Video|socks:Noun
ad_00638,2023-07,252.22,319.37,26032,150,2,gloves 26 for every conquer,conquer further in our new gloves.,image,1:1,casual,img_gloves:Image|gloves:Noun|conquer:Verb|built to last:Phrase
ad_00639,2023-07,125.74,260.16,28149,184,3,the vest 24 you need to race,"Engineered for performance 6 on every terrain. Our vest is designed to help you race with total confidence, whether you are on a mountain pass or a city commute through changing weather.",image,1:1,casual,img_vest:Image|vest:Noun|race:Verb
ad_00640,2023-07,286.1,799.46,15733,141,2,descend further in 12 our bibs,Ride ready. Try our bibs today.,image,4:5,commute,img_bibs:Image|ride in comfort:Phrase
ad_00641,2023-07,409.81,154.22,13173,32,0,new 14 baselayer collection,race further in our new baselayer.,image,9:16,adventure,img_baselayer:Image|race:Verb
ad_00642,2023-07,453.74,1413.98,13403,65,1,jersey for 8 every ride,15 Our jersey lets you ride better.,image,4:5,sale,img_jersey:Image|trail tested:Phrase
ad_00643,2023-07,249.81,357.43,12141,81,1,25 layer further in our baselayer,24 Built to layer. Premium baselayer.,image,9:16,urban,img_baselayer:Image|baselayer:Noun|layer:Verb|cold weather essentials:Phrase
ad_00644,2023-07,39.13,60.52,31798,185,2,premium baselayer built to shred,Ride ready. Try our baselayer today.,image,1:1,adult,img_baselayer:Image|baselayer:Noun
ad_00645,2023-07,184.8,719.62,8183,64,1,premium socks built to push,Ride ready. Try our socks today.,video,4:5,urban,vid_socks:Video|socks:Noun|push:Verb
ad_00646,2023-07,135.48,304.98,19799,88,1,25 sprint further in our gloves,"Lightweight and breathable, this gloves keeps you comfortable from the first pedal stroke to the 6 last. Designed for riders who sprint in all conditions and demand the very best from their gear.",video,1:1,adventure,vid_gloves:Video|gloves:Noun
ad_00647,2023-07,133.82,723.46,26753,318,9,jersey for every conquer,"Engineered for performance on every terrain. Our jersey is designed to help you conquer with total confidence, whether you are on a mountain pass or a city commute through changing weather.",video,9:16,mountain,vid_jersey:Video|jersey:Noun
ad_00648,2023-07,207.47,487.65,8683,42,0,push further in our tights,Built to push. Premium tights.,video,4:5,adventure,vid_tights:Video
ad_00649,2023-07,113.0,439.06,9051,85,2,new cap collection,climb further in our new cap.,video,4:5,road,vid_cap:Video|cap:Noun|climb:Verb
ad_00650,2023-07,341.67,636.57,9150,58,1,premium jersey built to train,"Engineered for performance on every terrain. Our jersey is designed to help you train with total confidence, whether you are on a mountain pass or a city commute through changing weather.",image,1:1,casual,img_jersey:Image|jersey:Noun|train:Verb
ad_00651,2023-07,268.72,383.76,17736,111,1,wardrobe for every ride,Built to ride. Premium wardrobe.,image,1:1,sale,img_wardrobe:Image
ad_00652,2023-07,244.74,332.69,12523,65,1,28 the wardrobe you need to descend,Built to descend. Premium wardrobe.,image,9:16,gravel,img_wardrobe:Image|wardrobe:Noun|built to last:Phrase
ad_00653,2023-07,113.69,898.4,17375,261,7,gloves 13 for every layer,"Engineered for performance on every terrain. Our gloves is designed to help you layer with total confidence, whether you are on a mountain pass or a city commute through changing weather. 🌧️",video,4:5,mountain,vid_gloves:Video|gloves:Noun|layer:Verb|trail tested:Phrase
ad_00654,2023-07,82.59,202.53,16507,104,1,climb further in our wardrobe,"Built for the long haul. Our premium wardrobe combines technical fabrics with a refined 12 fit so you can climb harder and go further, no matter what the forecast brings this season.",image,9:16,adult,img_wardrobe:Image|wardrobe:Noun
ad_00655,2023-07,230.91,1269.43,32015,360,7,premium bibs 18 built to sprint,9 Built to sprint. Premium bibs.,video,4:5,casual,vid_bibs:Video|bibs:Noun|sprint:Verb|lightweight layers:Phrase
ad_00656,2023-07,232.98,1023.37,17415,162,4,train further in 14 our jersey,Ride ready. Try our jersey today.,video,4:5,casual,vid_jersey:Video|jersey:Noun|lightweight layers:Phrase
ad_00657,2023-07,138.76,611.0,22343,230,5,socks for every sprint,sprint further in our new socks.,video,1:1,mountain,vid_socks:Video|sprint:Verb|trail tested:Phrase
ad_00658,2023-07,58.51,551.46,7341,125,5,new gloves collection,Ride ready. Try our 19 gloves today.,video,1:1,mountain,vid_gloves:Video|ride in comfort:Phrase
ad_00659,2023-07,295.76,745.69,8831,64,1,premium socks built to climb,Our socks lets you climb better.,image,4:5,gravel,img_socks:Image|socks:Noun
ad_00660,2023-07,451.91,3094.82,18308,167,4,premium gloves built to train,"Engineered for performance on every terrain. Our gloves is designed to help you train with total confidence, whether you are on a mountain pass or a city commute through changing weather. 💪",video,1:1,accessories,vid_gloves:Video|train:Verb|built to last:Phrase
ad_00661,2023-07,136.64,264.0,9875,68,1,26 jersey for every conquer,Ride ready. Try our jersey today. ❄️,image,1:1,gravel,img_jersey:Image|built to last:Phrase
ad_00662,2023-07,116.08,411.71,11359,80,1,shorts for every gear,"Built for the long haul. Our premium shorts combines technical fabrics with a refined fit so you can gear harder and go further, no matter what the forecast brings this season. 💪",image,4:5,gravel,img_shorts:Image|shorts:Noun|gear:Verb
ad_00663,2023-07,263.11,361.3,14478,82,1,the vest you need to descend,Our vest lets you descend better.,image,9:16,commute,img_vest:Image|vest:Noun
ad_00664,2023-07,238.52,337.23,11127,54,1,sprint further in our baselayer,sprint further in our new baselayer.,image,1:1,adult,img_baselayer:Image|baselayer:Noun
ad_00665,2023-07,97.08,47.45,27982,74,0,the shell you 13 need to explore,Built to explore. Premium shell. ☀️,image,9:16,adventure,img_shell:Image|shell:Noun|explore:Verb
ad_00666,2023-07,88.71,670.81,29011,273,6,conquer further in our bibs,"Lightweight and breathable, this bibs keeps you comfortable from the first pedal stroke to the last. Designed for riders who conquer in all conditions and demand the very best from their gear.",video,4:5,road,vid_bibs:Video|bibs:Noun|trail tested:Phrase
ad_00667,2023-07,117.92,210.21,16363,79,1,pedal further in our vest,pedal 27 further in our new vest.,image,1:1,adventure,img_vest:Image|vest:Noun|gear up for summer:Phrase
ad_00668,2023-07,244.55,397.12,37908,363,6,gear further in our baselayer,gear further in our new baselayer.,image,9:16,accessories,img_baselayer:Image|gear:Verb|gear up for summer:Phrase
ad_00669,2023-07,103.64,253.89,8006,63,1,premium cap built to pedal,"Engineered for performance on every terrain. Our cap is designed to help you pedal with total confidence, whether you are on a mountain pass or a city commute through changing weather.",image,1:1,gravel,img_cap:Image|cap:Noun|race day ready:Phrase
ad_00670,2023-07,401.05,507.78,63630,388,4,race further in our tights,Built to race. Premium tights.,image,1:1,casual,img_tights:Image|tights:Noun|race:Verb
ad_00671,2023-07,110.74,209.46,13081,70,1,premium cap built to race,Built to race. 19 Premium cap.,image,9:16,adult,img_cap:Image|cap:Noun
ad_00672,2023-07,119.97,327.31,20289,160,2,premium wardrobe built to pedal,Our wardrobe 7 lets you pedal better.,image,1:1,casual,img_wardrobe:Image|wardrobe:Noun|all day comfort:Phrase
ad_00673,2023-07,216.53,756.25,13837,118,2,descend further in our kit,Built to descend. Premium kit.,video,1:1,adult,vid_kit:Video|kit:Noun|descend:Verb|cold weather essentials:Phrase
ad_00674,2023-07,393.85,227.12,6710,20,0,baselayer 11 for every push,Built to push. Premium baselayer.,image,1:1,adventure,img_baselayer:Image
ad_00675,2023-07,79.12,289.74,25466,234,4,the jersey you need to descend,Ride ready. Try our jersey today.,video,1:1,urban,vid_jersey:Video
ad_00676,2023-07,206.51,262.64,20660,71,1,socks 2 for every gear,Ride ready. Try our socks today.,video,1:1,adventure,vid_socks:Video|socks:Noun|gear:Verb|gravel ready:Phrase
ad_00677,2023-07,318.01,556.93,6782,26,0,shred further in our jersey,Built to shred. Premium jersey.,video,1:1,adventure,vid_jersey:Video|jersey:Noun
ad_00678,2023-07,88.56,175.37,18410,115,2,vest for every sprint,Ride ready. Try our vest today.,image,1:1,sale,img_vest:Image|vest:Noun|adventure awaits:Phrase
ad_00679,2023-07,118.21,163.94,14299,83,1,descend further in our kit,Our kit lets you descend better.,image,9:16,accessories,img_kit:Image|kit:Noun
ad_00680,2023-07,300.59,1326.57,9253,103,3,ride further in our shorts,"Lightweight and breathable, this shorts keeps you comfortable from the first pedal stroke to the last. Designed for riders who ride in all conditions and demand the very best from their gear. 💪",image,4:5,mountain,img_shorts:Image|shorts:Noun|ride:Verb
ad_00681,2023-07,123.81,197.03,36431,229,3,7 push further in our jersey,Our jersey lets you push better.,video,9:16,adult,vid_jersey:Video|jersey:Noun
ad_00682,2023-07,137.97,610.14,9353,115,3,the baselayer you need to pedal,pedal further in our new baselayer.,video,1:1,mountain,vid_baselayer:Video|baselayer:Noun
ad_00683,2023-07,200.08,263.51,10526,41,0,new baselayer collection,Built to cruise. 23 Premium baselayer. 🌧️,image,9:16,adventure,img_baselayer:Image|cruise:Verb|adventure awaits:Phrase
ad_00684,2023-07,50.0,110.17,26937,185,3,vest for every climb,"Engineered for performance on every terrain. Our vest is designed to help you climb with total confidence, whether you are on a mountain pass or a city commute through changing weather.",image,1:1,road,img_vest:Image|vest:Noun|climb:Verb|lightweight layers:Phrase
ad_00685,2023-07,97.17,85.72,15643,43,0,baselayer for every gear,Built 11 to gear. Premium baselayer.,image,9:16,adventure,img_baselayer:Image|baselayer:Noun|gear:Verb
ad_00686,2023-07,172.41,178.01,11995,61,1,vest for every layer,Ride ready. Try our vest today.,image,9:16,road,img_vest:Image|layer:Verb
ad_00687,2023-07,403.05,1989.3,13319,99,2,premium shorts built to layer,Built to layer. Premium shorts. ⛰️,video,4:5,road,vid_shorts:Video|shorts:Noun|layer:Verb
ad_00688,2023-07,193.0,746.46,12514,132,3,the cap you need to explore,Built to explore. Premium cap.,video,9:16,mountain,vid_cap:Video
ad_00689,2023-07,713.95,4015.7,13630,108,2,push 26 further in our vest,Our 15 vest lets you push better.,video,4:5,commute,vid_vest:Video|vest:Noun
ad_00690,2023-07,98.97,319.9,11365,93,2,premium socks built to sprint,Our socks lets you sprint better.,image,4:5,road,img_socks:Image|sprint:Verb|ride in comfort:Phrase
ad_00691,2023-07,90.55,189.61,17594,88,1,premium cap built to conquer,"Built for the long haul. Our premium cap combines technical fabrics with a refined fit so you can conquer harder and go further, no matter what the forecast brings this season.",image,1:1,gravel,img_cap:Image|conquer:Verb
ad_00692,2023-07,251.7,1009.82,15304,127,2,socks for every race,2 Built to race. Premium socks. 🌧️,video,1:1,sale,vid_socks:Video|socks:Noun|race:Verb
ad_00693,2023-07,137.08,220.46,20088,115,1,premium gloves built to race,"Built for the long haul. Our premium gloves combines technical fabrics with a refined fit so you can race harder and go further, no matter what the forecast brings this season. 🚴",image,9:16,adult,img_gloves:Image|gloves:Noun|race:Verb
ad_00694,2023-07,303.04,382.56,14653,78,1,climb further in our armwarmers,Ride ready. Try our armwarmers today.,image,9:16,road,img_armwarmers:Image|armwarmers:Noun
ad_00695,2023-07,403.7,484.86,15504,83,1,climb further in our armwarmers,Our armwarmers lets you climb better. ❄️,image,9:16,gravel,img_armwarmers:Image|armwarmers:Noun|climb:Verb
ad_00696,2023-07,206.61,1123.1,20519,214,6,11 premium jersey built to explore,Ride ready. Try our jersey today.,video,4:5,mountain,vid_jersey:Video|jersey:Noun|explore:Verb
ad_00697,2023-07,317.58,416.77,10396,69,1,bibs for every cruise,Built to cruise. Premium bibs. ❄️,image,9:16,commute,img_bibs:Image|cruise:Verb|race day ready:Phrase
ad_00698,2023-07,214.77,1845.24,9015,124,3,the bibs you need to cruise,Our bibs lets you cruise better. 🌧️,video,4:5,mountain,vid_bibs:Video|bibs:Noun
ad_00699,2023-07,58.24,63.29,17596,83,1,shred further 25 in our jacket,Our jacket lets you shred better.,image,1:1,gravel,img_jacket:Image|jacket:Noun
ad_00700,2023-07,59.49,174.83,12124,74,1,the jersey you need to train,Our jersey lets you train better.,image,4:5,accessories,img_jersey:Image|jersey:Noun|train:Verb
ad_00701,2023-07,210.81,367.19,10367,68,1,18 bibs for every climb,Ride ready. Try our bibs today. 🚴,image,1:1,casual,img_bibs:Image|bibs:Noun|climb:Verb|lightweight layers:Phrase
ad_00702,2023-07,218.21,520.38,10588,59,1,the shorts you need to conquer,18 conquer further in our new shorts.,image,1:1,urban,img_shorts:Image|conquer:Verb
ad_00703,2023-07,294.08,1575.33,12982,135,3,the gloves you need to push,3 Ride ready. Try our gloves today.,video,1:1,road,vid_gloves:Video|gloves:Noun|push:Verb|cold weather essentials:Phrase
ad_00704,2023-07,86.94,345.9,27878,249,5,the bibs you 4 need to shred,"Engineered for 20 performance on every terrain. Our bibs is designed to help you shred with total confidence, whether you are on a mountain pass or a city commute through changing weather.",video,9:16,casual,vid_bibs:Video|cold weather essentials:Phrase
ad_00705,2023-07,326.7,730.81,10960,67,1,premium baselayer built to shred,Built to shred. Premium baselayer.,video,9:16,commute,vid_baselayer:Video|shred:Verb
ad_00706,2023-07,105.69,507.56,10307,93,1,15 the tights you need to push,Built 19 to push. Premium tights. ⛰️,image,4:5,accessories,img_tights:Image|tights:Noun|push:Verb|lightweight layers:Phrase
ad_00707,2023-07,223.7,347.91,26702,196,3,premium wardrobe built to gear,Ride ready. Try our wardrobe today.,image,9:16,sale,img_wardrobe:Image|wardrobe:Noun|gear up for summer:Phrase
ad_00708,2023-07,145.56,718.29,23330,232,6,the wardrobe you need to climb,Ride ready. Try our wardrobe today.,video,4:5,urban,vid_wardrobe:Video
ad_00709,2023-07,384.72,671.95,16494,103,1,tights for every climb,"Built for the long haul. Our premium tights combines technical fabrics with a refined fit so you can climb harder and go further, no matter what the forecast brings this season.",image,9:16,commute,img_tights:Image|tights:Noun|climb:Verb
ad_00710,2023-07,345.32,2792.05,23192,205,4,new socks collection,"Built for the long haul. Our premium socks combines technical fabrics with a refined fit so you can descend harder and go further, no matter 5 what the forecast brings this season.",video,4:5,road,vid_socks:Video|socks:Noun|descend:Verb
ad_00711,2023-07,203.45,630.92,21469,210,4,the jersey you need to cruise,Our jersey lets you cruise better.,video,1:1,commute,vid_jersey:Video|jersey:Noun
ad_00712,2023-07,61.49,169.2,9674,68,1,the cap you need to explore,Our cap lets you explore better.,video,9:16,accessories,vid_cap:Video|cap:Noun
ad_00713,2023-07,456.08,851.8,14587,73,1,kit for every explore,"Built for the long haul. Our premium kit combines technical fabrics with a refined fit so you can explore harder and go further, no matter what the forecast brings this season.",image,1:1,adult,img_kit:Image|kit:Noun|explore:Verb
ad_00714,2023-07,105.31,233.62,13166,47,0,the socks you need 26 to explore,Ride ready. Try our socks today. ❄️,video,4:5,adventure,vid_socks:Video
ad_00715,2023-07,168.89,359.31,8027,58,1,explore further in our armwarmers,Our armwarmers lets you explore better.,image,1:1,accessories,img_armwarmers:Image|cold weather essentials:Phrase
ad_00716,2023-07,80.75,139.01,33493,208,2,premium cap built to cruise,"Built for the long haul. Our premium cap combines technical fabrics with a refined fit so you can cruise harder and go further, no matter what the forecast brings this season.",image,1:1,sale,img_cap:Image|cap:Noun|cruise:Verb
ad_00717,2023-07,240.58,140.06,21433,66,0,premium 22 vest built to layer,Ride ready. Try our vest today.,image,9:16,adventure,img_vest:Image|built to last:Phrase
ad_00718,2023-07,258.6,1122.59,31141,344,8,new cap collection,"Built for the long haul. Our premium cap combines technical fabrics 6 with a refined fit so you can train harder and go further, no matter what the forecast brings this season.",image,1:1,mountain,img_cap:Image|cap:Noun
ad_00719,2023-07,94.81,109.62,9405,56,1,premium bibs built to push,Our bibs lets you push better.,image,1:1,adult,img_bibs:Image|bibs:Noun|push:Verb
ad_00720,2023-07,115.27,347.89,17387,131,2,new wardrobe collection,"Lightweight and breathable, this wardrobe keeps you comfortable from the first pedal stroke to the last. Designed for riders who pedal in all conditions and demand the very best from their gear.",image,4:5,road,img_wardrobe:Image|pedal:Verb|trail tested:Phrase
ad_00721,2023-07,183.6,378.44,17621,113,2,new cap collection,"Lightweight and breathable, this cap keeps you comfortable from the first pedal stroke to the last. Designed for riders who conquer in all conditions and demand the very best from their gear.",image,1:1,accessories,img_cap:Image|cap:Noun
ad_00722,2023-07,46.71,403.34,25988,305,7,14 shred further in our jacket,shred further in 12 our new jacket.,video,4:5,urban,vid_jacket:Video|jacket:Noun|your spring wardrobe:Phrase
ad_00723,2023-07,57.81,137.89,24467,166,2,gloves for every train,Ride ready. Try our gloves today.,video,9:16,commute,vid_gloves:Video|gloves:Noun|train:Verb
ad_00724,2023-07,193.86,1469.23,15049,230,6,push further in our baselayer,Built to push. 20 Premium baselayer. 🌧️,video,9:16,mountain,vid_baselayer:Video|trail tested:Phrase
ad_00725,2023-07,384.81,771.96,20584,149,2,explore further in our shorts,Ride ready. Try our shorts today.,image,4:5,casual,img_shorts:Image|shorts:Noun
ad_00726,2023-07,243.33,122.11,18289,50,0,the armwarmers you need 22 to gear,Ride ready. Try our armwarmers today.,image,1:1,adventure,img_armwarmers:Image|armwarmers:Noun|gear:Verb
ad_00727,2023-07,138.14,667.86,17799,118,2,premium wardrobe built to descend,Ride ready. Try our wardrobe today. 🌧️,video,4:5,road,vid_wardrobe:Video|descend:Verb
ad_00728,2023-07,166.03,251.52,20225,102,1,premium shorts built 8 to cruise,Ride ready. Try 20 our shorts today.,image,1:1,gravel,img_shorts:Image|shorts:Noun|cruise:Verb|race day ready:Phrase
ad_00729,2023-07,58.88,173.46,17962,180,5,the jersey you need to descend,Built to descend. Premium jersey.,image,1:1,mountain,img_jersey:Image|jersey:Noun|lightweight layers:Phrase
ad_00730,2023-07,291.22,625.32,15501,70,1,pedal further in our shell,"Engineered for performance on every terrain. Our shell is designed to help you pedal with total confidence, whether you are on a mountain pass or a city commute through changing weather.",image,4:5,adventure,img_shell:Image|shell:Noun|pedal:Verb|your spring wardrobe:Phrase
ad_00731,2023-07,142.96,715.64,18105,186,4,wardrobe for every pedal,Our wardrobe lets you pedal better.,video,4:5,accessories,vid_wardrobe:Video|wardrobe:Noun
ad_00732,2023-07,84.81,131.89,31650,209,2,the shorts you need to shred,Our shorts lets you shred better.,image,1:1,commute,img_shorts:Image|shorts:Noun|shred:Verb
ad_00733,2023-07,184.81,321.3,21178,137,2,the 14 shorts you need to train,train further in our new shorts.,video,1:1,sale,vid_shorts:Video|shorts:Noun|train:Verb
ad_00734,2023-07,123.87,644.32,24741,285,5,new bibs collection,pedal further in our new bibs.,video,4:5,accessories,vid_bibs:Video
ad_00735,2023-07,140.48,725.5,17372,190,4,new baselayer collection,Ride ready. Try our 24 baselayer today.,video,1:1,commute,vid_baselayer:Video|baselayer:Noun|push:Verb|new arrivals:Phrase
ad_00736,2023-07,274.71,1177.42,43806,323,5,the bibs you need to layer,"Built for the long haul. Our premium bibs combines technical fabrics with a refined fit so you can layer harder and go further, no matter what the forecast brings this season. 🔥",image,4:5,urban,img_bibs:Image|bibs:Noun|layer:Verb
ad_00737,2023-07,97.67,505.73,5066,51,1,premium jacket 15 built to gear,"Engineered for performance on every terrain. Our jacket is designed to help you gear with total confidence, whether you are on a mountain pass or a city commute through changing weather. 🌧️",video,4:5,gravel,vid_jacket:Video|jacket:Noun
ad_00738,2023-07,64.92,55.92,23799,136,1,climb further in 13 our shorts,Ride ready. Try our shorts today.,image,9:16,accessories,img_shorts:Image|shorts:Noun|climb:Verb
ad_00739,2023-07,129.16,830.54,15912,186,5,2 premium kit built to descend,Built to descend. Premium kit. 🚴,video,4:5,mountain,vid_kit:Video|kit:Noun|race day ready:Phrase
ad_00740,2023-07,101.1,333.22,13356,109,1,race further in our shell,Built to 19 race. Premium shell.,video,9:16,sale,vid_shell:Video|shell:Noun|race:Verb
ad_00741,2023-07,247.27,518.89,12223,89,1,premium cap built to ride,ride further in our new cap. 🔥,image,4:5,road,img_cap:Image|ride:Verb
ad_00742,2023-07,116.14,546.34,7159,78,1,new bibs collection,Our bibs 15 lets you explore better.,video,1:1,casual,vid_bibs:Video|bibs:Noun|explore:Verb|trail tested:Phrase
ad_00743,2023-07,59.93,286.66,14804,202,5,the shorts you need to sprint,Ride ready. Try our 28 shorts today. 🏔️,image,1:1,mountain,img_shorts:Image|shorts:Noun|sprint:Verb|ride in comfort:Phrase
ad_00744,2023-07,209.22,177.02,18860,96,1,premium armwarmers built 10 to sprint,Built to sprint. Premium armwarmers.,image,9:16,commute,img_armwarmers:Image|armwarmers:Noun|sprint:Verb
ad_00745,2023-07,640.72,2968.63,16652,190,6,new socks collection,Ride ready. Try our socks today.,video,1:1,mountain,vid_socks:Video
ad_00746,2023-07,144.87,165.75,7979,45,1,premium 7 tights built to cruise,cruise further in our new tights. 🌧️,image,1:1,commute,img_tights:Image|tights:Noun|cruise:Verb
ad_00747,2023-07,495.51,2824.08,10668,101,3,the tights 12 you need to cruise,Our tights lets you cruise better. 🚴,video,4:5,mountain,vid_tights:Video|cruise:Verb
ad_00748,2023-07,167.32,640.58,21820,175,3,tights for every pedal,"Lightweight and breathable, this tights keeps you comfortable from the first pedal stroke to the last. Designed for riders who pedal in all conditions and demand the very best from their gear.",image,4:5,adult,img_tights:Image|tights:Noun|adventure awaits:Phrase
ad_00749,2023-07,83.43,169.64,16823,95,1,premium 7 kit built to shred,Ride ready. Try our kit today. 💪,image,4:5,urban,img_kit:Image|kit:Noun|shred:Verb
ad_00750,2023-07,214.68,554.15,10923,83,1,cap for every race,Ride ready. Try 21 our cap today.,image,9:16,accessories,img_cap:Image|race:Verb|ride in comfort:Phrase
ad_00751,2023-07,90.32,79.99,19088,110,1,ride further in 17 our tights,Our tights lets you ride better.,image,1:1,accessories,img_tights:Image|ride:Verb
ad_00752,2023-07,230.82,662.23,37391,307,6,sprint further in our cap,Our cap lets you sprint better.,image,4:5,casual,img_cap:Image|cap:Noun|trail tested:Phrase
ad_00753,2023-07,248.03,546.86,9936,80,1,the jacket you need to cruise,cruise further in our new jacket.,video,1:1,adult,vid_jacket:Video|jacket:Noun|cruise:Verb
ad_00754,2023-07,65.99,254.26,6319,44,1,premium vest built 3 to train,"Built for the long haul. Our premium vest combines technical fabrics with a refined fit so you can train harder 12 and go further, no matter what the forecast brings this season.",image,4:5,gravel,img_vest:Image
ad_00755,2023-07,374.34,959.33,9666,56,1,train further in our bibs,Ride ready. Try our bibs today.,image,4:5,casual,img_bibs:Image|bibs:Noun
ad_00756,2023-07,62.43,130.35,10265,66,1,jacket 19 for every shred,Our jacket lets you shred better.,video,9:16,road,vid_jacket:Video
ad_00757,2023-07,294.43,510.48,7350,46,1,the tights you need 29 to layer,Ride ready. Try our tights today.,video,9:16,urban,vid_tights:Video|layer:Verb
ad_00758,2023-07,169.76,607.05,12214,64,1,baselayer for every ride,"Built for the long haul. Our premium baselayer combines technical fabrics with a refined fit so you can ride harder and go further, no matter what the forecast brings this season. ⛰️",video,1:1,adventure,vid_baselayer:Video|baselayer:Noun|trail tested:Phrase
ad_00759,2023-07,49.32,143.03,42046,350,5,armwarmers for every climb,"Engineered for performance on every terrain. Our armwarmers is designed to help you climb with total confidence, whether you are on a mountain pass or a city commute through changing weather.",image,4:5,commute,img_armwarmers:Image|armwarmers:Noun|climb:Verb
ad_00760,2023-07,119.12,138.43,34207,198,2,the cap you need 21 to ride,Built to ride. Premium cap.,image,1:1,road,img_cap:Image|cap:Noun
ad_00761,2023-07,326.11,908.77,18470,163,3,premium jacket 20 built to conquer,Built to conquer. Premium jacket.,image,4:5,mountain,img_jacket:Image
ad_00762,2023-07,159.99,240.37,18912,112,1,premium shell built to pedal,Ride ready. Try our shell today.,image,1:1,urban,img_shell:Image|shell:Noun
ad_00763,2023-07,128.71,1155.71,41171,562,11,the cap you need to cruise,Our cap 25 lets you cruise better.,video,4:5,road,vid_cap:Video|cap:Noun|race day ready:Phrase
ad_00764,2023-07,93.36,465.59,9216,100,2,new bibs collection,"Engineered for performance on every terrain. Our bibs is designed to help you sprint with total confidence, whether you are on a mountain pass or a city commute through changing weather.",image,4:5,casual,img_bibs:Image|bibs:Noun|lightweight layers:Phrase
ad_00765,2023-07,399.71,610.67,12376,51,0,climb further in our vest,Our vest lets you climb better. 🌧️,video,9:16,adventure,vid_vest:Video|vest:Noun|climb:Verb
ad_00766,2023-07,120.62,346.19,16669,135,3,7 cruise further in our jersey,"Lightweight and breathable, this jersey keeps you comfortable from the first pedal stroke to the last. Designed for riders who cruise in all conditions and demand the very best from their gear.",video,9:16,sale,vid_jersey:Video|cruise:Verb|new arrivals:Phrase
ad_00767,2023-07,45.14,100.69,17298,102,1,gloves for every sprint,Ride ready. 24 Try our gloves today.,image,1:1,sale,img_gloves:Image|gloves:Noun
ad_00768,2023-07,200.35,1044.38,38027,346,7,premium socks built to sprint,sprint further 4 in our new socks.,video,1:1,accessories,vid_socks:Video|sprint:Verb|lightweight layers:Phrase
ad_00769,2023-07,335.71,1405.91,9003,75,1,new vest collection,"Engineered for performance on every terrain. Our vest is designed to help you cruise with total confidence, whether you are on a mountain pass or a city commute through changing weather.",image,4:5,casual,img_vest:Image|vest:Noun|cruise:Verb|ride in comfort:Phrase
ad_00770,2023-07,191.68,402.51,21095,132,2,premium shell built to climb,"Built for the long haul. Our premium shell combines technical fabrics with a refined fit so you can climb harder and go further, no matter what the forecast brings this season.",image,1:1,road,img_shell:Image
ad_00771,2023-07,368.45,1446.71,22156,212,4,jacket for every gear,Ride ready. Try our jacket today.,image,4:5,mountain,img_jacket:Image|jacket:Noun
ad_00772,2023-07,192.83,220.99,19458,84,1,the shorts 28 you need to descend,Built to descend. Premium shorts.,image,1:1,sale,img_shorts:Image|shorts:Noun
ad_00773,2023-07,150.06,304.23,7796,65,1,socks for every layer,"Built for the long haul. Our premium socks combines technical fabrics with a refined fit so you can layer harder and go further, no matter what the forecast brings this season.",image,9:16,casual,img_socks:Image|socks:Noun|built to last:Phrase
ad_00774,2023-07,270.59,631.03,13669,120,2,ride further 28 in our kit,Our kit lets you ride better.,video,9:16,mountain,vid_kit:Video|kit:Noun|ride:Verb
ad_00775,2023-07,422.47,589.69,7715,44,0,tights 20 for every cruise,Built to cruise. Premium tights.,image,4:5,sale,img_tights:Image|cruise:Verb|all day comfort:Phrase
ad_00776,2023-07,451.66,2897.02,23771,222,4,baselayer for every layer,Our baselayer lets you layer better. 💪,video,4:5,accessories,vid_baselayer:Video|baselayer:Noun
ad_00777,2023-07,163.87,488.84,11928,103,2,the baselayer you need to pedal,Built to pedal. Premium baselayer.,video,9:16,commute,vid_baselayer:Video|baselayer:Noun|pedal:Verb|built to last:Phrase
ad_00778,2023-07,106.77,568.86,9866,106,2,premium bibs built to descend,descend further in our new bibs. 🔥,video,1:1,commute,vid_bibs:Video|bibs:Noun|lightweight layers:Phrase
ad_00779,2023-07,338.91,2352.1,21700,224,7,new kit collection,Our kit lets you gear better.,video,4:5,mountain,vid_kit:Video
ad_00780,2023-07,132.99,743.86,5215,48,1,push further in our vest,"Lightweight and breathable, this vest keeps you comfortable from the first pedal stroke to the last. Designed for riders who push in all conditions and demand the very best from their gear.",video,4:5,adult,vid_vest:Video|vest:Noun|push:Verb
ad_00781,2023-07,493.32,1356.01,17123,107,2,new cap collection,conquer 22 further in our new cap. 🔥,image,1:1,gravel,img_cap:Image|cap:Noun
ad_00782,2023-07,138.91,132.35,29907,83,0,22 cruise further in our shorts,Built to cruise. Premium shorts.,image,4:5,adventure,img_shorts:Image|shorts:Noun
ad_00783,2023-07,184.73,603.43,28911,155,2,the bibs you need to race,21 race further in our new bibs.,image,4:5,road,img_bibs:Image|bibs:Noun|race:Verb
ad_00784,2023-07,78.34,157.05,29021,135,1,the cap you need 4 to gear,gear 5 further in our new cap.,image,4:5,casual,img_cap:Image|cap:Noun|gear:Verb
ad_00785,2023-07,90.68,603.65,9412,93,2,cruise further in our jacket,Built to cruise. Premium jacket.,video,4:5,adult,vid_jacket:Video|jacket:Noun|cruise:Verb|gear up for summer:Phrase
ad_00786,2023-07,109.71,578.28,43713,657,19,cruise further in 25 our kit,"Engineered for performance on every terrain. Our kit is designed to help you cruise with total confidence, whether you are on a mountain pass or a city commute through changing weather.",video,1:1,mountain,vid_kit:Video|kit:Noun|cruise:Verb|adventure awaits:Phrase
ad_00787,2023-07,83.32,217.21,29879,241,4,cap for every pedal,Ride ready. Try our cap today.,video,9:16,accessories,vid_cap:Video
ad_00788,2023-07,146.38,195.29,13884,70,1,the cap you need to gear,"Engineered for performance on every terrain. Our cap is designed to help you gear with total confidence, whether you are on a mountain pass or a city commute through changing weather.",image,9:16,adult,img_cap:Image|cap:Noun|gear:Verb
ad_00789,2023-07,154.79,253.72,13037,53,0,shorts for every ride,Ride 20 ready. Try our shorts today.,image,4:5,adventure,img_shorts:Image|shorts:Noun|ride:Verb|trail tested:Phrase
ad_00790,2023-07,113.81,202.63,16030,81,1,kit for every pedal,Built to pedal. Premium kit.,image,4:5,adult,img_kit:Image|pedal:Verb
ad_00791,2023-07,195.18,178.03,18322,91,1,the vest you need to cruise,Our vest lets you cruise better.,image,9:16,gravel,img_vest:Image|vest:Noun|cruise:Verb
ad_00792,2023-07,65.61,115.72,9895,39,0,new gloves collection,gear further in our new gloves. ❄️,image,4:5,adventure,img_gloves:Image|gloves:Noun
ad_00793,2023-07,80.03,113.31,18739,66,1,premium bibs built 18 to conquer,"Built for the long haul. Our premium bibs combines technical fabrics with a refined fit so you can conquer harder and go further, no matter what the forecast brings this season.",video,1:1,adventure,vid_bibs:Video|conquer:Verb
ad_00794,2023-07,212.29,375.44,25680,126,2,explore 26 further in our shell,Ride ready. Try our shell today.,video,9:16,road,vid_shell:Video
ad_00795,2023-07,132.91,162.23,8074,33,0,layer further 18 in our tights,Our tights lets you layer better.,video,1:1,adventure,vid_tights:Video|tights:Noun|layer:Verb|cold weather essentials:Phrase
ad_00796,2023-07,156.69,623.25,27324,224,5,new bibs collection,descend further in our new bibs.,video,4:5,road,vid_bibs:Video|descend:Verb
ad_00797,2023-07,176.82,204.69,12102,64,1,10 new vest collection,push further in our new vest. ☀️,image,1:1,casual,img_vest:Image|vest:Noun
ad_00798,2023-07,84.67,313.79,29367,277,6,new wardrobe collection,push further in our new wardrobe.,image,4:5,mountain,img_wardrobe:Image
ad_00799,2023-07,122.16,583.13,14970,137,3,premium jersey built 2 to train,Ride ready. Try our jersey today.,video,4:5,gravel,vid_jersey:Video|jersey:Noun|train:Verb|gear up for summer:Phrase
ad_00800,2023-07,63.32,548.26,5541,85,3,the shell you need to train,"Lightweight and breathable, this shell keeps you comfortable from the first pedal stroke to the last. Designed for riders who train in all conditions and demand the very best from their gear.",video,4:5,gravel,vid_shell:Video|gear up for summer:Phrase
ad_00801,2023-07,158.36,408.78,11917,95,1,the kit you need 12 to pedal,Our kit lets you pedal better.,image,4:5,casual,img_kit:Image|your spring wardrobe:Phrase
ad_00802,2023-07,172.52,1022.71,26730,337,8,descend further in our vest,descend further in our new vest.,video,4:5,commute,vid_vest:Video|vest:Noun|new arrivals:Phrase
ad_00803,2023-07,151.83,731.45,21052,247,7,baselayer 22 for every push,push further in our new baselayer.,video,4:5,mountain,vid_baselayer:Video|baselayer:Noun
ad_00804,2023-07,189.19,506.33,9585,74,1,new kit collection,explore further in our new kit.,image,4:5,commute,img_kit:Image|kit:Noun
ad_00805,2023-07,435.92,614.1,11005,42,0,baselayer for every train,"Lightweight and breathable, 25 this baselayer keeps you comfortable from the first pedal stroke to the last. Designed for riders who train in all conditions and demand the very best from their gear.",image,9:16,adventure,img_baselayer:Image|baselayer:Noun
ad_00806,2023-07,224.08,955.39,21646,190,3,gloves for every descend,"Lightweight and breathable, this gloves 19 keeps you comfortable from the first pedal stroke to the last. Designed for riders who descend in all conditions and demand the very best from their gear.",video,9:16,adult,vid_gloves:Video|descend:Verb
ad_00807,2023-07,339.45,544.0,11958,75,1,22 sprint further in our tights,sprint further in our new tights. 🏔️,image,1:1,gravel,img_tights:Image|tights:Noun|new arrivals:Phrase
ad_00808,2023-07,98.1,181.83,8126,77,2,premium socks built to conquer,Built to conquer. Premium socks.,image,1:1,mountain,img_socks:Image|socks:Noun
ad_00809,2023-07,56.0,98.41,10768,42,0,premium wardrobe built to sprint,Built 22 to sprint. Premium wardrobe.,video,9:16,adventure,vid_wardrobe:Video|wardrobe:Noun
ad_00810,2023-07,124.43,217.71,15938,104,1,conquer further in our wardrobe,"Engineered for performance on every terrain. Our wardrobe is designed to help you conquer with total confidence, whether you are on a mountain pass or a city commute through changing weather. ⛰️",image,9:16,adult,img_wardrobe:Image|wardrobe:Noun|conquer:Verb
ad_00811,2023-07,290.43,967.52,26718,305,7,new vest collection,ride further in our new vest.,video,9:16,mountain,vid_vest:Video
ad_00812,2023-07,223.86,503.8,13682,100,1,kit 7 for every sprint,Ride ready. Try our kit today.,image,4:5,sale,img_kit:Image|kit:Noun|your spring wardrobe:Phrase
ad_00813,2023-07,16.4,11.19,17529,57,0,the shell you need to ride,ride further in our new shell.,image,9:16,adventure,img_shell:Image|race day ready:Phrase
ad_00814,2023-07,227.48,374.41,15406,81,1,the baselayer 9 you need to conquer,"Built for the long haul. Our premium baselayer combines technical fabrics with a refined fit so you can conquer harder and go further, no matter what the forecast brings this season.",image,4:5,sale,img_baselayer:Image|baselayer:Noun|conquer:Verb
ad_00815,2023-07,161.28,223.69,31685,196,3,shred further in our armwarmers,Ride ready. Try our armwarmers today. 🔥,image,1:1,accessories,img_armwarmers:Image|armwarmers:Noun|shred:Verb
ad_00816,2023-07,145.8,524.08,32255,268,5,premium armwarmers built to layer,Ride ready. Try our armwarmers today.,image,4:5,road,img_armwarmers:Image|armwarmers:Noun|cold weather essentials:Phrase
ad_00817,2023-07,125.08,794.61,31619,277,6,new tights collection,Built to explore. Premium tights.,video,4:5,adult,vid_tights:Video|tights:Noun|your spring wardrobe:Phrase
ad_00818,2023-07,187.17,794.66,16266,127,3,premium shell built to explore,"Engineered for performance on every terrain. Our shell is designed to help you explore with total confidence, whether you are on a mountain pass or a city commute through changing weather.",image,4:5,commute,img_shell:Image|explore:Verb|cold weather essentials:Phrase
ad_00819,2023-07,207.7,381.17,33360,190,2,new cap collection,"Engineered for performance on every terrain. Our cap is designed to help you pedal with total confidence, whether you are on a mountain pass or a city commute through changing weather.",image,9:16,sale,img_cap:Image
ad_00820,2023-07,148.4,227.2,14673,86,1,train further in our armwarmers,Built to train. Premium armwarmers.,image,1:1,accessories,img_armwarmers:Image|train:Verb
ad_00821,2023-07,177.24,727.41,20681,151,3,gloves for every layer,"Built for the long haul. Our premium gloves combines technical fabrics with a refined fit so you can layer harder and go further, no matter what the forecast brings this season.",video,1:1,commute,vid_gloves:Video|gloves:Noun
ad_00822,2023-07,135.19,446.74,26726,252,4,the shell you need to train,train further in our new shell.,image,4:5,road,img_shell:Image|shell:Noun|adventure awaits:Phrase
ad_00823,2023-07,86.38,335.1,59932,494,9,baselayer for every train,train 21 further in our new baselayer. ⛰️,image,1:1,commute,img_baselayer:Image|baselayer:Noun|train:Verb|gear up for summer:Phrase
ad_00824,2023-07,132.48,675.72,8594,74,1,jersey for every shred,Ride ready. Try 16 our jersey today.,video,1:1,gravel,vid_jersey:Video|jersey:Noun
ad_00825,2023-07,213.9,368.79,9586,56,1,cap for 18 every ride,Our cap lets you ride better.,video,1:1,road,vid_cap:Video|cap:Noun|ride:Verb
ad_00826,2023-07,139.76,658.47,54758,532,9,the socks you need to climb,Built 18 to climb. Premium socks.,video,1:1,casual,vid_socks:Video|race day ready:Phrase
ad_00827,2023-07,50.04,90.9,20852,98,1,vest for every cruise,Ride ready. Try our vest today. 🏔️,image,1:1,sale,img_vest:Image|vest:Noun
ad_00828,2023-07,424.75,2563.3,27382,259,5,wardrobe for every explore,"Engineered for performance on every terrain. Our wardrobe is designed to help 29 you explore with total confidence, whether you are on a mountain pass or a city commute through changing weather.",video,1:1,casual,vid_wardrobe:Video|wardrobe:Noun
ad_00829,2023-07,620.56,1502.44,33653,293,5,premium baselayer built to conquer,Ride ready. Try our baselayer today.,image,1:1,mountain,img_baselayer:Image|baselayer:Noun
ad_00830,2023-07,156.21,734.15,9767,89,2,race further in our gloves,race further in our new gloves. 💪,video,1:1,casual,vid_gloves:Video|race day ready:Phrase
ad_00831,2023-07,210.03,1375.54,15270,175,4,premium gloves built to climb,"Engineered for performance on every terrain. Our gloves is designed to help you climb with total confidence, whether you are on a mountain pass or a 10 city commute through changing weather.",image,4:5,mountain,img_gloves:Image|gloves:Noun|climb:Verb
ad_00832,2023-07,238.29,275.06,49284,315,3,13 new shorts collection,Ride ready. Try our shorts today.,image,4:5,adult,img_shorts:Image|shorts:Noun|climb:Verb
ad_00833,2023-07,84.73,582.04,19543,176,4,premium jacket built to descend,Our jacket lets you descend better. 💪,video,4:5,accessories,vid_jacket:Video|jacket:Noun
ad_00834,2023-07,114.64,329.05,17893,78,1,new wardrobe collection,Built to layer. Premium wardrobe.,video,4:5,adventure,vid_wardrobe:Video|wardrobe:Noun
ad_00835,2023-07,137.06,390.19,30809,172,2,jersey for every race,"Lightweight and breathable, this jersey keeps you comfortable from the first pedal stroke to the last. Designed for riders who race in all conditions and demand the very best from their gear. 🏔️",image,4:5,adventure,img_jersey:Image|built to last:Phrase
ad_00836,2023-07,68.21,107.6,18357,106,1,premium gloves built to push,push further in our new gloves.,image,1:1,accessories,img_gloves:Image|push:Verb|all day comfort:Phrase
ad_00837,2023-07,158.35,1013.05,15297,141,3,kit for every descend,6 Ride ready. Try our kit today.,video,1:1,gravel,vid_kit:Video|kit:Noun|race day ready:Phrase
ad_00838,2023-07,128.21,285.89,20491,92,1,11 new cap collection,Ride ready. Try our cap today.,video,4:5,adventure,vid_cap:Video|cap:Noun|adventure awaits:Phrase
ad_00839,2023-07,314.37,1964.66,13932,161,4,kit for every climb,climb further in our new kit.,video,4:5,mountain,vid_kit:Video|climb:Verb
ad_00840,2023-07,120.92,524.52,35723,320,8,sprint further in our wardrobe,Ride ready. Try our wardrobe today.,video,1:1,road,vid_wardrobe:Video|wardrobe:Noun|sprint:Verb|your spring wardrobe:Phrase
ad_00841,2023-07,42.9,211.65,7061,55,1,premium bibs built to push,push further in our new bibs.,video,1:1,gravel,vid_bibs:Video|cold weather essentials:Phrase
ad_00842,2023-07,148.67,341.94,12961,91,1,shred further in our shell,"Engineered for performance on every terrain. Our shell is designed to help you shred with total confidence, whether you are on a mountain pass or a city commute through changing weather.",image,9:16,urban,img_shell:Image|shred:Verb|adventure awaits:Phrase
ad_00843,2023-07,124.6,243.27,11361,51,1,cap for every explore,"Built for the long haul. Our premium cap combines technical fabrics with a refined fit so you can explore harder and go further, no matter what the forecast brings this season.",video,9:16,adventure,vid_cap:Video|cap:Noun
ad_00844,2023-07,119.11,222.97,8209,58,1,11 cruise further in our gloves,cruise further in our new gloves.,image,4:5,mountain,img_gloves:Image|gloves:Noun|cruise:Verb
ad_00845,2023-07,193.2,359.41,23142,132,1,new 15 shorts collection,Ride ready. Try our 28 shorts today.,image,1:1,road,img_shorts:Image|shorts:Noun
ad_00846,2023-07,77.13,229.58,11910,76,1,the cap you need to descend,Our cap lets you descend better.,video,1:1,adult,vid_cap:Video|descend:Verb
ad_00847,2023-07,236.08,294.24,15026,83,1,premium cap built to push,Our cap lets you push better.,image,1:1,casual,img_cap:Image|push:Verb|trail tested:Phrase
ad_00848,2023-07,174.25,435.84,9527,73,1,new armwarmers collection,Our armwarmers lets you push better.,image,4:5,accessories,img_armwarmers:Image
ad_00849,2023-07,221.8,517.74,23196,131,2,cruise further in our cap,Built to cruise. Premium cap.,image,4:5,gravel,img_cap:Image
ad_00850,2023-07,106.91,129.68,8444,43,0,16 premium socks built to pedal,"Built for the long haul. Our premium socks combines technical fabrics with a refined fit so you can pedal harder and go further, no matter what the forecast brings this season.",image,9:16,accessories,img_socks:Image|socks:Noun
ad_00851,2023-07,243.77,553.29,18501,134,2,new tights collection,"Lightweight and breathable, this tights keeps you comfortable from the first pedal stroke to the last. Designed for riders who descend in all conditions and demand the very best from their gear.",image,1:1,accessories,img_tights:Image
ad_00852,2023-07,183.98,860.57,15176,132,2,premium shell built to push,"Engineered for performance on every terrain. Our shell is designed to help you push with total confidence, whether you are on a mountain pass or a city commute through changing weather. ❄️",image,4:5,accessories,img_shell:Image|shell:Noun
ad_00853,2023-07,186.09,317.77,23787,213,4,28 new kit collection,Ride ready. Try our kit today.,image,1:1,mountain,img_kit:Image|kit:Noun|shred:Verb|trail tested:Phrase
ad_00854,2023-07,139.62,556.54,25721,218,4,new kit collection,"Engineered for performance on 6 every terrain. Our kit is designed to help you climb with total confidence, whether you are on a mountain pass or a city commute through changing weather. ❄️",image,9:16,road,img_kit:Image|kit:Noun|climb:Verb|adventure awaits:Phrase
ad_00855,2023-07,87.26,325.17,14066,108,2,new cap collection,Ride ready. Try our cap today.,image,4:5,mountain,img_cap:Image|cap:Noun
ad_00856,2023-07,198.49,223.99,22129,111,1,the jacket 15 you need to pedal,"Built for the long haul. Our premium jacket combines technical fabrics with a refined fit so you can pedal harder and go further, no matter what the forecast brings this season.",image,1:1,adult,img_jacket:Image|jacket:Noun|pedal:Verb
ad_00857,2023-07,446.23,823.06,7946,49,1,jersey for every push,"Lightweight and breathable, this jersey keeps you comfortable from the first pedal stroke to the last. Designed for riders who push in all conditions and demand the very best from their gear.",image,1:1,road,img_jersey:Image|jersey:Noun|push:Verb
ad_00858,2023-07,214.4,372.89,68992,464,7,premium jersey 13 built to climb,"Lightweight and breathable, this jersey keeps you comfortable from the first pedal stroke to the last. Designed for riders who climb in all conditions and demand the very best from their gear.",image,1:1,urban,img_jersey:Image|cold weather essentials:Phrase
ad_00859,2023-07,240.47,515.02,12252,91,1,the tights you need to conquer,"Built for the long haul. Our premium tights combines technical fabrics with a refined fit so you can conquer harder and go further, no matter what the forecast brings this season.",image,9:16,casual,img_tights:Image|tights:Noun|cold weather essentials:Phrase
ad_00860,2023-07,62.76,231.55,18439,174,3,the bibs you need to race,Our bibs lets you race better.,image,4:5,casual,img_bibs:Image|bibs:Noun|your spring wardrobe:Phrase
ad_00861,2023-07,154.84,972.7,25083,276,7,the bibs you need to explore,20 Our bibs lets you explore better.,video,4:5,accessories,vid_bibs:Video
ad_00862,2023-07,461.78,4680.52,13117,184,6,the gloves you need to push,"Built for the long haul. Our premium gloves combines technical fabrics with a refined fit so you can push harder and go further, no matter what the forecast brings this season.",video,4:5,mountain,vid_gloves:Video|gloves:Noun
ad_00863,2023-07,78.16,125.15,18158,128,2,the vest you need to ride,Ride ready. Try our vest today.,image,9:16,commute,img_vest:Image|vest:Noun|ride:Verb|your spring wardrobe:Phrase
ad_00864,2023-07,123.01,235.42,17717,122,2,jacket for every push,Our jacket lets you push better.,image,1:1,casual,img_jacket:Image|race day ready:Phrase
ad_00865,2023-07,107.49,420.54,12949,105,2,new vest collection,Our vest lets you layer better. 🌧️,image,4:5,accessories,img_vest:Image
ad_00866,2023-07,144.83,358.79,12773,108,2,premium kit built to race,race further in our new kit.,video,9:16,urban,vid_kit:Video|race:Verb|gravel ready:Phrase
ad_00867,2023-07,39.68,259.6,10855,161,5,sprint 4 further in our baselayer,sprint further in our new baselayer.,video,4:5,mountain,vid_baselayer:Video|baselayer:Noun|sprint:Verb|lightweight layers:Phrase
ad_00868,2023-07,82.47,132.28,10684,65,1,tights for every cruise,Built to cruise. Premium tights.,image,1:1,casual,img_tights:Image
ad_00869,2023-07,199.08,519.31,32901,273,4,premium kit built to train,Built to train. Premium kit.,video,1:1,road,vid_kit:Video|kit:Noun|train:Verb
ad_00870,2023-07,79.06,176.86,17059,140,2,the tights you need to conquer,"Engineered for performance on every terrain. Our tights is designed to help you conquer with total confidence, whether you are on a mountain pass or a city commute through changing weather.",image,1:1,commute,img_tights:Image|tights:Noun
ad_00871,2023-07,50.45,376.34,12501,143,4,new kit collection,"Built for 2 the long haul. Our premium kit combines technical fabrics with a refined fit so you can descend harder and go further, no matter what the forecast brings this season.",image,4:5,accessories,img_kit:Image|kit:Noun|your spring wardrobe:Phrase
ad_00872,2023-07,120.44,470.78,33680,212,4,new shorts collection,Ride ready. Try our shorts today.,video,4:5,sale,vid_shorts:Video|shorts:Noun|sprint:Verb
ad_00873,2023-07,125.94,382.46,32981,244,4,10 push further in our vest,"Lightweight and breathable, this vest keeps you comfortable from the first pedal stroke to the last. Designed for riders who push in all conditions and demand the very best from their gear.",video,1:1,accessories,vid_vest:Video|push:Verb
ad_00874,2023-07,198.2,226.09,14285,58,0,new gloves collection,Ride ready. Try our gloves today. ☀️,image,4:5,adventure,img_gloves:Image|train:Verb
ad_00875,2023-07,446.06,475.97,10446,26,0,premium jersey built to race,Our jersey lets you race better.,image,1:1,adventure,img_jersey:Image
ad_00876,2023-07,206.73,107.93,14488,41,0,the wardrobe you 19 need to train,train further in our new wardrobe.,image,1:1,adventure,img_wardrobe:Image|wardrobe:Noun|train:Verb
ad_00877,2023-07,49.72,58.07,10857,66,1,premium bibs built to ride,Built to ride. Premium bibs.,image,9:16,accessories,img_bibs:Image|bibs:Noun
ad_00878,2023-07,270.78,193.64,19118,51,0,premium kit built to cruise,cruise further in our new kit.,image,1:1,adventure,img_kit:Image|kit:Noun|cruise:Verb
ad_00879,2023-07,159.68,211.97,21704,106,1,new gloves collection,Our gloves lets you pedal better.,image,1:1,adult,img_gloves:Image|pedal:Verb
ad_00880,2023-07,160.61,622.4,17572,143,3,the jersey you need to explore,Ride ready. Try our jersey today.,video,9:16,sale,vid_jersey:Video|jersey:Noun|ride in comfort:Phrase
ad_00881,2023-07,155.17,1181.73,16567,235,7,premium jacket built to train,Ride ready. Try our jacket today.,video,4:5,mountain,vid_jacket:Video|jacket:Noun
ad_00882,2023-07,44.54,93.9,39410,296,4,ride further in our jersey,Ride ready. Try our jersey today.,image,4:5,road,img_jersey:Image|jersey:Noun|ride:Verb
ad_00883,2023-07,392.0,1379.36,62290,794,21,new armwarmers collection,Our armwarmers lets you descend better.,video,9:16,mountain,vid_armwarmers:Video|armwarmers:Noun|descend:Verb
ad_00884,2023-07,61.61,97.53,10104,67,1,gloves for every climb,Ride ready. 20 Try our gloves today.,image,9:16,sale,img_gloves:Image|climb:Verb
ad_00885,2023-07,363.48,924.53,5674,47,1,vest for every cruise,Built to cruise. Premium vest.,video,9:16,commute,vid_vest:Video
ad_00886,2023-07,101.29,411.32,9793,64,1,premium shell built to pedal,"Built for the long haul. Our premium shell combines technical fabrics with a refined fit so you can pedal harder and go further, no matter what the forecast brings this season.",image,4:5,road,img_shell:Image|race day ready:Phrase
ad_00887,2023-07,191.43,978.25,13313,140,3,shred further in our tights,"Engineered for performance on every terrain. Our tights is designed to help you shred with total confidence, whether you are on a mountain pass or a city commute through changing weather.",image,4:5,mountain,img_tights:Image|tights:Noun|shred:Verb|gravel ready:Phrase
ad_00888,2023-07,84.79,241.6,38526,285,4,21 the baselayer you need to conquer,Ride 2 ready. Try our baselayer today. 🚴,video,9:16,gravel,vid_baselayer:Video|baselayer:Noun|conquer:Verb
ad_00889,2023-07,54.22,126.75,17337,131,2,pedal further 11 in our baselayer,"Lightweight and breathable, this baselayer keeps you comfortable from the first pedal stroke to the last. Designed for 27 riders who pedal in all conditions and demand the very best from their gear.",image,9:16,casual,img_baselayer:Image|baselayer:Noun|gravel ready:Phrase
ad_00890,2023-07,278.46,349.56,12784,71,1,the gloves you need to push,Built to push. Premium gloves.,image,1:1,adult,img_gloves:Image|push:Verb
ad_00891,2023-07,204.48,397.63,30418,259,4,premium jacket built to pedal,Ride ready. Try our jacket today.,image,9:16,mountain,img_jacket:Image
ad_00892,2023-07,83.16,335.89,4975,45,1,the shorts you need to cruise,Ride ready. Try our shorts today.,video,1:1,urban,vid_shorts:Video|shorts:Noun|gravel ready:Phrase
ad_00893,2023-07,152.37,342.07,17249,118,1,27 new wardrobe collection,pedal further 9 in our new wardrobe.,image,4:5,accessories,img_wardrobe:Image|wardrobe:Noun
ad_00894,2023-07,68.34,364.18,17402,198,5,new kit collection,Our 17 kit lets you layer better.,image,4:5,mountain,img_kit:Image|kit:Noun|layer:Verb|all day comfort:Phrase
ad_00895,2023-07,176.48,791.91,9824,75,1,premium baselayer built to shred,shred further in our new baselayer.,video,4:5,sale,vid_baselayer:Video|baselayer:Noun|shred:Verb
ad_00896,2023-07,237.4,363.47,13917,53,0,gear further in our tights,"Built for the long haul. Our premium tights combines technical fabrics with a refined fit so you can gear harder and go further, no matter what the forecast brings this season.",image,4:5,adventure,img_tights:Image|tights:Noun|gear:Verb
ad_00897,2023-07,47.25,64.04,6003,31,0,premium cap built to gear,gear further in our new cap.,image,1:1,sale,img_cap:Image|gear:Verb|gravel ready:Phrase
ad_00898,2023-07,449.68,257.8,27121,77,0,premium wardrobe built to ride,Ride ready. Try our wardrobe today.,image,9:16,adventure,img_wardrobe:Image|wardrobe:Noun
ad_00899,2023-07,81.64,321.16,17068,141,2,new jacket collection,"Built for the long haul. Our premium jacket combines technical fabrics with a refined fit so you can descend harder and go further, no matter what the forecast brings this season. ⛰️",image,4:5,commute,img_jacket:Image|jacket:Noun
ad_00900,2023-07,56.88,81.37,25350,98,1,new bibs collection,push further in our new bibs.,image,4:5,adventure,img_bibs:Image|bibs:Noun|push:Verb|new arrivals:Phrase
ad_00901,2023-07,92.98,129.0,8414,53,1,pedal further 3 in our tights,Built to pedal. Premium tights.,image,4:5,road,img_tights:Image|tights:Noun
ad_00902,2023-07,51.67,51.9,9854,36,0,shred further 23 in our shorts,Built to shred. Premium shorts. ☀️,image,4:5,adventure,img_shorts:Image|shorts:Noun|shred:Verb|adventure awaits:Phrase
ad_00903,2023-07,133.26,339.54,29525,226,4,bibs 9 for every train,"Lightweight and breathable, this bibs keeps you comfortable from the first pedal stroke to the last. Designed for riders who train in all conditions and demand the very best from their gear.",video,1:1,road,vid_bibs:Video|train:Verb
ad_00904,2023-07,251.26,338.19,15681,71,1,premium 13 armwarmers built to gear,Built to gear. Premium armwarmers.,image,4:5,casual,img_armwarmers:Image|gear:Verb
ad_00905,2023-07,177.05,676.26,48374,464,10,the gloves you need to train,22 Built to train. Premium gloves. ⛰️,image,1:1,accessories,img_gloves:Image|train:Verb|gear up for summer:Phrase
ad_00906,2023-07,180.46,379.94,25236,161,2,new shorts collection,Our shorts lets you layer better.,image,1:1,road,img_shorts:Image|shorts:Noun
ad_00907,2023-07,141.79,417.67,10369,68,1,the armwarmers you need to train,Built to train. Premium armwarmers.,video,1:1,road,vid_armwarmers:Video|train:Verb
ad_00908,2023-07,151.57,382.26,15614,85,1,premium kit built 2 to layer,"Engineered for performance on every terrain. Our 6 kit is designed to help you layer with total confidence, whether you are on a mountain pass or a city commute through changing weather.",image,4:5,sale,img_kit:Image|kit:Noun|layer:Verb
ad_00909,2023-07,157.26,798.45,7657,74,2,premium cap built to gear,"Built for the long haul. Our premium cap combines technical fabrics with a refined fit so you can gear harder and go further, no matter what the forecast brings this season.",video,4:5,sale,vid_cap:Video|cap:Noun|gear:Verb
ad_00910,2023-07,332.44,1038.53,24535,169,3,sprint further in 5 our jersey,"Engineered for performance on every terrain. Our jersey is designed to help you sprint with total confidence, whether you are on a mountain pass or a city commute through changing weather.",video,1:1,commute,vid_jersey:Video|sprint:Verb
ad_00911,2023-07,72.88,321.82,37531,308,7,premium vest built to sprint,"Lightweight and breathable, this vest keeps you comfortable from the first pedal stroke to the last. Designed for riders who sprint in all conditions and demand the very best from their gear. 🚴",video,9:16,urban,vid_vest:Video|vest:Noun
ad_00912,2023-07,103.67,130.79,13996,53,0,cap for 20 every layer,"Engineered for performance on every terrain. Our cap is designed to help you layer with total confidence, whether you are on a mountain pass or a city commute through changing weather. ⛰️",image,1:1,adventure,img_cap:Image|cap:Noun|built to last:Phrase
ad_00913,2023-07,506.64,1125.44,25461,142,2,the socks you need to cruise,cruise further in our new socks.,image,4:5,urban,img_socks:Image|cruise:Verb
ad_00914,2023-07,265.36,523.73,15940,118,2,new jacket collection,Ride ready. Try our jacket today. 🚴,image,9:16,road,img_jacket:Image|jacket:Noun|cruise:Verb|gear up for summer:Phrase
ad_00915,2023-07,357.4,689.8,16655,103,1,the jersey you need to conquer,Built to conquer. Premium jersey.,image,4:5,gravel,img_jersey:Image
ad_00916,2023-07,115.23,315.27,18423,154,3,cruise further in our armwarmers,Our armwarmers lets you cruise better.,image,4:5,accessories,img_armwarmers:Image|cruise:Verb|all day comfort:Phrase
ad_00917,2023-07,174.75,356.55,6334,42,1,premium cap built to conquer,Our cap lets you conquer better.,video,9:16,adult,vid_cap:Video|cap:Noun|conquer:Verb
ad_00918,2023-07,92.24,153.39,20818,151,2,premium wardrobe built to climb,climb further in our new wardrobe.,image,1:1,accessories,img_wardrobe:Image|wardrobe:Noun|climb:Verb|all day comfort:Phrase
ad_00919,2023-07,132.63,233.63,9438,59,1,the tights you need to descend,Built to descend. Premium tights.,image,4:5,sale,img_tights:Image|tights:Noun|descend:Verb
ad_00920,2023-07,223.92,609.59,19402,145,2,new jacket collection,Built to conquer. Premium jacket. 🌧️,image,4:5,road,img_jacket:Image|jacket:Noun
ad_00921,2023-07,121.83,204.05,57363,248,2,28 new vest collection,"Built for the long haul. Our premium vest combines technical fabrics with a refined fit so you can cruise harder and go further, no matter what the forecast brings this season.",video,9:16,adventure,vid_vest:Video|vest:Noun|trail tested:Phrase
ad_00922,2023-07,152.11,449.25,8507,65,1,new vest collection,layer further in our new vest.,video,1:1,adult,vid_vest:Video|vest:Noun|layer:Verb|gravel ready:Phrase
ad_00923,2023-07,203.28,152.23,9918,28,0,gloves for every sprint,sprint further in our new gloves.,image,9:16,adventure,img_gloves:Image|all day comfort:Phrase
ad_00924,2023-07,225.89,967.52,13367,113,3,premium tights built to train,Our 8 tights lets you train better.,video,1:1,commute,vid_tights:Video|tights:Noun|train:Verb
ad_00925,2023-07,104.75,1261.19,17957,229,7,race further in our baselayer,"Lightweight and breathable, this baselayer keeps you comfortable from the first pedal stroke to the last. Designed for riders 13 who race in all conditions and demand the very best from their gear. 💪",video,4:5,road,vid_baselayer:Video|baselayer:Noun|race:Verb|cold weather essentials:Phrase
ad_00926,2023-07,387.47,1955.24,11443,92,2,premium bibs built to train,Built to train. Premium bibs.,video,4:5,road,vid_bibs:Video
ad_00927,2023-07,41.05,227.96,6988,50,1,new wardrobe collection,pedal 13 further in our new wardrobe.,video,1:1,adult,vid_wardrobe:Video|race day ready:Phrase
ad_00928,2023-07,327.17,279.46,14486,68,1,23 shorts for every train,Built to train. Premium shorts.,image,1:1,casual,img_shorts:Image|train:Verb
ad_00929,2023-07,166.81,144.06,17122,56,0,climb further in our gloves,climb further in our new gloves.,image,1:1,adventure,img_gloves:Image|gloves:Noun
ad_00930,2023-07,191.05,1166.15,16609,163,3,premium baselayer built to shred,Built to shred. Premium baselayer.,video,4:5,urban,vid_baselayer:Video|baselayer:Noun
ad_00931,2023-07,90.95,120.52,46527,163,1,new cap collection,"Engineered for performance 25 on every terrain. Our cap is designed to help you descend with total confidence, whether you are on a mountain pass or a city commute through changing weather.",image,9:16,adventure,img_cap:Image|cap:Noun|descend:Verb|all day comfort:Phrase
ad_00932,2023-07,196.93,1261.0,11532,120,3,the socks you need to train,Ride ready. Try our socks today.,video,4:5,adult,vid_socks:Video|socks:Noun|built to last:Phrase
ad_00933,2023-07,110.62,109.73,8013,36,0,train further 19 in our jersey,Built to train. Premium jersey.,image,9:16,gravel,img_jersey:Image|train:Verb
ad_00934,2023-07,539.72,1856.78,31826,290,5,tights for every gear,Our tights lets you gear better.,video,1:1,accessories,vid_tights:Video|tights:Noun
ad_00935,2023-07,704.62,1484.2,20681,175,3,explore further in our vest,"Built for the long haul. Our premium vest combines technical fabrics with a refined fit so you can explore harder and go further, no matter what the forecast brings this season.",image,9:16,gravel,img_vest:Image|vest:Noun|lightweight layers:Phrase
ad_00936,2023-07,302.14,435.12,21745,84,1,tights for 26 every train,Our tights lets you train better.,video,4:5,adventure,vid_tights:Video|tights:Noun|train:Verb
ad_00937,2023-07,155.67,368.67,23364,214,4,11 premium jacket built to conquer,Ride 12 ready. Try our jacket today.,image,9:16,mountain,img_jacket:Image
ad_00938,2023-07,244.08,684.39,11405,80,2,layer further in our shell,Our shell lets you layer better.,video,1:1,gravel,vid_shell:Video|shell:Noun
ad_00939,2023-07,124.5,541.03,35663,349,6,jacket for every gear,24 Ride ready. Try our jacket today.,video,1:1,accessories,vid_jacket:Video|jacket:Noun
ad_00940,2023-07,103.16,142.51,24836,145,2,jersey for every ride,Our jersey lets you ride better.,image,1:1,road,img_jersey:Image|jersey:Noun
ad_00941,2023-07,117.59,420.8,4557,27,0,descend further in our baselayer,Our baselayer lets you descend better. 🔥,image,4:5,urban,img_baselayer:Image|baselayer:Noun
ad_00942,2023-07,61.86,153.34,17500,98,1,the jacket you need to climb,Built to climb. Premium jacket.,image,4:5,adult,img_jacket:Image
ad_00943,2023-07,56.57,603.6,19300,325,10,the vest 14 you need to pedal,pedal further 22 in our new vest. 🏔️,video,4:5,mountain,vid_vest:Video|vest:Noun|adventure awaits:Phrase
ad_00944,2023-07,215.56,255.34,18722,60,0,27 cruise further in our armwarmers,cruise further 18 in our new armwarmers.,image,4:5,adventure,img_armwarmers:Image|armwarmers:Noun|cruise:Verb
ad_00945,2023-07,374.82,449.25,7082,23,0,the tights you need to conquer,conquer further in our new tights. 🏔️,image,4:5,adventure,img_tights:Image|tights:Noun|conquer:Verb
ad_00946,2023-07,87.79,530.62,19245,203,4,premium wardrobe built to shred,Built to shred. Premium wardrobe. ⛰️,video,4:5,adult,vid_wardrobe:Video|new arrivals:Phrase
ad_00947,2023-07,122.93,194.73,30736,123,1,the socks you need to explore,Built to explore. Premium socks.,video,1:1,adventure,vid_socks:Video|socks:Noun|explore:Verb|gravel ready:Phrase
ad_00948,2023-07,214.18,304.96,12584,72,1,race further in our baselayer,Ride ready. Try our baselayer today.,image,9:16,gravel,img_baselayer:Image|baselayer:Noun|race:Verb|new arrivals:Phrase
ad_00949,2023-07,229.15,272.98,26269,163,2,conquer further 17 in our socks,Our socks lets you conquer better. 🏔️,image,9:16,casual,img_socks:Image|socks:Noun|conquer:Verb|cold weather essentials:Phrase
ad_00950,2023-07,69.96,63.41,23783,68,0,wardrobe for every shred,Ride ready. Try our wardrobe today.,image,1:1,adventure,img_wardrobe:Image|gravel ready:Phrase
ad_00951,2023-07,100.95,199.08,34746,232,4,new gloves collection,10 Built to conquer. Premium gloves.,image,1:1,road,img_gloves:Image
ad_00952,2023-07,166.91,1100.86,17152,165,4,24 jersey for every cruise,"Engineered for performance on every terrain. Our jersey is designed to help you cruise with total confidence, whether you are on a mountain pass or a city commute through changing weather.",video,4:5,gravel,vid_jersey:Video|jersey:Noun|built to last:Phrase
ad_00953,2023-07,108.77,672.98,19484,197,4,jacket for every conquer,Ride ready. Try our jacket today.,video,4:5,gravel,vid_jacket:Video|jacket:Noun|cold weather essentials:Phrase
ad_00954,2023-07,123.63,208.17,18233,122,1,the vest you need to cruise,Ride ready. Try our vest today.,image,4:5,adult,img_vest:Image|cruise:Verb
ad_00955,2023-07,331.64,1399.62,24580,254,6,premium tights built 20 to climb,Our tights lets 8 you climb better. ❄️,image,1:1,mountain,img_tights:Image|tights:Noun|lightweight layers:Phrase
ad_00956,2023-07,129.35,392.3,8158,49,1,the wardrobe you need to descend,"Engineered for performance on every terrain. Our wardrobe is designed to help you descend with total confidence, whether you are on a mountain pass or 2 a city commute through changing weather.",image,1:1,road,img_wardrobe:Image
ad_00957,2023-07,185.91,373.7,13574,104,1,the jersey you need to cruise,Ride ready. Try our jersey today. 🔥,image,1:1,urban,img_jersey:Image|jersey:Noun|cruise:Verb|race day ready:Phrase
ad_00958,2023-07,315.93,547.7,14082,73,1,new vest collection,Our vest lets you train better.,video,1:1,adventure,vid_vest:Video|vest:Noun|train:Verb|trail tested:Phrase
ad_00959,2023-07,83.61,188.46,26621,161,2,new gloves collection,Our gloves lets you gear better.,image,4:5,gravel,img_gloves:Image|gloves:Noun
ad_00960,2023-07,227.91,340.19,16460,96,2,explore further 17 in our kit,Our kit lets you explore better.,image,1:1,mountain,img_kit:Image|kit:Noun
ad_00961,2023-07,112.64,302.14,18310,119,2,the shell you need to climb,Built to climb. Premium shell. ☀️,image,4:5,gravel,img_shell:Image|shell:Noun|climb:Verb
ad_00962,2023-07,46.89,417.36,17968,294,9,shred further in our armwarmers,"Engineered for performance on 27 every terrain. Our armwarmers is designed to help you shred with total confidence, whether you are on a mountain pass or a city commute through changing weather.",video,1:1,mountain,vid_armwarmers:Video|shred:Verb
ad_00963,2023-07,152.94,426.74,3498,21,0,10 gear further in our jacket,"Engineered for performance on every terrain. Our jacket is designed to help you gear with total confidence, whether you are on a mountain pass or a city commute through 9 changing weather.",image,4:5,casual,img_jacket:Image|jacket:Noun|gear:Verb
ad_00964,2023-07,136.53,244.25,20235,108,2,new 21 tights collection,Ride ready. Try our tights today. 💪,video,9:16,accessories,vid_tights:Video|cruise:Verb
ad_00965,2023-07,186.82,288.87,30727,157,2,shred further in our gloves,shred further in our new gloves.,image,9:16,accessories,img_gloves:Image|gloves:Noun|shred:Verb|trail tested:Phrase
ad_00966,2023-07,307.8,478.84,30259,159,2,13 gear further in our baselayer,gear further in our new baselayer.,image,4:5,urban,img_baselayer:Image|baselayer:Noun|gear:Verb
ad_00967,2023-07,90.84,107.68,24202,90,1,premium vest built to sprint,"Engineered for performance on every terrain. Our vest is designed to help you sprint with total confidence, whether you are on a mountain pass or a city commute through changing weather.",image,4:5,adventure,img_vest:Image|sprint:Verb
ad_00968,2023-07,207.1,574.89,19866,173,3,shred further in our socks,Our socks lets you shred better.,image,4:5,sale,img_socks:Image|socks:Noun|shred:Verb|your spring wardrobe:Phrase
ad_00969,2023-07,179.53,523.63,9016,76,1,premium wardrobe built to sprint,Our wardrobe lets you sprint better.,video,9:16,accessories,vid_wardrobe:Video|wardrobe:Noun|sprint:Verb
ad_00970,2023-07,192.29,1153.02,33533,320,6,descend further in our jacket,14 Ride ready. Try our jacket today.,video,4:5,accessories,vid_jacket:Video|jacket:Noun|descend:Verb
ad_00971,2023-07,138.75,377.32,22192,167,3,new 22 kit collection,Our kit 22 lets you explore better.,video,1:1,gravel,vid_kit:Video|explore:Verb|trail tested:Phrase
ad_00972,2023-07,206.2,428.41,16487,110,1,17 new gloves collection,Ride ready. Try our gloves today.,video,9:16,accessories,vid_gloves:Video|gloves:Noun
ad_00973,2023-07,87.56,199.08,14042,125,2,explore further in 16 our gloves,Ride ready. Try our gloves today.,video,9:16,mountain,vid_gloves:Video|explore:Verb
ad_00974,2023-07,157.9,223.68,29231,146,2,gloves for every gear,Our gloves lets you gear better.,image,1:1,casual,img_gloves:Image|gloves:Noun
ad_00975,2023-07,74.21,291.97,9297,59,1,ride further in our tights,ride 25 further in our new tights.,image,4:5,adult,img_tights:Image
ad_00976,2023-07,174.38,335.93,32700,144,1,premium armwarmers built to climb,climb further in our new armwarmers.,video,4:5,adventure,vid_armwarmers:Video|climb:Verb
ad_00977,2023-07,109.51,82.16,18108,82,0,conquer further 7 in our vest,Our vest lets you conquer better.,image,9:16,sale,img_vest:Image|vest:Noun|conquer:Verb
ad_00978,2023-07,186.27,451.46,20134,112,2,the cap you need to race,"Lightweight and breathable, this cap keeps you comfortable from the first pedal stroke to the last. Designed for riders who race in all conditions and demand the very best from their gear.",image,9:16,road,img_cap:Image|all day comfort:Phrase
ad_00979,2023-07,167.32,1416.69,15043,209,7,baselayer for every push,12 push further in our new baselayer.,video,4:5,mountain,vid_baselayer:Video|baselayer:Noun|push:Verb
ad_00980,2023-07,219.8,252.92,7939,49,0,the bibs you need to sprint,sprint further in our new bibs.,image,9:16,casual,img_bibs:Image|bibs:Noun
ad_00981,2023-07,184.76,123.9,27759,64,0,premium vest built 25 to descend,Our vest 3 lets you descend better.,image,9:16,adventure,img_vest:Image|vest:Noun|descend:Verb
ad_00982,2023-07,115.17,276.35,9224,59,1,28 sprint further in our jacket,"Built for the long haul. Our premium jacket combines technical fabrics with a refined fit so you can sprint harder and go further, no matter what the forecast brings this season.",image,4:5,urban,img_jacket:Image|jacket:Noun|sprint:Verb
ad_00983,2023-07,123.55,191.63,34398,216,3,premium wardrobe built to layer,Our wardrobe lets you layer better.,image,1:1,commute,img_wardrobe:Image|wardrobe:Noun|layer:Verb|trail tested:Phrase
ad_00984,2023-07,212.36,169.19,27276,103,1,premium vest built to ride,Ride ready. Try our vest today. 💪,image,9:16,adventure,img_vest:Image|vest:Noun
ad_00985,2023-07,839.7,3031.12,18823,159,3,13 race further in our shell,race further in 3 our new shell.,video,4:5,road,vid_shell:Video|shell:Noun|race:Verb
ad_00986,2023-07,118.29,305.28,5236,31,0,kit 9 for every ride,"Engineered for performance on every terrain. Our kit is designed to help you ride with total confidence, whether you are on a mountain pass or a city commute through changing weather.",video,9:16,adult,vid_kit:Video|kit:Noun|trail tested:Phrase
ad_00987,2023-07,103.63,148.11,4647,25,0,climb further in 12 our shell,Our shell lets you climb better.,image,1:1,urban,img_shell:Image|shell:Noun|climb:Verb|adventure awaits:Phrase
ad_00988,2023-07,90.87,137.31,21291,111,1,conquer further in our kit,Ride ready. Try our kit today.,image,1:1,sale,img_kit:Image|conquer:Verb
ad_00989,2023-07,136.59,321.37,16849,114,2,the wardrobe you need to gear,gear further in our new wardrobe.,image,4:5,urban,img_wardrobe:Image|wardrobe:Noun|gear:Verb
ad_00990,2023-07,207.67,232.54,16617,90,1,shell 29 for every descend,"Lightweight and breathable, this shell keeps you comfortable from the first pedal stroke to the last. Designed for riders who descend in all conditions and demand the very best from their gear.",image,1:1,adult,img_shell:Image|shell:Noun|descend:Verb
ad_00991,2023-07,204.15,1046.9,11851,135,3,the tights you need to conquer,conquer further in our new tights.,video,1:1,mountain,vid_tights:Video
ad_00992,2023-07,75.4,74.13,14803,80,1,new 26 bibs collection,Our bibs lets you cruise better.,image,9:16,accessories,img_bibs:Image|bibs:Noun|cruise:Verb|gravel ready:Phrase
ad_00993,2023-07,96.87,185.34,72197,395,4,premium 4 baselayer built to ride,2 ride further in our new baselayer.,image,4:5,accessories,img_baselayer:Image|ride:Verb
ad_00994,2023-07,270.19,259.15,26723,118,1,the gloves 27 you need to conquer,conquer further in our new gloves.,image,1:1,road,img_gloves:Image|conquer:Verb
ad_00995,2023-07,118.89,469.58,11168,102,2,ride further in our vest,Built to ride. Premium vest.,image,4:5,commute,img_vest:Image|ride:Verb|gear up for summer:Phrase
ad_00996,2023-07,159.39,164.0,8233,26,0,ride further in our kit,"Built for the long haul. Our premium kit combines technical fabrics with a refined fit so you can ride harder and go further, no matter what the forecast brings this season.",image,1:1,adventure,img_kit:Image|kit:Noun|ride:Verb
ad_00997,2023-07,75.09,100.97,12005,80,1,cap for every shred,Our cap lets you shred better.,image,9:16,casual,img_cap:Image|cap:Noun|race day ready:Phrase
ad_00998,2023-07,173.92,547.39,13997,167,5,the socks you need to pedal,"Lightweight and breathable, this socks keeps you comfortable from the first pedal stroke to the last. Designed for riders who pedal in all conditions and demand the very best from their gear.",image,9:16,mountain,img_socks:Image|pedal:Verb|your spring wardrobe:Phrase
ad_00999,2023-07,168.65,143.01,39921,187,2,26 wardrobe for every ride,Ride ready. Try our wardrobe today.,image,9:16,commute,img_wardrobe:Image|wardrobe:Noun|ride:Verb
ad_01000,2023-07,58.75,92.0,18477,119,1,9 new vest collection,Our vest lets you 26 push better.,image,9:16,commute,img_vest:Image|vest:Noun|push:Verb|cold weather essentials:Phrase
ad_01001,2023-07,178.83,1068.76,39870,414,9,new armwarmers collection,"Built for the long haul. Our premium armwarmers combines technical fabrics with a refined fit so you can gear harder and go further, no matter what the forecast brings this season.",video,4:5,accessories,vid_armwarmers:Video|armwarmers:Noun|gear:Verb
ad_01002,2023-07,50.64,129.23,16847,124,2,the cap you need 18 to descend,descend further in our new cap. 🚴,image,4:5,accessories,img_cap:Image|all day comfort:Phrase
ad_01003,2023-07,109.99,774.39,16759,183,5,ride further in our jersey,Our jersey lets you ride better.,video,4:5,gravel,vid_jersey:Video|ride in comfort:Phrase
ad_01004,2023-07,153.78,607.09,19132,188,3,new tights collection,Ride ready. Try our tights today. ⛰️,image,4:5,road,img_tights:Image|race:Verb|lightweight layers:Phrase
ad_01005,2023-08,184.04,795.15,12035,145,4,shell for every climb,Built to climb. Premium shell.,video,1:1,mountain,vid_shell:Video
ad_01006,2023-10,522.85,1430.01,15512,88,1,15 jersey for every ride,ride further in our new jersey. ❄️,video,1:1,adult,vid_jersey:Video|jersey:Noun|ride:Verb|built to last:Phrase
ad_01007,2023-10,637.67,1289.59,18959,125,2,layer further in our vest,Ride ready. Try our vest today.,image,1:1,mountain,img_vest:Image|vest:Noun|layer:Verb|ride in comfort:Phrase
ad_01008,2023-10,125.11,652.12,11231,88,2,9 gloves for every push,Ride ready. Try our gloves today. 🌧️,video,4:5,sale,vid_gloves:Video|gloves:Noun|cold weather essentials:Phrase
ad_01009,2023-10,471.42,2304.34,17821,155,4,premium jersey 5 built to shred,Our jersey lets you shred better.,video,4:5,commute,vid_jersey:Video|jersey:Noun|adventure awaits:Phrase
ad_01010,2023-10,159.52,394.28,21568,174,3,premium armwarmers built to gear,Built to gear. Premium armwarmers.,image,4:5,mountain,img_armwarmers:Image|your spring wardrobe:Phrase
ad_01011,2023-10,277.59,1956.87,15529,184,4,train further in our bibs,Built to train. 17 Premium bibs.,video,4:5,gravel,vid_bibs:Video|bibs:Noun|train:Verb
ad_01012,2023-10,170.45,458.92,13323,101,1,train further in our socks,Built to train. Premium socks.,image,4:5,commute,img_socks:Image|socks:Noun
ad_01013,2023-10,222.48,418.65,20295,116,1,explore 16 further in our tights,Our tights lets you explore better.,video,1:1,sale,vid_tights:Video|tights:Noun
ad_01014,2023-10,108.07,257.35,16333,78,1,socks 11 for every layer,Ride ready. Try our socks today.,video,4:5,adult,vid_socks:Video|socks:Noun
ad_01015,2023-10,177.06,942.25,9998,110,3,new kit collection,"Built for the long haul. Our premium kit combines technical fabrics with a refined fit so you can conquer harder and go further, no matter what the forecast brings this season. 🌧️",video,9:16,gravel,vid_kit:Video|conquer:Verb
ad_01016,2023-10,349.47,1094.15,25999,224,4,armwarmers for every shred,Ride ready. Try our armwarmers today. 🏔️,video,9:16,mountain,vid_armwarmers:Video
ad_01017,2023-10,92.17,902.6,18311,193,5,premium shell built to cruise,cruise further in our 21 new shell. 🚴,video,4:5,commute,vid_shell:Video|cruise:Verb|your spring wardrobe:Phrase
ad_01018,2023-10,377.81,773.66,20052,117,2,premium tights built to ride,"Built for the long haul. Our premium tights combines technical fabrics with a refined fit so you can ride harder and go further, no matter what the forecast 12 brings this season.",image,1:1,adult,img_tights:Image|tights:Noun|ride:Verb
ad_01019,2023-10,52.57,98.89,32678,192,2,premium jacket built to explore,Ride ready. Try our 22 jacket today.,image,1:1,sale,img_jacket:Image|jacket:Noun|explore:Verb|race day ready:Phrase
ad_01020,2023-10,195.56,702.6,13403,80,1,2 new wardrobe collection,27 Ride ready. Try our wardrobe today.,video,4:5,sale,vid_wardrobe:Video|wardrobe:Noun
ad_01021,2023-10,96.68,386.3,9103,68,1,premium vest built to sprint,Our vest lets you sprint better.,video,4:5,commute,vid_vest:Video|vest:Noun|sprint:Verb
ad_01022,2023-10,321.89,2365.29,13907,123,3,wardrobe for every descend,"Engineered for performance on every terrain. Our wardrobe is designed to help you descend with total confidence, whether you 17 are on a mountain pass or a city commute through changing weather.",image,4:5,urban,img_wardrobe:Image|wardrobe:Noun|new arrivals:Phrase
ad_01023,2023-10,428.95,548.03,6820,31,0,new armwarmers collection,Built 18 to climb. Premium armwarmers.,image,9:16,sale,img_armwarmers:Image
ad_01024,2023-10,50.46,81.92,23168,174,3,jacket for every pedal,Our jacket lets you pedal better.,image,1:1,gravel,img_jacket:Image|jacket:Noun|pedal:Verb
ad_01025,2023-10,69.7,185.42,13914,111,2,bibs 13 for every shred,Ride ready. Try our bibs today. 💪,video,1:1,commute,vid_bibs:Video|bibs:Noun
ad_01026,2023-10,461.81,1116.72,6339,37,1,bibs for every cruise,Built to cruise. Premium bibs.,video,1:1,sale,vid_bibs:Video|bibs:Noun|cruise:Verb
ad_01027,2023-10,249.41,356.11,10030,58,1,kit for every layer,Our kit lets you layer better.,image,9:16,mountain,img_kit:Image
ad_01028,2023-10,101.78,263.55,8639,50,1,new shorts collection,Our shorts 21 lets you gear better.,image,4:5,adult,img_shorts:Image|shorts:Noun
ad_01029,2023-10,74.43,125.5,24095,162,2,9 shorts for every push,12 Ride ready. Try our shorts today.,image,9:16,casual,img_shorts:Image|shorts:Noun|gear up for summer:Phrase
ad_01030,2023-10,357.69,786.99,20229,99,1,new 21 tights collection,conquer further in 22 our new tights.,video,1:1,adult,vid_tights:Video|tights:Noun|conquer:Verb
ad_01031,2023-10,71.08,118.96,15802,70,1,new tights collection,16 descend further in our new tights.,image,1:1,accessories,img_tights:Image|tights:Noun
ad_01032,2023-10,138.73,458.78,39756,408,11,premium wardrobe built 12 to pedal,Our wardrobe lets you pedal better.,video,9:16,adventure,vid_wardrobe:Video|wardrobe:Noun|pedal:Verb|new arrivals:Phrase
ad_01033,2023-10,422.31,2599.69,4632,43,1,the vest you need to cruise,cruise further 6 in our new vest.,video,4:5,urban,vid_vest:Video
ad_01034,2023-10,148.0,302.41,9680,82,1,new vest collection,race further in our new vest.,image,1:1,adventure,img_vest:Image|vest:Noun|race:Verb
ad_01035,2023-10,59.22,336.07,26073,330,8,new shorts collection,"Built for the long haul. Our premium shorts combines technical fabrics with a refined fit so you can conquer harder and go further, no matter what the forecast brings this season.",video,1:1,gravel,vid_shorts:Video|shorts:Noun|trail tested:Phrase
ad_01036,2023-10,65.14,209.09,16717,140,2,premium wardrobe 22 built to push,Our wardrobe lets you 8 push better. 🏔️,video,1:1,commute,vid_wardrobe:Video|wardrobe:Noun|push:Verb
ad_01037,2023-10,337.93,1865.83,11686,151,5,shred further in our vest,shred further 16 in our new vest.,image,4:5,adventure,img_vest:Image|vest:Noun|shred:Verb|new arrivals:Phrase
ad_01038,2023-10,185.98,379.13,18620,119,1,new wardrobe collection,conquer further in 21 our new wardrobe.,image,9:16,casual,img_wardrobe:Image|wardrobe:Noun
ad_01039,2023-10,51.76,437.14,6457,85,3,premium bibs built to pedal,pedal further in our new bibs.,video,4:5,gravel,vid_bibs:Video|bibs:Noun|built to last:Phrase
ad_01040,2023-10,112.26,156.58,19379,121,1,push 17 further in our baselayer,push further in our new baselayer.,image,1:1,gravel,img_baselayer:Image|baselayer:Noun|all day comfort:Phrase
ad_01041,2023-10,79.03,325.81,32129,274,5,gloves for every shred,Ride ready. Try our 4 gloves today.,video,1:1,casual,vid_gloves:Video|gloves:Noun|shred:Verb
ad_01042,2023-10,1658.96,8286.76,13406,124,2,premium tights built to layer,Our tights lets you layer better.,video,4:5,urban,vid_tights:Video|tights:Noun|layer:Verb
ad_01043,2023-10,339.9,1151.97,28161,210,3,gloves for 26 every layer,Built to layer. Premium gloves.,video,4:5,urban,vid_gloves:Video|gloves:Noun
ad_01044,2023-10,197.47,865.87,16794,186,5,the shorts you need to gear,Our shorts lets you gear better.,video,1:1,adventure,vid_shorts:Video|shorts:Noun
ad_01045,2023-10,168.93,341.04,38881,259,3,new armwarmers collection,Our armwarmers lets you 6 explore better.,image,9:16,gravel,img_armwarmers:Image|armwarmers:Noun|explore:Verb
ad_01046,2023-10,228.82,197.6,9211,37,0,vest for 21 every explore,14 Built to explore. Premium vest.,image,9:16,accessories,img_vest:Image|vest:Noun
ad_01047,2023-10,41.2,332.07,17929,248,7,bibs for every train,"Lightweight and breathable, this bibs keeps you comfortable from the first pedal stroke to the last. Designed for riders who train in all conditions and demand the very best from their gear.",video,9:16,adventure,vid_bibs:Video|bibs:Noun|all day comfort:Phrase
ad_01048,2023-10,780.14,1143.92,22362,132,1,premium wardrobe built to conquer,"Lightweight and breathable, this wardrobe keeps you comfortable from the first pedal stroke to the last. Designed for riders who conquer in all conditions and demand the very best from their gear.",image,9:16,road,img_wardrobe:Image
ad_01049,2023-10,67.92,46.24,9884,41,0,premium 28 jersey built to explore,Ride ready. Try our jersey today.,image,9:16,accessories,img_jersey:Image|jersey:Noun
ad_01050,2023-10,449.64,596.57,10830,56,1,the tights you need to explore,Built to explore. Premium tights.,image,9:16,sale,img_tights:Image|explore:Verb|new arrivals:Phrase
ad_01051,2023-10,101.94,141.55,6256,31,0,the kit 2 you need to explore,explore further in our new kit.,image,4:5,sale,img_kit:Image|explore:Verb|lightweight layers:Phrase
ad_01052,2023-10,131.31,536.62,32984,253,3,premium 2 gloves built to climb,"Built for the long haul. Our premium gloves combines technical fabrics with a refined fit so you can climb harder and go further, no matter what the forecast brings this season.",video,4:5,road,vid_gloves:Video|your spring wardrobe:Phrase
ad_01053,2023-10,187.98,914.59,13159,136,3,sprint further in our cap,"Engineered for performance on every terrain. Our cap is designed to help you sprint with total confidence, whether you are on a mountain pass or a city commute through changing weather.",video,1:1,urban,vid_cap:Video|cap:Noun|your spring wardrobe:Phrase
ad_01054,2023-10,309.91,1503.96,9297,85,2,armwarmers for every climb,climb further in our new armwarmers.,video,4:5,commute,vid_armwarmers:Video|armwarmers:Noun|all day comfort:Phrase
ad_01055,2023-10,183.06,1150.29,28613,393,9,layer further in our bibs,"Engineered for performance on every terrain. Our bibs is designed to help you layer with total confidence, 29 whether you are on a mountain pass or a city commute through changing weather. 🌧️",image,1:1,adventure,img_bibs:Image|bibs:Noun
ad_01056,2023-10,125.26,222.37,20515,142,2,wardrobe for every cruise,cruise further in 28 our new wardrobe.,image,9:16,adult,img_wardrobe:Image|wardrobe:Noun|trail tested:Phrase
ad_01057,2023-10,150.91,552.15,20852,142,2,the shorts you need to descend,"Lightweight and breathable, this shorts keeps you comfortable from the first pedal stroke to the last. Designed for 23 riders who descend in all conditions and demand the very best from their gear.",video,9:16,accessories,vid_shorts:Video|shorts:Noun
ad_01058,2023-10,148.54,221.84,17099,97,1,the baselayer you need to train,Built to train. Premium baselayer.,image,1:1,mountain,img_baselayer:Image|baselayer:Noun
ad_01059,2023-10,279.1,448.61,10215,55,1,premium shorts 14 built to explore,Ride ready. Try our shorts today.,image,1:1,commute,img_shorts:Image|shorts:Noun|race day ready:Phrase
ad_01060,2023-10,252.15,312.03,14938,78,1,descend further in our baselayer,Ride ready. Try our baselayer today.,image,1:1,sale,img_baselayer:Image|baselayer:Noun|descend:Verb|new arrivals:Phrase
ad_01061,2023-10,172.76,362.57,15492,76,1,new shorts collection,Ride ready. Try our 8 shorts today.,image,4:5,accessories,img_shorts:Image|climb:Verb
ad_01062,2023-10,434.04,1567.87,10309,84,1,premium tights built to push,Our tights lets you push better.,image,4:5,mountain,img_tights:Image|ride in comfort:Phrase
ad_01063,2023-10,268.15,671.74,9962,52,1,the baselayer you need to layer,"Lightweight and breathable, this baselayer keeps you comfortable from the first pedal stroke to the last. Designed for riders who layer in all conditions and demand the very best from their gear.",image,4:5,accessories,img_baselayer:Image|baselayer:Noun|layer:Verb|trail tested:Phrase
ad_01064,2023-10,75.95,418.25,19505,180,5,train further in our jersey,Ride ready. Try 16 our jersey today.,image,4:5,gravel,img_jersey:Image|jersey:Noun|new arrivals:Phrase
ad_01065,2023-10,119.98,629.51,74641,761,16,new 2 vest collection,Ride ready. Try our vest today. 💪,video,4:5,mountain,vid_vest:Video|vest:Noun|race:Verb|adventure awaits:Phrase
ad_01066,2023-10,101.67,319.87,10229,111,2,13 new baselayer collection,pedal further in our new baselayer.,video,1:1,adventure,vid_baselayer:Video|baselayer:Noun|pedal:Verb
ad_01067,2023-10,271.55,646.49,10472,88,2,vest for every gear,gear further in our new vest.,image,1:1,adventure,img_vest:Image|vest:Noun|gear:Verb
ad_01068,2023-10,422.79,3771.88,9401,143,4,premium vest built 23 to conquer,Ride ready. Try our vest today.,video,4:5,adventure,vid_vest:Video|vest:Noun|adventure awaits:Phrase
ad_01069,2023-10,119.39,210.07,42473,221,3,premium jersey built to conquer,Our jersey lets you conquer better.,image,4:5,road,img_jersey:Image|jersey:Noun
ad_01070,2023-10,193.99,370.69,7180,45,1,shorts for every train,Our shorts lets you train better. 🚴,image,1:1,casual,img_shorts:Image|shorts:Noun|train:Verb
ad_01071,2023-10,100.34,134.19,21717,114,1,premium shell built to descend,Built to descend. Premium shell.,image,9:16,casual,img_shell:Image|shell:Noun|descend:Verb
ad_01072,2023-10,217.96,1280.18,36113,357,9,new cap collection,"Lightweight and breathable, this cap keeps you comfortable from the first pedal stroke to the last. Designed for riders who train in all conditions and demand the very best from their gear.",video,4:5,commute,vid_cap:Video|cap:Noun|train:Verb
ad_01073,2023-10,115.96,276.32,17820,142,2,new gloves collection,descend further in our new gloves. ❄️,image,9:16,urban,img_gloves:Image|gloves:Noun|built to last:Phrase
ad_01074,2023-10,111.53,318.74,11600,102,2,explore further in our wardrobe,explore further in our 27 new wardrobe. ❄️,image,9:16,commute,img_wardrobe:Image|wardrobe:Noun|your spring wardrobe:Phrase
ad_01075,2023-10,224.74,681.45,17194,146,3,new socks collection,layer further in our new socks.,image,4:5,casual,img_socks:Image|socks:Noun|all day comfort:Phrase
ad_01076,2023-10,203.64,442.15,22226,142,2,gloves for every pedal,Built to pedal. Premium gloves. ⛰️,image,1:1,casual,img_gloves:Image|gloves:Noun|pedal:Verb|gravel ready:Phrase
ad_01077,2023-10,60.22,119.91,18480,94,1,21 jacket for every train,Our jacket lets you train better.,image,4:5,gravel,img_jacket:Image|jacket:Noun|train:Verb
ad_01078,2023-10,241.25,1146.69,11183,89,2,armwarmers for every train,"Engineered for performance on every terrain. Our armwarmers is designed to help you train with total confidence, whether you are on a mountain pass or a city commute through changing weather.",video,1:1,mountain,vid_armwarmers:Video
ad_01079,2023-10,102.91,175.1,24846,119,2,descend further in 5 our jacket,descend further in our new jacket. ❄️,image,4:5,mountain,img_jacket:Image|descend:Verb
ad_01080,2023-10,321.98,1036.07,11888,79,1,premium 11 shorts built to train,Ride ready. Try our shorts today.,video,4:5,road,vid_shorts:Video|shorts:Noun|train:Verb|cold weather essentials:Phrase
ad_01081,2023-10,67.9,418.51,9065,88,2,tights 22 for every race,Built 5 to race. Premium tights. 🌧️,image,4:5,gravel,img_tights:Image|tights:Noun|adventure awaits:Phrase
ad_01082,2023-10,418.16,1576.97,20635,185,3,new bibs collection,"Built for the long haul. Our premium bibs combines technical fabrics with a refined fit so you can sprint harder and go further, no matter what the forecast brings this season.",video,9:16,mountain,vid_bibs:Video|bibs:Noun
ad_01083,2023-10,180.85,316.86,26354,162,2,tights 23 for every train,Built to train. Premium tights.,image,4:5,urban,img_tights:Image|tights:Noun|train:Verb
ad_01084,2023-10,359.25,402.31,18666,79,1,premium cap built to ride,Ride ready. Try our cap today.,image,9:16,accessories,img_cap:Image|cap:Noun|lightweight layers:Phrase
ad_01085,2023-10,152.62,257.34,17789,135,2,the shell you need to explore,explore further in our new shell.,image,9:16,commute,img_shell:Image|shell:Noun|gear up for summer:Phrase
ad_01086,2023-10,286.84,2267.24,30182,363,10,the gloves you need to descend,"Lightweight and breathable, this gloves keeps you comfortable from the first pedal stroke to the last. Designed for riders who descend in all conditions and demand the very best from 10 their gear.",video,9:16,mountain,vid_gloves:Video|gloves:Noun|cold weather essentials:Phrase
ad_01087,2023-10,433.38,8013.16,20515,393,15,gear further in our vest,gear further in 25 our new vest. 💪,video,4:5,adventure,vid_vest:Video|vest:Noun|gear:Verb|ride in comfort:Phrase
ad_01088,2023-11,313.82,1021.2,17169,84,1,new vest collection,16 Ride ready. Try our vest today. 🌧️,image,4:5,road,img_vest:Image
ad_01089,2023-11,322.36,1140.57,22725,168,3,tights for every ride,Our tights lets 16 you ride better.,video,9:16,accessories,vid_tights:Video|tights:Noun|ride:Verb|adventure awaits:Phrase
ad_01090,2023-11,313.99,248.62,19131,58,0,10 gear further in our jacket,"Engineered for performance on every terrain. Our jacket 15 is designed to help you gear with total confidence, whether you are on a mountain pass or a city commute through changing weather.",image,9:16,sale,img_jacket:Image|jacket:Noun|gear:Verb
ad_01091,2023-11,289.5,692.4,15922,101,1,tights for every layer,layer further in our new tights.,image,4:5,casual,img_tights:Image
ad_01092,2023-11,84.65,799.26,10226,87,2,the wardrobe you need to sprint,"Lightweight and breathable, this wardrobe keeps you comfortable from the first pedal stroke to the last. Designed for 15 riders who sprint in all conditions and demand the very best from their gear.",video,4:5,road,vid_wardrobe:Video|wardrobe:Noun|sprint:Verb|built to last:Phrase
ad_01093,2023-11,531.17,2713.38,24516,300,10,16 new socks collection,ride further in our new socks.,video,4:5,adventure,vid_socks:Video|socks:Noun|ride:Verb|race day ready:Phrase
ad_01094,2023-11,449.45,1591.14,9362,77,1,premium vest built to cruise,"Lightweight and breathable, this vest keeps you comfortable from the first pedal stroke to the last. Designed for riders who cruise in all conditions and demand the very best from their gear.",video,9:16,urban,vid_vest:Video|vest:Noun
ad_01095,2023-11,26.19,126.57,9745,70,1,climb further in our jacket,"Lightweight and breathable, this jacket keeps you comfortable from the first pedal stroke to 4 the last. Designed for riders who climb in all conditions and demand the very best from their gear.",video,9:16,mountain,vid_jacket:Video|jacket:Noun|gear up for summer:Phrase
ad_01096,2023-11,276.1,1378.26,13141,91,2,gear further in our jacket,Our jacket lets you gear better. ⛰️,video,4:5,adult,vid_jacket:Video|jacket:Noun|gear:Verb|your spring wardrobe:Phrase
ad_01097,2023-11,106.11,109.52,23898,105,1,train 27 further in our socks,Our socks lets you train better.,image,4:5,road,img_socks:Image
ad_01098,2023-11,242.53,1385.95,39228,352,8,the vest you need to conquer,"Built for the long haul. Our premium vest combines technical fabrics with a refined fit so you can conquer harder and go further, no matter what the forecast brings this season.",video,4:5,casual,vid_vest:Video|conquer:Verb
ad_01099,2023-11,383.72,1390.13,12929,100,2,new armwarmers collection,climb further in our new armwarmers.,video,1:1,commute,vid_armwarmers:Video|armwarmers:Noun
ad_01100,2023-11,37.5,126.95,4790,34,0,jacket for every ride,Ride ready. Try our jacket today.,video,1:1,road,vid_jacket:Video|jacket:Noun|new arrivals:Phrase
ad_01101,2023-11,362.41,766.45,17531,100,1,premium tights built to push,Built to 10 push. Premium tights. ⛰️,image,1:1,urban,img_tights:Image|tights:Noun|push:Verb
ad_01102,2023-11,94.64,855.23,18743,236,7,premium gloves built to explore,"Engineered for performance on every terrain. Our gloves is designed to help you explore with total confidence, whether you 11 are on a mountain pass or a city commute through changing weather.",video,4:5,casual,vid_gloves:Video|gloves:Noun|explore:Verb|trail tested:Phrase
ad_01103,2023-11,161.85,185.79,25832,76,1,premium bibs built 2 to shred,"Lightweight and breathable, this bibs keeps you comfortable from the first pedal stroke to the last. Designed for riders who shred in all conditions and demand the very best from their gear.",video,9:16,sale,vid_bibs:Video
ad_01104,2023-11,183.53,440.49,44300,299,4,premium cap built to ride,"Lightweight and breathable, this cap keeps you comfortable from the first pedal stroke to the last. Designed for riders who ride in all conditions and demand the very best from their gear.",image,4:5,mountain,img_cap:Image|cap:Noun
ad_01105,2023-11,75.32,420.04,24715,354,10,9 tights for every explore,29 Ride ready. Try our tights today. 🔥,image,4:5,adventure,img_tights:Image|new arrivals:Phrase
ad_01106,2023-11,94.5,661.55,11916,145,3,the shorts you need to conquer,"19 Built for the long haul. Our premium shorts combines technical fabrics with a refined fit so you can conquer harder and go further, no matter what the forecast brings this season.",image,4:5,adventure,img_shorts:Image|conquer:Verb|your spring wardrobe:Phrase
ad_01107,2023-11,193.64,298.59,20392,109,1,premium jersey built to cruise,Our jersey lets 23 you cruise better.,image,1:1,mountain,img_jersey:Image|jersey:Noun|cruise:Verb
ad_01108,2023-11,284.94,404.85,38695,189,2,socks for every sprint,sprint further in our new socks. 🔥,image,1:1,adult,img_socks:Image|socks:Noun
ad_01109,2023-11,166.56,456.15,18690,188,4,climb further 21 in our cap,Our cap lets you climb better.,image,9:16,adventure,img_cap:Image|cold weather essentials:Phrase
ad_01110,2023-11,102.93,132.98,14378,53,0,the bibs you need to push,Ride ready. Try our bibs today.,image,4:5,accessories,img_bibs:Image|push:Verb
ad_01111,2023-11,145.18,110.74,6238,21,0,premium jersey 15 built to ride,Ride ready. Try our jersey today. 🏔️,image,9:16,mountain,img_jersey:Image|jersey:Noun
ad_01112,2023-11,221.42,542.31,26826,162,2,8 premium cap built to push,"Built for the long haul. Our premium cap combines technical fabrics with a refined fit so you can push harder and go further, no matter what the forecast brings this season.",image,4:5,urban,img_cap:Image|cap:Noun
ad_01113,2023-11,190.02,258.93,15331,100,1,2 the vest you need to explore,Ride ready. Try our vest today.,image,1:1,gravel,img_vest:Image|vest:Noun
ad_01114,2023-11,272.88,939.21,20941,123,2,premium 14 shorts built to layer,Our shorts lets you 19 layer better.,video,4:5,road,vid_shorts:Video|shorts:Noun
ad_01115,2023-11,109.74,179.76,23082,123,1,the gloves 20 you need to sprint,Our gloves lets you sprint better. 🌧️,video,1:1,accessories,vid_gloves:Video|gloves:Noun|sprint:Verb
ad_01116,2023-11,65.14,188.36,14450,101,2,climb further in our vest,Built to climb. Premium vest.,video,1:1,commute,vid_vest:Video|vest:Noun
ad_01117,2023-11,275.68,1689.04,7282,63,1,cruise further in our baselayer,Our baselayer 8 lets you cruise better. 🚴,video,4:5,road,vid_baselayer:Video
ad_01118,2023-11,209.25,871.42,11911,138,3,pedal further in our armwarmers,"Engineered for performance on every terrain. Our armwarmers is designed to help you pedal with total confidence, whether you are on a mountain pass or a city commute through changing weather.",image,1:1,adventure,img_armwarmers:Image|armwarmers:Noun|gear up for summer:Phrase
ad_01119,2023-11,438.94,1047.7,125799,648,7,premium vest built to ride,"Lightweight and breathable, this vest keeps you comfortable from the first pedal stroke to the last. Designed for riders who ride in all conditions and demand the very best from their gear.",image,4:5,mountain,img_vest:Image|vest:Noun|ride:Verb
ad_01120,2023-11,193.66,307.47,10306,58,1,the armwarmers you need to explore,"Built for the long haul. Our premium armwarmers combines technical fabrics with a refined fit so you can explore harder and go further, no matter what the forecast brings this season. ⛰️",image,9:16,mountain,img_armwarmers:Image|armwarmers:Noun|explore:Verb
ad_01121,2023-11,287.94,378.16,24149,149,2,shred further in our kit,Our kit lets you shred better.,image,9:16,gravel,img_kit:Image|kit:Noun|shred:Verb
ad_01122,2023-11,125.25,210.52,15212,68,1,cap for every shred,"Engineered for performance on every terrain. Our cap is designed to help you shred with total confidence, whether you are on a mountain pass or a city commute through changing weather.",image,1:1,road,img_cap:Image|cap:Noun
ad_01123,2023-11,259.76,249.49,12248,39,0,the kit 15 you need to shred,shred further in our new kit.,video,9:16,sale,vid_kit:Video|kit:Noun
ad_01124,2023-11,216.64,492.77,32170,278,4,armwarmers 16 for every climb,Built to climb. Premium armwarmers.,video,9:16,urban,vid_armwarmers:Video|armwarmers:Noun|climb:Verb|cold weather essentials:Phrase
ad_01125,2023-11,221.94,359.74,10550,54,1,the armwarmers you need to climb,"Built for the long haul. Our premium armwarmers combines technical fabrics with a refined fit so you can climb harder and go further, no matter what the forecast brings this season.",image,1:1,accessories,img_armwarmers:Image|climb:Verb
ad_01126,2023-11,192.96,329.55,11841,67,1,pedal further in our gloves,Built to pedal. Premium gloves.,image,1:1,urban,img_gloves:Image|pedal:Verb
ad_01127,2023-11,187.08,583.74,17886,142,3,7 the vest you need to train,Our vest 4 lets you train better.,video,9:16,urban,vid_vest:Video|train:Verb|adventure awaits:Phrase
ad_01128,2023-11,166.81,478.54,24971,167,2,the baselayer you need to race,Ride ready. Try our baselayer today.,video,1:1,accessories,vid_baselayer:Video|ride in comfort:Phrase
ad_01129,2023-11,85.69,399.46,22621,279,7,premium armwarmers built to conquer,21 Built to conquer. Premium armwarmers. 🏔️,video,9:16,casual,vid_armwarmers:Video|conquer:Verb|new arrivals:Phrase
ad_01130,2023-11,285.99,343.22,31359,129,1,premium vest built to layer,"Built for the long haul. Our premium vest combines technical fabrics with a refined fit so you can layer harder and go further, no matter what the forecast brings this season.",image,9:16,adult,img_vest:Image|vest:Noun
ad_01131,2023-11,58.41,99.84,27612,192,2,16 tights for every pedal,Built to pedal. 18 Premium tights.,image,1:1,casual,img_tights:Image|your spring wardrobe:Phrase
ad_01132,2023-11,258.34,420.38,13689,73,1,the gloves you need to climb,"Lightweight and breathable, this gloves keeps you comfortable from the first pedal stroke to the last. Designed for riders who climb in all conditions and demand the very best from their gear.",image,9:16,mountain,img_gloves:Image|climb:Verb|built to last:Phrase
ad_01133,2023-11,272.35,193.38,15759,40,0,the tights you need to sprint,sprint further in our new tights.,image,1:1,sale,img_tights:Image|sprint:Verb
ad_01134,2023-12,357.74,783.87,13499,76,1,new 13 bibs collection,"Lightweight and breathable, this bibs keeps you comfortable from the first pedal stroke to the last. Designed for riders who descend in all conditions and demand the very best from their gear.",image,1:1,gravel,img_bibs:Image|bibs:Noun|ride in comfort:Phrase
ad_01135,2023-12,225.87,170.91,18074,79,1,8 new shell collection,climb further in our new shell.,image,9:16,gravel,img_shell:Image|climb:Verb
ad_01136,2023-12,70.0,176.9,32578,174,2,kit for every push,"13 Lightweight and breathable, this kit keeps you comfortable from the first pedal stroke to the last. Designed for riders who push in all conditions and demand the very best from their gear.",image,1:1,accessories,img_kit:Image
ad_01137,2023-12,111.48,159.61,5362,27,0,pedal further 9 in our socks,pedal further in our new socks. 💪,image,4:5,casual,img_socks:Image|pedal:Verb
ad_01138,2023-12,130.7,347.17,19785,104,1,new wardrobe collection,Ride ready. Try our wardrobe today. 💪,video,9:16,mountain,vid_wardrobe:Video|wardrobe:Noun|trail tested:Phrase
ad_01139,2023-12,227.84,626.3,10775,84,1,cap for every gear,gear further in our new cap. 🔥,image,1:1,gravel,img_cap:Image|cap:Noun|adventure awaits:Phrase
ad_01140,2023-12,107.25,191.11,22231,154,2,premium 13 cap built to race,Ride ready. Try our cap today.,image,4:5,adventure,img_cap:Image|cap:Noun|race:Verb
ad_01141,2023-12,132.54,312.94,20059,117,2,new tights collection,Ride ready. Try our tights today.,image,4:5,commute,img_tights:Image|tights:Noun|push:Verb|your spring wardrobe:Phrase
ad_01142,2023-12,163.92,109.68,44926,151,1,premium tights 21 built to pedal,Ride ready. Try our tights today.,image,9:16,urban,img_tights:Image|pedal:Verb
ad_01143,2023-12,171.1,365.94,12830,87,1,premium vest built to shred,"Built for the long haul. Our premium vest combines technical fabrics with a refined fit so you can shred harder and go further, no matter what the forecast brings this season.",image,1:1,adventure,img_vest:Image|vest:Noun|shred:Verb
ad_01144,2023-12,215.76,371.92,22075,125,2,the armwarmers you need to descend,Our armwarmers lets you descend better.,video,9:16,accessories,vid_armwarmers:Video|armwarmers:Noun
ad_01145,2023-12,214.76,630.98,26131,126,1,premium 16 shorts built to pedal,"Lightweight and breathable, this shorts keeps you comfortable from the first pedal stroke to the last. Designed for riders who pedal in all conditions and demand the very best from their gear. 🌧️",video,4:5,sale,vid_shorts:Video|gravel ready:Phrase
ad_01146,2023-12,40.33,164.11,15779,122,2,20 premium bibs built to conquer,conquer further in our 9 new bibs.,video,4:5,gravel,vid_bibs:Video|conquer:Verb|lightweight layers:Phrase
ad_01147,2023-12,44.96,82.52,21361,126,1,ride further 6 in our vest,"Engineered for performance on every terrain. Our vest is designed to help you ride with total confidence, whether you are on a mountain pass or a city commute through changing weather.",image,1:1,casual,img_vest:Image|race day ready:Phrase
ad_01148,2023-12,153.37,813.93,9220,72,1,bibs for every pedal,"Built for the long haul. Our premium bibs combines technical fabrics with a refined fit so you can pedal harder and go further, no matter what the forecast brings this season.",video,4:5,road,vid_bibs:Video|bibs:Noun
ad_01149,2023-12,216.52,623.8,21358,161,2,kit for every layer,Our kit lets you layer better.,video,9:16,adventure,vid_kit:Video|kit:Noun
ad_01150,2023-12,195.79,1075.47,8629,63,1,premium jersey built to race,race 26 further in our new jersey.,video,4:5,urban,vid_jersey:Video|jersey:Noun
ad_01151,2023-12,49.51,57.37,13620,65,1,new socks collection,Ride ready. Try our socks today.,image,1:1,accessories,img_socks:Image|socks:Noun|shred:Verb
ad_01152,2023-12,96.05,92.09,14061,59,0,descend further 5 in our bibs,Ride ready. 11 Try our bibs today.,image,1:1,accessories,img_bibs:Image|bibs:Noun|descend:Verb
ad_01153,2023-12,357.4,1781.62,17128,125,2,premium kit built to sprint,Built to sprint. Premium kit.,video,4:5,road,vid_kit:Video|kit:Noun|gravel ready:Phrase
ad_01154,2023-12,253.82,320.49,21402,91,1,the shell you need to sprint,Built to sprint. Premium shell. ⛰️,image,1:1,road,img_shell:Image|shell:Noun|sprint:Verb
ad_01155,2023-12,84.51,225.17,12949,93,2,new socks collection,sprint further in our new socks.,video,9:16,casual,vid_socks:Video|socks:Noun|race day ready:Phrase
ad_01156,2023-12,142.76,114.24,23132,57,0,kit 23 for every descend,Our kit lets you descend better. ❄️,image,4:5,sale,img_kit:Image|kit:Noun|descend:Verb
ad_01157,2023-12,153.52,116.91,14955,38,0,the shorts you need to layer,Our shorts lets you layer better. 🚴,image,1:1,sale,img_shorts:Image|shorts:Noun|layer:Verb
ad_01158,2023-12,100.22,241.82,45265,307,3,premium shorts built to gear,gear 17 further in our new shorts.,image,4:5,road,img_shorts:Image
ad_01159,2023-12,261.71,723.63,16901,120,2,premium shorts built to train,"Built for the long haul. Our premium shorts combines technical fabrics with a refined fit so you 28 can train harder and go further, no matter what the forecast brings this season.",image,9:16,gravel,img_shorts:Image|shorts:Noun
ad_01160,2023-12,180.44,101.73,12384,44,0,descend further 10 in our shell,descend further in our new shell.,image,9:16,adult,img_shell:Image|shell:Noun|descend:Verb
ad_01161,2023-12,383.01,661.7,43739,212,2,new wardrobe collection,Our wardrobe lets you descend better. 🏔️,image,1:1,urban,img_wardrobe:Image|descend:Verb
ad_01162,2023-12,244.84,554.29,26688,220,3,layer further in our wardrobe,Our wardrobe lets you layer better. 🏔️,image,9:16,adventure,img_wardrobe:Image|wardrobe:Noun|trail tested:Phrase
ad_01163,2023-12,201.58,314.62,18759,107,1,22 new vest collection,Our vest lets you sprint better.,image,4:5,commute,img_vest:Image|sprint:Verb|all day comfort:Phrase
ad_01164,2023-12,256.56,399.64,30283,162,2,train further in our shorts,Ride ready. Try 11 our shorts today.,image,9:16,adult,img_shorts:Image|train:Verb|built to last:Phrase
ad_01165,2023-12,295.32,350.47,8665,48,1,premium wardrobe built to explore,explore further in our new wardrobe.,image,9:16,casual,img_wardrobe:Image|wardrobe:Noun|explore:Verb|lightweight layers:Phrase
ad_01166,2023-12,425.6,796.95,16392,80,1,premium 2 shell built to gear,"Engineered for performance on every terrain. Our shell is designed to help you gear with total confidence, whether you are on a mountain pass or a city commute through changing weather. 💪",video,9:16,mountain,vid_shell:Video|gear:Verb
ad_01167,2023-12,259.5,160.79,18484,60,0,new vest collection,conquer further in our new vest.,image,9:16,mountain,img_vest:Image|vest:Noun|conquer:Verb
ad_01168,2023-12,148.53,480.36,14971,95,1,kit for every descend,"Built for the long haul. Our premium kit combines technical fabrics with a refined fit so you can descend harder and go further, no matter what the forecast brings this season.",video,4:5,mountain,vid_kit:Video|kit:Noun
ad_01169,2023-12,101.4,351.94,18846,151,3,22 premium cap built to train,"Engineered for performance on every terrain. Our cap is designed to help you train with total confidence, whether you are on a mountain pass or a city commute through changing weather. 💪",video,9:16,commute,vid_cap:Video|cap:Noun|race day ready:Phrase
ad_01170,2023-12,322.86,1654.76,12452,133,3,conquer further in our wardrobe,Built to conquer. Premium wardrobe.,video,4:5,gravel,vid_wardrobe:Video|wardrobe:Noun|conquer:Verb|built to last:Phrase
ad_01171,2023-12,356.45,926.24,26781,165,2,new 12 jersey collection,Ride ready. Try our jersey today.,video,4:5,accessories,vid_jersey:Video|jersey:Noun
ad_01172,2023-12,146.63,141.44,19180,78,1,premium 22 shell built to sprint,29 sprint further in our new shell.,image,9:16,urban,img_shell:Image
ad_01173,2023-12,344.05,447.95,10154,50,0,26 armwarmers for every race,Built to race. Premium armwarmers.,image,4:5,road,img_armwarmers:Image|armwarmers:Noun|race:Verb
ad_01174,2023-12,181.07,704.16,6335,63,1,the armwarmers you need to layer,Built to layer. Premium armwarmers.,video,1:1,adventure,vid_armwarmers:Video|armwarmers:Noun|layer:Verb|lightweight layers:Phrase
ad_01175,2023-12,190.04,423.4,26308,167,2,new baselayer collection,Our baselayer lets you race better.,image,4:5,road,img_baselayer:Image|baselayer:Noun|lightweight layers:Phrase
ad_01176,2023-12,265.36,302.91,18218,66,1,kit for every ride,Ride ready. Try our kit today.,image,1:1,adult,img_kit:Image|ride:Verb
ad_01177,2023-12,233.39,2555.42,11367,113,3,armwarmers for every ride,Our armwarmers lets you 11 ride better. 💪,video,4:5,gravel,vid_armwarmers:Video|armwarmers:Noun|trail tested:Phrase
ad_01178,2023-12,269.9,306.91,13987,63,0,premium socks built 28 to push,push further in our 2 new socks.,image,1:1,accessories,img_socks:Image|socks:Noun
ad_01179,2023-12,179.91,372.93,9164,42,0,shell for every layer,"Engineered for performance on every terrain. Our shell is designed to help you layer with total confidence, whether you are on a mountain pass or a city commute through changing weather.",video,9:16,sale,vid_shell:Video|shell:Noun|gravel ready:Phrase
ad_01180,2023-12,132.36,912.64,16536,174,4,premium gloves built to sprint,"Engineered for performance on every terrain. Our gloves is designed to help you sprint with total confidence, whether 15 you are on a mountain pass or a city commute through changing weather.",video,1:1,adventure,vid_gloves:Video|gloves:Noun|sprint:Verb
ad_01181,2023-12,221.41,281.37,8755,46,0,the armwarmers you need to push,push further in our new armwarmers.,image,9:16,commute,img_armwarmers:Image|armwarmers:Noun
ad_01182,2023-12,156.76,138.32,15437,55,0,19 race further in our jersey,Built to race. Premium jersey.,image,1:1,urban,img_jersey:Image|jersey:Noun|race:Verb|gear up for summer:Phrase
ad_01183,2023-12,101.38,301.61,8673,52,1,6 the kit you need to descend,"Lightweight and breathable, this kit keeps you comfortable from the first pedal stroke to the last. Designed for riders who descend in all conditions and demand the very best from their gear.",image,4:5,casual,img_kit:Image|kit:Noun|descend:Verb|trail tested:Phrase
ad_01184,2023-12,173.26,302.61,26357,113,1,ride further in our baselayer,"Engineered for performance on every terrain. Our baselayer is designed to help you ride with total confidence, whether you are on a mountain pass or a city commute through changing weather. ⛰️",image,9:16,accessories,img_baselayer:Image|baselayer:Noun
ad_01185,2023-12,156.59,374.94,15894,104,2,new cap collection,Our cap lets you gear better. ❄️,video,9:16,commute,vid_cap:Video|gear:Verb
ad_01186,2023-12,332.72,667.54,7057,35,0,baselayer 24 for every ride,"Lightweight and breathable, this baselayer keeps you comfortable from the first pedal stroke to the last. Designed for riders who ride in all conditions and demand the very best from their gear.",video,1:1,accessories,vid_baselayer:Video
ad_01187,2023-12,84.98,309.13,12694,128,2,new baselayer collection,16 Ride ready. Try our baselayer today.,video,9:16,gravel,vid_baselayer:Video|baselayer:Noun|pedal:Verb|new arrivals:Phrase
ad_01188,2023-12,105.6,209.0,26466,145,1,the gloves you need to pedal,Built to pedal. Premium gloves.,image,4:5,commute,img_gloves:Image
ad_01189,2023-12,92.13,318.62,7153,40,1,new jersey collection,Ride ready. Try our jersey today.,video,4:5,accessories,vid_jersey:Video|sprint:Verb
ad_01190,2023-12,203.38,234.32,25578,131,1,11 shell for every gear,Ride ready. Try our shell today. 🚴,image,9:16,adventure,img_shell:Image|gear:Verb
ad_01191,2023-12,86.13,133.66,22948,108,1,new bibs collection,Our bibs lets you descend better.,image,4:5,accessories,img_bibs:Image
ad_01192,2023-12,230.78,262.88,35525,124,1,the jersey you 10 need to explore,Our jersey lets you explore better.,image,4:5,accessories,img_jersey:Image|jersey:Noun
ad_01193,2023-12,324.63,458.3,18850,72,1,premium shorts 20 built to conquer,Our shorts lets you conquer better. 🚴,image,4:5,adult,img_shorts:Image|shorts:Noun
ad_01194,2023-12,66.79,127.7,17479,107,1,premium socks built to race,"Built for the long haul. Our premium socks combines technical fabrics with a refined fit so you can race harder and go further, no matter what the forecast brings this season.",image,9:16,road,img_socks:Image|new arrivals:Phrase
ad_01195,2023-12,465.59,532.99,15070,40,0,premium kit built to layer,Built to layer. Premium kit.,image,4:5,sale,img_kit:Image|kit:Noun
ad_01196,2023-12,185.45,569.97,9932,49,1,the shell you need to explore,explore further in our new shell.,video,4:5,mountain,vid_shell:Video|shell:Noun
ad_01197,2023-12,171.62,344.69,5539,32,0,the kit you need to ride,ride further in our new kit.,image,4:5,accessories,img_kit:Image|kit:Noun|ride:Verb|gravel ready:Phrase
ad_01198,2023-12,278.34,1252.25,20434,139,2,train 22 further in our socks,"Engineered for performance on every terrain. Our socks is designed to help you train with total confidence, whether you are on a mountain pass or a city commute through changing weather.",video,4:5,commute,vid_socks:Video
ad_01199,2023-12,102.81,237.9,31555,175,2,premium wardrobe built to push,Our wardrobe lets you push better.,image,4:5,gravel,img_wardrobe:Image|wardrobe:Noun|push:Verb
ad_01200,2023-12,162.98,230.08,13138,67,1,bibs for every train,"Built for the long haul. Our premium bibs combines technical fabrics with a refined fit so you can train harder and go further, no matter what the forecast brings this season.",image,9:16,sale,img_bibs:Image|cold weather essentials:Phrase
ad_01201,2023-12,102.74,172.72,21287,136,2,the tights you need to pedal,Our tights lets you pedal better.,image,1:1,gravel,img_tights:Image|tights:Noun|lightweight layers:Phrase
ad_01202,2023-12,254.13,405.46,11176,82,1,new bibs collection,Our bibs lets you descend better.,image,9:16,adventure,img_bibs:Image|bibs:Noun|gear up for summer:Phrase
ad_01203,2023-12,108.8,256.28,22651,117,1,shorts 20 for every climb,climb 27 further in our new shorts.,image,4:5,road,img_shorts:Image|race day ready:Phrase
ad_01204,2023-12,183.54,348.5,10436,36,0,socks for every push,Built to 5 push. Premium socks.,video,9:16,sale,vid_socks:Video|push:Verb
ad_01205,2023-12,203.38,951.57,15274,124,2,new bibs collection,28 Our bibs lets you train better.,image,4:5,adventure,img_bibs:Image|bibs:Noun|gear up for summer:Phrase
ad_01206,2023-12,118.68,247.59,11061,59,1,the vest you need to push,"Built for the long haul. Our premium vest combines technical fabrics with a refined fit so you can push harder and go further, no matter what the forecast brings this season.",image,1:1,accessories,img_vest:Image|race day ready:Phrase
ad_01207,2023-12,268.97,732.84,17033,138,2,bibs for every race,race further in our new bibs. ⛰️,image,4:5,road,img_bibs:Image|bibs:Noun|race day ready:Phrase
ad_01208,2023-12,166.4,122.56,34748,103,1,conquer further in our kit,conquer further in our new kit.,image,1:1,mountain,img_kit:Image|conquer:Verb
ad_01209,2023-12,424.02,2364.84,13373,114,2,new armwarmers collection,"Lightweight and breathable, this armwarmers keeps you comfortable from the first pedal stroke to the last. Designed for riders who cruise in all conditions and demand the very best from their gear.",video,4:5,commute,vid_armwarmers:Video|armwarmers:Noun|cruise:Verb
ad_01210,2023-12,172.41,144.75,24144,82,0,new kit collection,Built to cruise. Premium kit. 🔥,image,9:16,mountain,img_kit:Image|kit:Noun|cruise:Verb
ad_01211,2023-12,122.18,448.04,20474,161,3,new socks collection,sprint further in our new socks.,video,1:1,accessories,vid_socks:Video|sprint:Verb|cold weather essentials:Phrase
ad_01212,2023-12,112.0,145.84,13034,66,1,gloves for every shred,Ride ready. Try our gloves today.,image,1:1,commute,img_gloves:Image|gloves:Noun|shred:Verb
ad_01213,2023-12,191.9,92.66,22062,46,0,the vest you 22 need to shred,shred further in our new vest.,image,1:1,sale,img_vest:Image|vest:Noun
ad_01214,2023-12,110.56,364.28,18781,129,2,socks for every descend,Ride ready. Try our socks today.,video,1:1,commute,vid_socks:Video|socks:Noun|descend:Verb|gravel ready:Phrase
ad_01215,2023-12,215.83,315.02,11574,36,0,premium armwarmers built to train,train further in our new armwarmers.,image,4:5,sale,img_armwarmers:Image|armwarmers:Noun
ad_01216,2023-12,110.99,127.93,13748,62,1,new 18 shorts collection,Built to descend. Premium shorts.,video,9:16,urban,vid_shorts:Video|shorts:Noun|descend:Verb
ad_01217,2023-12,129.99,167.39,16146,85,1,the bibs you need to shred,"Engineered for performance on every terrain. Our bibs is designed to help you shred with total confidence, whether you are on a mountain pass or a city commute through changing weather. ☀️",image,9:16,accessories,img_bibs:Image|shred:Verb
ad_01218,2023-12,99.43,222.41,12493,71,1,the jacket you need to layer,Ride ready. Try our jacket today.,image,4:5,road,img_jacket:Image|jacket:Noun|layer:Verb|built to last:Phrase
ad_01219,2023-12,106.39,859.75,6946,71,1,premium socks built to cruise,11 Our socks lets you cruise better.,video,4:5,adventure,vid_socks:Video|socks:Noun
ad_01220,2023-12,613.21,811.52,26342,115,1,premium gloves built to ride,Built to ride. Premium gloves.,image,4:5,accessories,img_gloves:Image|ride:Verb
ad_01221,2023-12,280.42,1842.9,20732,200,5,the tights you need to race,"Engineered for performance on every terrain. Our tights is designed to help you race with total confidence, whether you are on a mountain pass 24 or a city commute through changing weather.",image,4:5,gravel,img_tights:Image|race:Verb|cold weather essentials:Phrase
ad_01222,2023-12,106.21,203.35,7458,45,0,new gloves collection,Built to train. Premium gloves.,video,9:16,adult,vid_gloves:Video|gloves:Noun
ad_01223,2023-12,159.98,275.91,15997,83,1,new jersey collection,Built to layer. Premium jersey.,video,9:16,accessories,vid_jersey:Video
ad_01224,2023-12,137.68,246.56,11633,79,1,vest for every push,push further in our new vest. 🔥,image,9:16,adventure,img_vest:Image|vest:Noun|push:Verb|gear up for summer:Phrase
ad_01225,2023-12,188.45,702.29,22070,137,2,new shell collection,Ride ready. Try our shell today.,video,4:5,accessories,vid_shell:Video|shell:Noun
ad_01226,2023-12,148.64,298.69,37693,196,2,tights for 9 every sprint,sprint further 24 in our new tights.,video,9:16,adult,vid_tights:Video|tights:Noun
ad_01227,2023-12,125.27,738.42,24636,210,4,new jersey collection,"Built for the long haul. Our premium jersey combines technical fabrics with a refined fit so you can pedal harder and go further, no matter what the forecast brings this season.",video,4:5,commute,vid_jersey:Video|jersey:Noun
ad_01228,2023-12,308.55,455.06,33446,131,1,the jersey 29 you need to shred,Ride ready. Try our jersey today.,video,4:5,sale,vid_jersey:Video|jersey:Noun
ad_01229,2024-01,137.27,261.34,9557,48,1,new shell collection,train further in our new shell.,image,4:5,mountain,img_shell:Image|train:Verb|cold weather essentials:Phrase
ad_01230,2024-01,124.34,116.42,11523,33,0,the tights 19 you need to race,race further in our new tights.,image,4:5,mountain,img_tights:Image|tights:Noun
ad_01231,2024-01,60.63,178.31,16614,130,2,conquer further in our bibs,conquer further in our new bibs.,image,4:5,road,img_bibs:Image|bibs:Noun|new arrivals:Phrase
ad_01232,2024-01,125.05,84.9,22887,74,0,premium bibs built to pedal,pedal further in our new bibs.,image,9:16,adventure,img_bibs:Image|bibs:Noun|pedal:Verb
ad_01233,2024-01,224.8,2044.26,5800,61,2,shorts for every layer,"Engineered for performance on every 2 terrain. Our shorts is designed to help you layer with total confidence, whether you are on a mountain pass or a city commute through changing weather.",video,4:5,casual,vid_shorts:Video|layer:Verb|new arrivals:Phrase
ad_01234,2024-01,86.91,151.72,10483,67,1,wardrobe for every explore,Ride ready. Try our wardrobe today.,video,9:16,commute,vid_wardrobe:Video|wardrobe:Noun
ad_01235,2024-01,410.57,1436.42,30419,253,5,climb further in our cap,Ride ready. Try our cap today.,video,1:1,adult,vid_cap:Video|gravel ready:Phrase
ad_01236,2024-01,155.5,164.37,13183,43,0,18 baselayer for every race,Built 15 to race. Premium baselayer.,image,4:5,mountain,img_baselayer:Image|baselayer:Noun|race:Verb
ad_01237,2024-01,113.82,88.35,35045,154,1,push further in 28 our socks,Ride ready. Try our socks today.,image,1:1,commute,img_socks:Image|socks:Noun|push:Verb
ad_01238,2024-01,158.36,414.86,7637,51,1,premium shorts built 10 to descend,Built to descend. Premium shorts.,video,4:5,adventure,vid_shorts:Video|shorts:Noun|trail tested:Phrase
ad_01239,2024-01,163.1,246.63,5490,29,0,shorts for every shred,shred further in our new shorts.,image,1:1,casual,img_shorts:Image
ad_01240,2024-01,168.76,375.47,8253,47,1,pedal further in our bibs,Built to 23 pedal. Premium bibs. 💪,image,1:1,road,img_bibs:Image|bibs:Noun|pedal:Verb
ad_01241,2024-01,162.26,139.89,12257,56,1,the baselayer you need 16 to conquer,Our baselayer lets you conquer better.,image,1:1,gravel,img_baselayer:Image|baselayer:Noun|conquer:Verb|ride in comfort:Phrase
ad_01242,2024-01,152.88,228.59,11301,36,0,gear further in our tights,gear further in our new tights.,image,4:5,mountain,img_tights:Image|tights:Noun
ad_01243,2024-01,90.43,114.89,14072,56,1,the baselayer you need to race,Built to race. Premium baselayer.,image,4:5,urban,img_baselayer:Image|race:Verb
ad_01244,2024-01,142.63,159.8,24414,135,1,wardrobe for every layer,Ride ready. Try our wardrobe today.,image,9:16,casual,img_wardrobe:Image|wardrobe:Noun|layer:Verb|race day ready:Phrase
ad_01245,2024-01,397.74,943.04,6414,39,1,premium bibs built to cruise,cruise further in our new bibs.,image,4:5,casual,img_bibs:Image|bibs:Noun|cruise:Verb|adventure awaits:Phrase
ad_01246,2024-01,71.67,108.41,11507,54,0,premium gloves built to sprint,Built to sprint. Premium gloves. 🔥,image,4:5,mountain,img_gloves:Image|gloves:Noun|sprint:Verb
ad_01247,2024-01,137.73,324.23,16100,81,1,the baselayer you need to race,Built to race. Premium baselayer.,image,4:5,accessories,img_baselayer:Image|baselayer:Noun
ad_01248,2024-01,673.43,1571.32,19607,124,2,premium 4 jersey built to race,"Engineered for performance on every terrain. Our jersey is designed to help you race with total confidence, whether you are on a mountain pass or a city commute through changing weather.",video,1:1,commute,vid_jersey:Video|jersey:Noun|race:Verb
ad_01249,2024-01,455.33,385.84,22993,121,1,new wardrobe collection,Our wardrobe lets you pedal better.,image,9:16,commute,img_wardrobe:Image|pedal:Verb
ad_01250,2024-01,204.33,438.86,7614,68,1,premium jacket built to push,Built to push. 26 Premium jacket.,image,9:16,commute,img_jacket:Image|jacket:Noun|push:Verb|adventure awaits:Phrase
ad_01251,2024-01,75.12,212.27,15449,97,1,the socks 21 you need to push,"Engineered for performance on every terrain. Our socks is designed to help you push with total confidence, whether you are on a mountain pass or a city commute through changing weather. 🔥",image,4:5,road,img_socks:Image|socks:Noun|your spring wardrobe:Phrase
ad_01252,2024-01,175.95,331.63,7105,41,0,jacket 12 for every sprint,Our jacket lets you sprint better.,video,1:1,casual,vid_jacket:Video|sprint:Verb
ad_01253,2024-01,183.26,680.17,23931,139,2,5 new baselayer collection,climb further 13 in our new baselayer. 🏔️,image,4:5,accessories,img_baselayer:Image|baselayer:Noun|race day ready:Phrase
ad_01254,2024-01,500.71,2481.14,6991,75,1,the shorts you need to train,"Lightweight and breathable, this shorts keeps you comfortable from the first pedal stroke to the last. Designed for riders who train in all conditions and demand the very best from their gear. ☀️",video,1:1,sale,vid_shorts:Video|shorts:Noun|trail tested:Phrase
ad_01255,2024-01,146.99,72.52,18587,55,0,the 13 shell you need to cruise,cruise further in our new shell.,image,9:16,mountain,img_shell:Image|shell:Noun
ad_01256,2024-01,216.87,320.18,9218,42,0,push 24 further in our shell,Our shell lets you push better. ❄️,image,4:5,accessories,img_shell:Image|shell:Noun|push:Verb
ad_01257,2024-01,83.45,386.76,7518,57,1,new jersey collection,"Engineered for performance on every terrain. 9 Our jersey is designed to help you race with total confidence, whether you are on a mountain pass or a city commute through changing weather.",video,1:1,commute,vid_jersey:Video|jersey:Noun
ad_01258,2024-01,109.38,207.59,15013,91,1,the gloves you need to train,Built to train. Premium gloves.,image,4:5,casual,img_gloves:Image|gloves:Noun
ad_01259,2024-01,686.02,1196.84,7827,27,0,premium wardrobe built 26 to sprint,Ride ready. Try our wardrobe today.,image,4:5,urban,img_wardrobe:Image|gear up for summer:Phrase
ad_01260,2024-01,259.85,373.59,20507,103,1,the gloves 16 you need to train,Ride ready. Try our gloves today.,image,4:5,casual,img_gloves:Image|gloves:Noun|train:Verb|race day ready:Phrase
ad_01261,2024-01,162.4,555.84,19964,124,1,race further 19 in our vest,"Engineered for performance on every terrain. Our vest is designed to help you race with total confidence, 21 whether you are on a mountain pass or a city commute through changing weather.",image,4:5,commute,img_vest:Image|lightweight layers:Phrase
ad_01262,2024-01,150.87,443.21,14043,80,1,cap for every race,Built to race. Premium cap.,video,4:5,sale,vid_cap:Video|cap:Noun|race:Verb
ad_01263,2024-01,81.27,103.43,12009,43,0,6 new armwarmers collection,Built to climb. Premium armwarmers.,video,1:1,adventure,vid_armwarmers:Video|armwarmers:Noun|climb:Verb
ad_01264,2024-01,35.82,53.95,27983,112,1,14 descend further in our wardrobe,Built to descend. Premium wardrobe.,image,4:5,sale,img_wardrobe:Image|wardrobe:Noun|built to last:Phrase
ad_01265,2024-01,205.69,273.08,38285,195,2,the shorts you need to ride,Ride ready. Try our shorts today.,image,9:16,commute,img_shorts:Image|shorts:Noun|gravel ready:Phrase
ad_01266,2024-01,135.16,269.34,11847,50,1,climb further in 2 our tights,climb further in our 11 new tights.,video,9:16,adventure,vid_tights:Video|tights:Noun|lightweight layers:Phrase
ad_01267,2024-01,99.13,277.42,26692,134,1,jersey for 19 every explore,Our jersey lets you explore better.,video,4:5,accessories,vid_jersey:Video|jersey:Noun|explore:Verb
ad_01268,2024-01,185.53,450.03,18703,100,1,new wardrobe collection,"Lightweight and breathable, this wardrobe keeps you comfortable from the first pedal stroke to the last. Designed for riders who explore in all conditions and demand the very best from their gear.",image,4:5,sale,img_wardrobe:Image|wardrobe:Noun|explore:Verb
ad_01269,2024-01,198.45,596.87,19709,129,2,premium armwarmers 5 built to ride,"Lightweight and breathable, this armwarmers keeps you comfortable from the first pedal stroke to the last. Designed for riders who 27 ride in all conditions and demand the very best from their gear.",image,4:5,accessories,img_armwarmers:Image|armwarmers:Noun|your spring wardrobe:Phrase
ad_01270,2024-01,456.05,3368.3,5589,37,1,new socks collection,"Lightweight and breathable, this socks keeps you comfortable from the first pedal stroke to the last. Designed 4 for riders who conquer in all conditions and demand the very best from their gear. 💪",video,4:5,adventure,vid_socks:Video|socks:Noun|conquer:Verb|your spring wardrobe:Phrase
ad_01271,2024-01,420.01,561.06,14508,51,0,shred further in our gloves,shred further in our new gloves.,video,9:16,mountain,vid_gloves:Video|gloves:Noun
ad_01272,2024-01,69.18,139.54,10624,70,1,race further in our bibs,race further in our new bibs.,image,4:5,casual,img_bibs:Image|bibs:Noun
ad_01273,2024-01,164.59,273.32,13454,82,1,gloves for every shred,"Engineered for performance on every terrain. Our gloves is designed to help you shred with total confidence, whether you are on a mountain pass or a city commute through changing weather.",image,1:1,commute,img_gloves:Image|shred:Verb
ad_01274,2024-01,297.3,246.63,29211,121,1,premium cap built to race,race further in our new cap. 🌧️,image,9:16,adventure,img_cap:Image|cap:Noun
ad_01275,2024-01,168.59,388.09,19577,82,1,the socks you need to ride,"Lightweight and breathable, this socks keeps you comfortable from the first pedal stroke to the last. Designed for riders who ride in all conditions and demand the very best from their gear.",image,1:1,gravel,img_socks:Image|socks:Noun
ad_01276,2024-01,515.44,1915.89,7125,45,1,new 6 shorts collection,Built 22 to shred. Premium shorts.,video,9:16,commute,vid_shorts:Video|shorts:Noun|gravel ready:Phrase
ad_01277,2024-01,320.78,446.92,20754,106,1,gloves for every cruise,cruise further in our new gloves.,image,1:1,accessories,img_gloves:Image|gloves:Noun|cruise:Verb|built to last:Phrase
ad_01278,2024-01,117.95,178.22,15413,67,0,new baselayer collection,push 18 further in our new baselayer. 🔥,image,1:1,mountain,img_baselayer:Image|baselayer:Noun
ad_01279,2024-01,186.6,1171.7,13125,100,2,gear further in our vest,"Engineered for performance on every terrain. Our vest is designed to help you gear with total confidence, whether you are on a mountain pass or a city commute through changing weather.",video,4:5,gravel,vid_vest:Video
ad_01280,2024-01,134.11,413.27,26380,182,2,new tights collection,Our tights lets you descend better. ⛰️,video,1:1,casual,vid_tights:Video|tights:Noun
ad_01281,2024-01,181.94,271.14,7563,32,0,new 15 shorts collection,Our shorts lets you train better.,image,4:5,urban,img_shorts:Image|shorts:Noun
ad_01282,2024-01,231.46,810.07,12073,79,1,new jacket collection,Built to explore. Premium jacket.,video,4:5,adult,vid_jacket:Video|explore:Verb
ad_01283,2024-01,87.48,275.31,10753,65,1,new 23 shell collection,Ride ready. Try our shell today.,video,4:5,adult,vid_shell:Video|shell:Noun
ad_01284,2024-01,162.96,274.52,10057,52,1,premium armwarmers 29 built to pedal,Built to 27 pedal. Premium armwarmers.,image,4:5,accessories,img_armwarmers:Image|armwarmers:Noun|pedal:Verb
ad_01285,2024-01,45.36,228.62,40068,303,5,the socks you need to ride,Built to ride. 6 Premium socks. 🌧️,video,1:1,sale,vid_socks:Video|lightweight layers:Phrase
ad_01286,2024-01,71.22,428.51,17226,151,3,the bibs you need to cruise,Our bibs lets 2 you cruise better. 🏔️,image,4:5,casual,img_bibs:Image|adventure awaits:Phrase
ad_01287,2024-01,107.58,223.52,30029,174,2,premium wardrobe built to ride,Built to ride. Premium wardrobe.,video,9:16,commute,vid_wardrobe:Video|wardrobe:Noun
ad_01288,2024-01,283.38,371.89,18778,81,1,new baselayer collection,11 Built to shred. Premium baselayer.,image,1:1,mountain,img_baselayer:Image|shred:Verb|trail tested:Phrase
ad_01289,2024-01,119.34,378.37,7327,53,1,the wardrobe you need to sprint,Our wardrobe lets you sprint better.,video,1:1,urban,vid_wardrobe:Video|wardrobe:Noun|trail tested:Phrase
ad_01290,2024-01,623.19,3879.25,7784,79,2,new gloves collection,Built to 10 train. Premium gloves. 🔥,video,1:1,accessories,vid_gloves:Video|gloves:Noun|train:Verb|cold weather essentials:Phrase
ad_01291,2024-01,123.85,603.36,28379,150,2,descend further in our socks,4 Ride ready. Try our socks today. 🏔️,video,4:5,adventure,vid_socks:Video|socks:Noun|descend:Verb
ad_01292,2024-01,70.67,337.95,18448,140,3,the jacket you need to conquer,"Lightweight and breathable, this jacket keeps you comfortable from the first pedal stroke to the last. Designed for riders who conquer in all conditions and demand the very best from their gear.",video,4:5,casual,vid_jacket:Video|jacket:Noun|conquer:Verb
ad_01293,2024-01,188.14,458.53,34071,157,1,29 conquer further in our shorts,Built to conquer. Premium shorts.,video,4:5,adventure,vid_shorts:Video|shorts:Noun|conquer:Verb|lightweight layers:Phrase
ad_01294,2024-01,88.89,485.35,20221,137,2,new wardrobe collection,"Engineered for performance on every terrain. Our wardrobe is designed to help you explore with total confidence, whether you are on a mountain pass or a city commute through changing weather. 💪",video,4:5,casual,vid_wardrobe:Video|wardrobe:Noun|explore:Verb
ad_01295,2024-01,169.11,163.7,17152,66,1,conquer further 13 in our armwarmers,conquer further in our new armwarmers. 🔥,image,9:16,commute,img_armwarmers:Image
ad_01296,2024-01,156.28,494.8,14807,86,1,wardrobe for every gear,Our wardrobe lets you gear better.,video,4:5,gravel,vid_wardrobe:Video|gear:Verb
ad_01297,2024-01,78.44,86.07,40519,155,1,new wardrobe collection,climb further in our new wardrobe.,image,1:1,sale,img_wardrobe:Image|wardrobe:Noun
ad_01298,2024-01,156.22,153.13,66657,266,2,baselayer for every gear,"Engineered for performance on every terrain. Our baselayer is designed to help you gear with total confidence, whether you are on a mountain pass or a city commute through changing weather.",image,1:1,mountain,img_baselayer:Image|baselayer:Noun|gear:Verb
ad_01299,2024-01,137.79,303.9,31360,146,2,new jersey collection,Ride ready. Try our jersey today.,video,4:5,mountain,vid_jersey:Video
ad_01300,2024-01,140.24,128.65,43094,229,2,baselayer for 14 every cruise,8 Our baselayer lets you cruise better.,image,9:16,accessories,img_baselayer:Image|baselayer:Noun
ad_01301,2024-01,315.33,563.7,22268,126,1,25 premium socks built to pedal,Built to pedal. Premium socks.,image,4:5,sale,img_socks:Image|socks:Noun|trail tested:Phrase
ad_01302,2024-01,167.23,695.89,19569,154,3,the armwarmers you need to descend,"Engineered for performance on every terrain. Our armwarmers is designed to help you descend with total confidence, whether you are on a mountain pass or a city commute through changing weather. 🌧️",video,1:1,road,vid_armwarmers:Video|descend:Verb
ad_01303,2024-01,218.87,308.87,15188,76,1,6 premium kit built to descend,Our kit lets you descend better.,video,9:16,gravel,vid_kit:Video
ad_01304,2024-01,113.49,458.21,5600,34,0,race further in our bibs,"Built for the long haul. Our premium bibs combines technical fabrics with a refined fit so you can race harder and 16 go further, no matter what the forecast brings this season.",image,4:5,commute,img_bibs:Image|bibs:Noun
ad_01305,2024-01,234.11,156.68,29931,75,0,conquer 6 further in our tights,Ride ready. Try our tights today. 🔥,image,1:1,mountain,img_tights:Image|conquer:Verb
ad_01306,2024-01,196.79,513.19,25493,143,2,new jersey collection,Built to 13 pedal. Premium jersey.,image,4:5,commute,img_jersey:Image|jersey:Noun|pedal:Verb
ad_01307,2024-01,119.73,232.83,22614,132,2,the gloves you need 17 to train,train further 13 in our new gloves.,image,4:5,commute,img_gloves:Image|gloves:Noun
ad_01308,2024-01,358.99,1674.26,6133,47,1,push further in our shorts,Ride ready. Try our 24 shorts today.,video,1:1,accessories,vid_shorts:Video|race day ready:Phrase
ad_01309,2024-01,135.63,124.68,9255,40,0,push further in our bibs,Built to push. Premium bibs.,image,9:16,accessories,img_bibs:Image|bibs:Noun|push:Verb
ad_01310,2024-01,174.45,188.91,26843,105,1,new socks collection,train further in our new socks.,image,4:5,mountain,img_socks:Image|socks:Noun|train:Verb
ad_01311,2024-01,424.8,364.39,22185,97,1,wardrobe for 21 every layer,Ride ready. Try our wardrobe today.,image,1:1,urban,img_wardrobe:Image
ad_01312,2024-01,206.96,467.59,11228,51,0,new jersey collection,Our jersey lets you pedal better.,video,4:5,mountain,vid_jersey:Video|jersey:Noun
ad_01313,2024-01,460.5,1086.88,13289,88,1,premium baselayer built to ride,"Built for the long haul. Our premium baselayer combines technical fabrics with a refined fit so you can ride harder and go further, no matter what the forecast brings this season.",video,9:16,gravel,vid_baselayer:Video|baselayer:Noun|ride:Verb
ad_01314,2024-01,195.43,1062.26,29139,255,6,premium socks built to layer,Ride ready. Try our socks today.,video,4:5,accessories,vid_socks:Video|socks:Noun|layer:Verb|adventure awaits:Phrase
ad_01315,2024-01,446.79,808.63,13684,111,2,premium kit built to shred,Built to shred. Premium kit.,video,9:16,accessories,vid_kit:Video|shred:Verb|new arrivals:Phrase
ad_01316,2024-01,56.55,94.63,8462,37,0,jersey for every layer,Built to layer. Premium jersey. ⛰️,image,4:5,adventure,img_jersey:Image|jersey:Noun|layer:Verb
ad_01317,2024-01,186.59,963.92,15006,135,2,the shorts you need to cruise,"Lightweight and breathable, this shorts keeps you comfortable from the first pedal stroke to 17 the last. Designed for riders who cruise in all conditions and demand the very best from their gear. 🚴",video,9:16,adventure,vid_shorts:Video|cruise:Verb|adventure awaits:Phrase
ad_01318,2024-01,98.21,355.45,10997,99,2,8 gear further in our vest,Ride ready. Try our vest today. 💪,video,4:5,commute,vid_vest:Video|vest:Noun|gear:Verb|adventure awaits:Phrase
ad_01319,2024-01,191.79,549.83,22608,151,2,new cap collection,Our cap lets you climb better.,image,4:5,casual,img_cap:Image|cap:Noun|new arrivals:Phrase
ad_01320,2024-01,80.07,456.6,53196,458,10,premium 23 bibs built to gear,"Engineered for performance on every terrain. Our bibs is designed to help you gear with total confidence, whether you are on a mountain pass or a city commute through changing weather. 💪",video,4:5,accessories,vid_bibs:Video|bibs:Noun|new arrivals:Phrase
ad_01321,2024-01,191.13,575.47,18072,96,1,cruise further in our wardrobe,"Lightweight and breathable, this wardrobe keeps you comfortable from the first pedal stroke to the last. Designed for riders who cruise in all conditions and demand the very best from their gear.",image,4:5,adult,img_wardrobe:Image
ad_01322,2024-01,129.16,350.69,18237,132,2,train further in our bibs,"Engineered for performance on every terrain. Our bibs is designed to help you train with total confidence, whether you are on a mountain 21 pass or a city commute through changing weather.",image,9:16,accessories,img_bibs:Image|trail tested:Phrase
ad_01323,2024-01,74.6,119.92,24366,112,1,8 premium tights built to push,Built to push. Premium tights.,video,1:1,accessories,vid_tights:Video|tights:Noun|push:Verb
ad_01324,2024-01,154.61,222.95,20772,113,1,cruise 20 further in our socks,"Built for the long haul. Our premium socks combines technical fabrics with a refined fit so you can cruise harder and go further, no matter what the forecast brings this season.",image,1:1,commute,img_socks:Image|socks:Noun|race day ready:Phrase
ad_01325,2024-01,85.11,93.89,25641,130,1,premium armwarmers built to push,push further in our new armwarmers.,image,1:1,adult,img_armwarmers:Image
ad_01326,2024-01,99.26,337.93,7626,56,1,vest for every climb,"Lightweight and breathable, this vest keeps you comfortable from the first pedal stroke to the last. Designed for riders who climb in all conditions and demand the very best from their gear.",image,4:5,casual,img_vest:Image|vest:Noun|ride in comfort:Phrase
ad_01327,2024-03,244.93,377.46,13087,56,0,conquer further in our bibs,conquer further in our new bibs.,video,1:1,adventure,vid_bibs:Video|bibs:Noun|conquer:Verb|ride in comfort:Phrase
ad_01328,2024-03,251.14,583.83,27483,215,3,pedal further in 23 our cap,Our cap lets you pedal better.,video,9:16,accessories,vid_cap:Video|cap:Noun
ad_01329,2024-03,439.09,342.1,18324,45,0,the 28 baselayer you need to gear,"Engineered for performance on 11 every terrain. Our baselayer is designed to help you gear with total confidence, whether you are on a mountain pass or a city commute through changing weather.",image,9:16,adventure,img_baselayer:Image|baselayer:Noun
ad_01330,2024-03,208.32,413.78,11140,65,1,premium wardrobe built to conquer,"Engineered for performance on every terrain. Our wardrobe is designed to help you conquer with total confidence, whether you are on a mountain pass or a city commute through changing weather.",image,1:1,urban,img_wardrobe:Image|ride in comfort:Phrase
ad_01331,2024-03,117.92,412.5,20777,94,1,new vest collection,Our vest 3 lets you push better.,video,4:5,adventure,vid_vest:Video|vest:Noun|push:Verb|all day comfort:Phrase
ad_01332,2024-03,101.81,115.92,16992,88,1,premium gloves built to descend,descend further in our new gloves.,image,9:16,commute,img_gloves:Image|descend:Verb|trail tested:Phrase
ad_01333,2024-03,130.92,856.26,6474,62,1,descend further in our shell,"Engineered for performance on every terrain. Our shell is designed to help you descend with total confidence, whether you 12 are on a mountain pass or a city commute through changing weather. 🌧️",video,1:1,commute,vid_shell:Video|descend:Verb|all day comfort:Phrase
ad_01334,2024-03,125.23,359.09,22018,196,3,ride further in our shell,"Lightweight and breathable, this shell keeps you comfortable from the first pedal stroke to the last. Designed for riders who ride in all conditions and demand the very best from their gear. ⛰️",image,1:1,casual,img_shell:Image|shell:Noun|ride:Verb|adventure awaits:Phrase
ad_01335,2024-03,323.74,986.37,15698,81,1,new baselayer collection,Built to cruise. 6 Premium baselayer.,image,4:5,urban,img_baselayer:Image|baselayer:Noun|cruise:Verb
ad_01336,2024-03,179.88,520.87,24078,168,2,vest for every explore,Ride ready. Try our vest today. 🚴,video,1:1,commute,vid_vest:Video|vest:Noun|explore:Verb|built to last:Phrase
ad_01337,2024-03,203.27,395.84,5455,30,0,the cap you need to layer,27 Ride ready. Try our cap today. 🔥,image,9:16,mountain,img_cap:Image|cap:Noun
ad_01338,2024-03,433.32,1214.22,26750,203,3,premium wardrobe built to explore,"Lightweight and breathable, this wardrobe keeps you comfortable from the first pedal stroke to the last. Designed for riders who explore in all conditions and demand the very best from their gear.",image,4:5,accessories,img_wardrobe:Image|wardrobe:Noun|explore:Verb
ad_01339,2024-03,162.11,263.17,29443,198,3,vest for every explore,"Built for the long haul. Our premium vest combines technical fabrics with a refined fit so you can explore harder and go further, no matter what the forecast brings this season.",image,9:16,road,img_vest:Image|explore:Verb
ad_01340,2024-03,152.36,984.62,9279,99,2,tights for every conquer,Ride ready. Try our tights today. ⛰️,video,4:5,sale,vid_tights:Video|tights:Noun
ad_01341,2024-03,137.35,464.28,10501,87,2,new jacket collection,Ride ready. Try our jacket today.,video,1:1,adult,vid_jacket:Video|jacket:Noun|gear:Verb|ride in comfort:Phrase
ad_01342,2024-03,95.54,146.06,29970,126,1,premium shorts built 12 to explore,explore further in our new shorts. 💪,video,9:16,adventure,vid_shorts:Video|explore:Verb|adventure awaits:Phrase
ad_01343,2024-04,153.93,843.46,24400,286,9,conquer further in 11 our shell,"Engineered for performance on every terrain. Our shell is designed to help you conquer with total confidence, whether you are on a mountain pass or a city commute through changing weather.",video,1:1,mountain,vid_shell:Video|shell:Noun|race day ready:Phrase
ad_01344,2024-04,100.64,136.66,13779,94,1,train further in our wardrobe,Our wardrobe lets you train better. 🌧️,image,1:1,commute,img_wardrobe:Image|wardrobe:Noun|train:Verb
ad_01345,2024-04,236.72,1051.83,16279,107,2,the cap you need to ride,Ride ready. Try our cap today.,video,4:5,casual,vid_cap:Video|cap:Noun
ad_01346,2024-04,53.55,84.85,15789,92,1,premium baselayer 8 built to ride,Our baselayer lets you ride better.,image,4:5,mountain,img_baselayer:Image|baselayer:Noun|ride:Verb
ad_01347,2024-04,194.15,398.44,9803,55,1,premium kit built to layer,Our kit lets you 29 layer better.,image,1:1,urban,img_kit:Image|kit:Noun|layer:Verb
ad_01348,2024-04,112.48,349.84,17459,157,3,socks for every pedal,Our socks lets you pedal better.,image,4:5,accessories,img_socks:Image
ad_01349,2024-04,116.76,432.33,8295,55,1,explore further in our shorts,explore further in our new shorts.,video,4:5,commute,vid_shorts:Video|explore:Verb
ad_01350,2024-04,275.21,465.45,13900,88,1,layer further in our vest,"Built for the long haul. Our premium vest combines technical fabrics with a refined fit so you can layer harder and go further, no matter what the forecast brings this season.",image,1:1,sale,img_vest:Image|vest:Noun|layer:Verb
ad_01351,2024-04,234.19,702.51,35086,233,3,the socks you need to descend,descend further in our new socks. ❄️,video,1:1,commute,vid_socks:Video|socks:Noun|descend:Verb
ad_01352,2024-04,133.87,434.82,13727,139,3,new gloves collection,Our gloves lets you pedal better.,video,9:16,accessories,vid_gloves:Video|gloves:Noun
ad_01353,2024-05,195.09,1068.26,10876,112,3,new bibs collection,Built to train. Premium bibs.,video,4:5,casual,vid_bibs:Video|bibs:Noun
ad_01354,2024-05,249.73,610.38,17951,123,2,vest for every explore,Our vest lets you explore better.,video,9:16,commute,vid_vest:Video|vest:Noun
ad_01355,2024-05,101.13,160.16,20542,116,1,27 new armwarmers collection,"Built for the long haul. Our premium armwarmers combines technical fabrics with a refined fit so you can sprint harder and go further, no matter what the forecast brings this season.",image,9:16,casual,img_armwarmers:Image|armwarmers:Noun
ad_01356,2024-05,104.91,186.06,9562,53,1,17 jersey for every conquer,Built to conquer. Premium jersey.,image,4:5,urban,img_jersey:Image|conquer:Verb
ad_01357,2024-05,120.44,235.36,46183,319,5,new 17 armwarmers collection,Our 8 armwarmers lets you climb better.,image,1:1,road,img_armwarmers:Image|armwarmers:Noun|climb:Verb|ride in comfort:Phrase
ad_01358,2024-05,88.08,963.4,25215,499,22,new gloves collection,Built to climb. Premium gloves.,video,4:5,adventure,vid_gloves:Video|gloves:Noun|adventure awaits:Phrase
ad_01359,2024-05,71.23,249.32,9503,90,2,new 3 shorts collection,"Engineered for performance on every terrain. Our shorts is designed to help you ride with total confidence, whether you are on a mountain pass or a city commute through changing weather.",video,1:1,road,vid_shorts:Video|ride:Verb
ad_01360,2024-05,196.85,731.57,7577,60,1,shell for every train,"Built for the long haul. Our premium shell combines technical fabrics with a refined fit so you can train harder and go further, no matter what the forecast brings this season.",image,4:5,casual,img_shell:Image|shell:Noun
ad_01361,2024-05,248.5,274.32,5398,31,0,sprint further in our kit,sprint further in our new kit.,image,9:16,commute,img_kit:Image|kit:Noun
ad_01362,2024-05,162.78,3268.81,8715,186,9,the cap you need to explore,"Engineered for performance 21 on every terrain. Our cap is designed to help you explore with total confidence, whether you are on a mountain pass or a city commute through changing weather. 🔥",video,4:5,adventure,vid_cap:Video|explore:Verb|your spring wardrobe:Phrase
ad_01363,2024-05,307.41,744.57,12935,80,1,conquer further in 25 our kit,Our kit lets you conquer better. 🚴,video,1:1,commute,vid_kit:Video|kit:Noun
ad_01364,2024-05,61.04,122.93,19232,166,3,the jacket you need to ride,Our jacket lets you ride better.,image,9:16,gravel,img_jacket:Image|jacket:Noun|ride in comfort:Phrase
ad_01365,2024-05,365.18,573.02,12244,63,1,19 jacket for every layer,Ride ready. Try our jacket today. ❄️,image,1:1,urban,img_jacket:Image|jacket:Noun
ad_01366,2024-05,580.76,1546.86,22818,174,3,the wardrobe you need to layer,layer further in our new wardrobe. ❄️,image,1:1,gravel,img_wardrobe:Image|wardrobe:Noun
ad_01367,2024-05,110.07,619.27,13821,153,3,socks for every gear,Ride 28 ready. Try our socks today.,video,1:1,road,vid_socks:Video|gear:Verb|built to last:Phrase
ad_01368,2024-05,228.95,1682.93,6500,64,2,new armwarmers collection,Our 29 armwarmers lets you conquer better.,video,4:5,casual,vid_armwarmers:Video|armwarmers:Noun
ad_01369,2024-05,235.63,717.38,18428,137,3,gear further in our vest,Ride ready. Try our vest today.,video,9:16,road,vid_vest:Video|gear:Verb
ad_01370,2024-05,166.06,808.85,23401,344,11,new jacket collection,conquer further in our new jacket.,video,1:1,accessories,vid_jacket:Video|jacket:Noun|conquer:Verb|trail tested:Phrase
ad_01371,2024-05,58.6,360.53,15358,210,6,premium wardrobe built to gear,"Built for the long haul. Our premium wardrobe combines technical fabrics with a refined fit so you can gear harder and go further, no matter what the forecast brings this season. 🌧️",image,4:5,road,img_wardrobe:Image|wardrobe:Noun|adventure awaits:Phrase
ad_01372,2024-05,186.7,1255.48,6621,73,2,the jersey you need to explore,"Built for the long haul. Our premium jersey combines technical fabrics with a 9 refined fit so you can explore harder and go further, no matter what the forecast brings this season.",video,9:16,casual,vid_jersey:Video|explore:Verb|all day comfort:Phrase
ad_01373,2024-05,128.67,977.45,13790,159,4,sprint further in our jersey,Ride ready. Try our jersey today. 💪,video,4:5,mountain,vid_jersey:Video|jersey:Noun
ad_01374,2024-05,283.1,1339.48,17531,180,5,the cap you need 21 to gear,"Engineered for performance on every terrain. Our cap is designed to help you gear with total confidence, whether you are on a mountain pass or a city commute through changing weather.",video,4:5,gravel,vid_cap:Video|cap:Noun|gear:Verb
ad_01375,2024-05,112.73,394.95,9423,81,2,conquer further in our jacket,Built to conquer. Premium jacket.,image,4:5,gravel,img_jacket:Image|ride in comfort:Phrase
ad_01376,2024-05,590.36,7267.88,59445,766,23,ride further in our gloves,ride further in our 29 new gloves. 🌧️,video,4:5,accessories,vid_gloves:Video|gloves:Noun
ad_01377,2024-05,231.4,1562.66,4584,46,1,the shorts you need to pedal,Built to pedal. Premium shorts.,video,4:5,urban,vid_shorts:Video|all day comfort:Phrase
ad_01378,2024-05,130.51,288.02,18129,134,2,cruise further in our jacket,Built to cruise. Premium jacket.,image,4:5,adult,img_jacket:Image|jacket:Noun
ad_01379,2024-05,52.86,312.79,25154,264,6,pedal further in our tights,"Engineered for performance on every terrain. Our tights is designed to help you pedal with total confidence, whether you are on a mountain pass or a city commute through changing weather. ⛰️",video,9:16,commute,vid_tights:Video|gravel ready:Phrase
ad_01380,2024-05,112.56,321.86,27281,216,4,gloves for every push,Ride ready. Try our gloves today. ❄️,image,1:1,urban,img_gloves:Image|lightweight layers:Phrase
ad_01381,2024-05,238.35,586.89,21112,165,2,push further in our jersey,Our jersey lets you 13 push better.,image,1:1,casual,img_jersey:Image|jersey:Noun
ad_01382,2024-05,185.7,1426.01,8985,139,5,premium jersey built to climb,Built to climb. Premium jersey. ❄️,image,4:5,adventure,img_jersey:Image|climb:Verb|trail tested:Phrase
ad_01383,2024-05,142.0,271.34,39563,305,5,premium jacket built to pedal,Our jacket lets you pedal better.,image,1:1,accessories,img_jacket:Image|jacket:Noun|pedal:Verb|built to last:Phrase
ad_01384,2024-05,174.65,452.68,22621,150,2,the kit you need to conquer,Built to conquer. Premium kit.,image,4:5,casual,img_kit:Image|conquer:Verb
ad_01385,2024-05,148.23,471.48,24970,232,4,train further in our wardrobe,Built to train. Premium wardrobe.,image,4:5,road,img_wardrobe:Image|wardrobe:Noun
ad_01386,2024-05,204.09,663.45,19694,153,2,pedal further in our tights,pedal further in our new tights.,video,1:1,sale,vid_tights:Video|tights:Noun|gravel ready:Phrase
ad_01387,2024-05,192.08,510.08,38779,371,7,descend further in our kit,Ride ready. Try our kit today.,video,9:16,road,vid_kit:Video|descend:Verb|gear up for summer:Phrase
ad_01388,2024-05,95.38,198.91,11249,82,1,sprint further in our shell,Built to sprint. Premium shell.,image,9:16,adult,img_shell:Image|gravel ready:Phrase
ad_01389,2024-05,184.89,592.17,14315,118,2,premium kit built to conquer,conquer further in our new kit.,image,1:1,accessories,img_kit:Image|all day comfort:Phrase
ad_01390,2024-05,220.32,1211.84,12183,109,3,the shorts 24 you need to ride,Ride ready. Try our shorts today.,video,4:5,mountain,vid_shorts:Video
ad_01391,2024-05,130.42,240.42,17716,93,1,4 socks for every climb,Our socks lets you climb better. 🌧️,video,9:16,sale,vid_socks:Video|all day comfort:Phrase
ad_01392,2024-05,57.14,204.29,22863,210,4,premium shell built to train,Built 20 to train. Premium shell. 🔥,image,1:1,road,img_shell:Image|shell:Noun
ad_01393,2024-05,165.96,420.55,17364,85,1,new socks collection,Ride ready. Try our socks today. 🔥,image,4:5,commute,img_socks:Image|socks:Noun|layer:Verb|lightweight layers:Phrase
ad_01394,2024-05,240.27,1650.59,14052,120,3,jersey for every pedal,Built 10 to pedal. Premium jersey.,video,4:5,urban,vid_jersey:Video|jersey:Noun|pedal:Verb
ad_01395,2024-05,200.19,468.31,10737,114,2,new 20 jacket collection,Ride ready. Try our jacket today.,video,9:16,adventure,vid_jacket:Video|jacket:Noun|gear:Verb
ad_01396,2024-05,146.9,333.53,9120,96,2,23 wardrobe for every explore,explore further in our new wardrobe.,video,9:16,mountain,vid_wardrobe:Video|explore:Verb
ad_01397,2024-05,326.69,1850.61,7991,65,1,new socks collection,"Engineered for performance on every terrain. Our socks is designed to help you explore with total confidence, whether you are on a mountain pass or a city commute through changing weather.",video,4:5,commute,vid_socks:Video|socks:Noun|explore:Verb
ad_01398,2024-05,63.91,245.79,18091,179,4,the gloves you need to ride,ride further in our new gloves.,video,1:1,road,vid_gloves:Video
ad_01399,2024-05,134.95,1273.91,6851,118,5,the jacket you need to shred,"Built for the long haul. Our premium jacket combines technical fabrics with a refined fit so you can shred harder and go further, no matter what the forecast brings this season.",video,1:1,adventure,vid_jacket:Video|jacket:Noun|adventure awaits:Phrase
ad_01400,2024-05,232.54,1398.91,16713,184,5,the bibs 22 you need to cruise,Built to cruise. Premium bibs. ⛰️,video,4:5,road,vid_bibs:Video|bibs:Noun|new arrivals:Phrase
ad_01401,2024-05,746.04,1272.73,11829,88,1,13 premium vest built to pedal,pedal further in our new vest.,image,9:16,adventure,img_vest:Image|pedal:Verb|ride in comfort:Phrase
ad_01402,2024-05,141.37,803.76,10802,115,3,new jacket collection,"Built for the long haul. Our premium jacket combines technical fabrics with a refined fit so you can ride harder and go further, no matter what the forecast brings this season.",video,1:1,commute,vid_jacket:Video|jacket:Noun|race day ready:Phrase
ad_01403,2024-05,135.47,200.42,33584,284,4,8 premium shell built to shred,Ride ready. Try our shell today. 🔥,image,9:16,mountain,img_shell:Image|shell:Noun
ad_01404,2024-05,99.48,397.47,30162,320,6,new socks collection,"Built for the long haul. Our premium socks combines technical fabrics with a refined fit 8 so you can climb harder and go further, no matter what the forecast brings this season.",image,1:1,mountain,img_socks:Image|climb:Verb
ad_01405,2024-05,252.82,582.84,8023,89,2,new tights collection,Built to descend. Premium tights.,image,1:1,adventure,img_tights:Image|tights:Noun
ad_01406,2024-05,110.25,118.67,11878,60,1,premium gloves built to shred,Our gloves lets you shred better.,image,9:16,commute,img_gloves:Image|gloves:Noun|shred:Verb
ad_01407,2024-05,406.32,776.89,29193,194,3,new tights collection,"Built for the long haul. Our premium tights combines technical fabrics with a refined fit so you can descend harder and go further, no matter what the forecast brings this season.",image,9:16,casual,img_tights:Image|tights:Noun
ad_01408,2024-05,221.94,590.69,26072,234,5,train further in our shorts,Ride ready. Try our shorts today.,image,1:1,accessories,img_shorts:Image|shorts:Noun|train:Verb|adventure awaits:Phrase
ad_01409,2024-05,220.58,459.88,11444,91,1,kit for every push,Ride ready. Try our kit today.,video,9:16,commute,vid_kit:Video|kit:Noun|push:Verb
ad_01410,2024-05,242.42,1470.82,21886,283,7,premium socks built to gear,Built 15 to gear. Premium socks.,video,9:16,gravel,vid_socks:Video|gear:Verb|all day comfort:Phrase
ad_01411,2024-05,232.38,1465.44,13904,143,3,new socks collection,Our 12 socks lets you push better.,video,4:5,commute,vid_socks:Video|socks:Noun|your spring wardrobe:Phrase
ad_01412,2024-05,101.69,248.38,31422,227,4,premium jersey built to cruise,Built 5 to cruise. Premium jersey.,image,1:1,accessories,img_jersey:Image|jersey:Noun|cruise:Verb
ad_01413,2024-05,49.91,204.1,10684,85,2,shred 17 further in our cap,shred further in our new cap. 🚴,video,4:5,road,vid_cap:Video|cap:Noun|shred:Verb
ad_01414,2024-05,99.79,95.53,5761,30,0,kit 2 for every pedal,Our kit lets you pedal better.,image,9:16,adult,img_kit:Image|kit:Noun
ad_01415,2024-05,169.75,1705.9,11402,120,3,the bibs you need to pedal,"Engineered for performance on every terrain. Our bibs is designed to help you pedal with total confidence, 24 whether you are on a mountain pass or a city commute through changing weather.",video,4:5,commute,vid_bibs:Video|bibs:Noun|pedal:Verb|all day comfort:Phrase
ad_01416,2024-05,151.85,829.66,7105,100,3,new shorts collection,"Built for the long haul. Our premium shorts combines technical fabrics with a refined fit so you can push harder and go further, no matter what the forecast brings this season.",video,1:1,adventure,vid_shorts:Video|shorts:Noun|push:Verb
ad_01417,2024-05,59.98,341.26,15304,155,4,ride further in our armwarmers,ride further in our 17 new armwarmers. ⛰️,video,1:1,accessories,vid_armwarmers:Video|ride:Verb
ad_01418,2024-05,252.81,1446.48,25657,309,8,new gloves collection,Our gloves lets you train better.,video,4:5,accessories,vid_gloves:Video|gloves:Noun
ad_01419,2024-05,143.58,508.23,12216,119,2,climb further in 11 our cap,Our cap lets you climb better.,video,1:1,mountain,vid_cap:Video|cap:Noun|climb:Verb
ad_01420,2024-05,215.23,350.6,17670,87,1,armwarmers for every ride,Built to ride. Premium armwarmers.,image,4:5,sale,img_armwarmers:Image|armwarmers:Noun
ad_01421,2024-05,69.3,111.13,11815,74,1,the cap you 8 need to push,Built 13 to push. Premium cap.,image,1:1,urban,img_cap:Image|cap:Noun
ad_01422,2024-05,209.37,171.75,19152,74,1,the gloves you need to explore,Our gloves lets you explore better.,image,9:16,sale,img_gloves:Image|gloves:Noun|explore:Verb
ad_01423,2024-05,287.52,1483.58,15767,117,2,premium gloves built to gear,Ride ready. Try our gloves today. ❄️,video,4:5,commute,vid_gloves:Video|gloves:Noun
ad_01424,2024-05,293.63,1591.78,20261,194,4,premium bibs built to layer,layer further in our new bibs.,video,4:5,road,vid_bibs:Video|bibs:Noun|layer:Verb
ad_01425,2024-05,143.61,949.36,16147,217,7,new jersey collection,Our jersey lets you 27 shred better.,image,4:5,mountain,img_jersey:Image|jersey:Noun|trail tested:Phrase
ad_01426,2024-05,146.98,1280.23,25015,335,8,premium kit built to race,"Lightweight and 5 breathable, this kit keeps you comfortable from the first pedal stroke to the last. Designed for riders who race in all conditions and demand the very best from their gear.",image,4:5,accessories,img_kit:Image|kit:Noun|race:Verb|cold weather essentials:Phrase
ad_01427,2024-05,60.27,241.75,7560,84,2,the shorts you need to conquer,Ride ready. Try our shorts today.,image,4:5,adventure,img_shorts:Image|shorts:Noun|conquer:Verb|your spring wardrobe:Phrase
ad_01428,2024-05,367.01,834.74,19716,140,2,2 premium bibs built to gear,Ride ready. Try our bibs today.,image,4:5,casual,img_bibs:Image|bibs:Noun|ride in comfort:Phrase
ad_01429,2024-05,136.51,574.0,27806,358,10,18 new kit collection,Ride ready. Try our kit today. ⛰️,video,9:16,gravel,vid_kit:Video|kit:Noun|trail tested:Phrase
ad_01430,2024-05,675.39,1612.63,18081,97,1,premium gloves built to pedal,Built to pedal. Premium gloves.,video,1:1,sale,vid_gloves:Video|gloves:Noun
ad_01431,2024-05,254.26,199.48,25216,101,1,the jacket you need to climb,Our jacket lets you climb better.,image,9:16,sale,img_jacket:Image|jacket:Noun|climb:Verb
ad_01432,2024-05,88.03,116.88,11504,61,1,the jersey you need to push,Built to push. Premium jersey. 🚴,image,1:1,sale,img_jersey:Image|jersey:Noun|push:Verb|cold weather essentials:Phrase
ad_01433,2024-05,423.8,1512.2,12797,134,3,the bibs you 29 need to ride,"Built for the long haul. Our premium bibs combines technical fabrics with a refined fit so you can ride harder and go further, no matter what the forecast brings this season.",image,4:5,adventure,img_bibs:Image|ride:Verb
ad_01434,2024-05,148.18,387.82,9815,91,2,new baselayer collection,Built to gear. Premium baselayer.,image,1:1,adult,img_baselayer:Image|baselayer:Noun|race day ready:Phrase
ad_01435,2024-05,128.05,572.03,23655,244,5,sprint further in our vest,"Engineered for performance on every terrain. Our vest is designed to help you sprint with total confidence, whether you are on a mountain pass or a city commute through changing weather. 🚴",video,9:16,gravel,vid_vest:Video|vest:Noun|sprint:Verb
ad_01436,2024-05,339.84,577.0,7149,59,1,new 23 wardrobe collection,layer further in our new wardrobe.,image,1:1,adventure,img_wardrobe:Image|wardrobe:Noun|layer:Verb
ad_01437,2024-05,144.71,568.77,13157,123,2,4 premium tights built to cruise,"Built for the long haul. Our premium tights combines technical fabrics with a refined fit so you can cruise harder and go further, no matter what the forecast brings this season. ☀️",video,9:16,gravel,vid_tights:Video
ad_01438,2024-05,205.64,551.64,19415,152,2,tights for every race,Our tights lets you race better.,video,9:16,casual,vid_tights:Video|race:Verb
ad_01439,2024-05,151.82,231.7,23474,139,2,new kit collection,Built to ride. Premium kit.,image,9:16,road,img_kit:Image|kit:Noun|ride:Verb
ad_01440,2024-05,299.2,788.9,11770,102,2,socks for every push,push further in our new socks.,image,1:1,mountain,img_socks:Image|socks:Noun|push:Verb|built to last:Phrase
ad_01441,2024-05,184.71,1295.46,27818,351,11,premium bibs built to ride,Ride ready. Try our bibs today.,video,4:5,mountain,vid_bibs:Video|bibs:Noun
ad_01442,2024-05,273.16,644.21,16116,125,2,new 7 cap collection,Ride ready. Try our cap today. 🚴,image,4:5,casual,img_cap:Image|race:Verb|new arrivals:Phrase
ad_01443,2024-05,43.76,35.54,11282,40,0,tights for every gear,Built to gear. Premium tights.,image,9:16,sale,img_tights:Image|tights:Noun
ad_01444,2024-05,265.33,599.05,7189,51,1,pedal further in our baselayer,"Lightweight and breathable, this baselayer keeps you comfortable from the first pedal stroke to the last. Designed for riders who pedal in all conditions and demand the very best from their gear.",image,1:1,casual,img_baselayer:Image|baselayer:Noun
ad_01445,2024-05,172.82,848.43,14617,177,5,new shorts collection,"Built for the long haul. Our premium shorts combines technical fabrics with a refined fit so you can ride 28 harder and go further, no matter what the forecast brings this season.",image,1:1,mountain,img_shorts:Image|shorts:Noun|ride:Verb|new arrivals:Phrase
ad_01446,2024-05,337.56,666.11,12061,69,1,shred further in our wardrobe,Built to shred. Premium wardrobe.,image,4:5,commute,img_wardrobe:Image|shred:Verb|gear up for summer:Phrase
ad_01447,2024-05,152.01,616.04,11252,116,3,premium shorts built to gear,"Engineered for performance on every terrain. Our shorts is designed to help you gear with total confidence, whether you are on a mountain pass or a city commute through changing weather.",image,1:1,gravel,img_shorts:Image|shorts:Noun|gear:Verb|trail tested:Phrase
ad_01448,2024-05,162.49,1025.22,21286,242,6,the jacket you need to ride,Our 5 jacket lets you ride better. 🔥,image,4:5,mountain,img_jacket:Image|jacket:Noun|ride:Verb|built to last:Phrase
ad_01449,2024-05,61.9,121.16,25966,192,3,jersey for every race,Ride ready. Try our jersey today.,image,1:1,accessories,img_jersey:Image
ad_01450,2024-05,125.05,235.76,12175,67,1,premium wardrobe built to ride,Built to ride. Premium wardrobe.,image,4:5,commute,img_wardrobe:Image|wardrobe:Noun|ride:Verb
ad_01451,2024-05,133.24,295.21,10038,63,1,the gloves you need to pedal,Ride ready. Try our gloves today.,video,9:16,commute,vid_gloves:Video|gloves:Noun
ad_01452,2024-05,315.22,595.42,18041,106,1,the armwarmers you need to pedal,"Engineered for performance on every terrain. Our armwarmers is designed to help you pedal with total confidence, whether you are on a mountain pass or a city commute through changing weather. ☀️",image,1:1,sale,img_armwarmers:Image|armwarmers:Noun|pedal:Verb|gear up for summer:Phrase
ad_01453,2024-05,119.4,450.76,18609,149,3,vest for every train,5 Built to train. Premium vest.,image,4:5,road,img_vest:Image
ad_01454,2024-05,309.29,818.46,12948,116,2,the vest you need to train,train further in our new vest.,video,1:1,casual,vid_vest:Video|train:Verb
ad_01455,2024-05,211.13,961.68,11385,127,3,3 layer further in our baselayer,Our baselayer 8 lets you layer better.,image,4:5,mountain,img_baselayer:Image|baselayer:Noun|adventure awaits:Phrase
ad_01456,2024-05,257.69,379.99,46080,298,4,premium jersey built to layer,layer further in our new jersey.,image,9:16,road,img_jersey:Image|layer:Verb
ad_01457,2024-05,348.81,1981.36,17219,196,5,the wardrobe you need to push,Built to push. Premium wardrobe.,video,4:5,commute,vid_wardrobe:Video|wardrobe:Noun|gravel ready:Phrase
ad_01458,2024-05,85.15,156.92,8516,66,1,21 premium tights built to shred,Built to shred. Premium tights. 🚴,image,9:16,mountain,img_tights:Image|tights:Noun
ad_01459,2024-05,116.01,636.9,19996,210,5,new wardrobe collection,Our wardrobe lets you push better.,video,4:5,accessories,vid_wardrobe:Video|wardrobe:Noun|push:Verb
ad_01460,2024-05,98.73,313.05,18782,145,2,premium kit 26 built to layer,Our kit lets you layer better. 💪,video,1:1,casual,vid_kit:Video|kit:Noun
ad_01461,2024-05,75.3,238.32,12761,120,2,new wardrobe collection,"Lightweight and breathable, this wardrobe keeps you comfortable from the first pedal stroke to the last. Designed for riders who race in all conditions and demand the very best from their gear. 💪",image,1:1,gravel,img_wardrobe:Image|race:Verb
ad_01462,2024-05,70.79,85.42,14826,88,1,gloves 24 for every race,Built to race. Premium gloves.,image,9:16,casual,img_gloves:Image|gloves:Noun|ride in comfort:Phrase
ad_01463,2024-05,149.2,593.31,10008,119,2,the shell you need to conquer,Ride ready. Try our shell today.,image,4:5,mountain,img_shell:Image|ride in comfort:Phrase
ad_01464,2024-05,54.13,166.28,13604,116,2,premium jersey built to train,Our jersey 16 lets you train better.,video,9:16,commute,vid_jersey:Video|jersey:Noun|train:Verb
ad_01465,2024-05,188.64,1318.18,57979,645,19,cap for every shred,"Built for the long haul. Our premium cap combines technical fabrics with a refined fit so you can shred harder and go further, no matter what the forecast brings this season. ⛰️",image,4:5,adventure,img_cap:Image|cap:Noun
ad_01466,2024-05,259.41,1226.03,20147,185,4,gear further in our cap,11 Our cap lets you gear better.,image,4:5,road,img_cap:Image|cap:Noun
ad_01467,2024-05,151.3,720.23,15941,151,3,premium gloves built to conquer,"Built for the long haul. Our premium gloves combines technical fabrics with a refined fit so you can conquer harder and go further, no matter what the forecast brings this season.",video,9:16,urban,vid_gloves:Video|gloves:Noun|lightweight layers:Phrase
ad_01468,2024-05,402.9,3099.62,24250,259,5,jersey for every ride,Our jersey lets you 8 ride better.,video,4:5,urban,vid_jersey:Video|jersey:Noun|ride:Verb
ad_01469,2024-05,298.26,556.39,20132,85,1,cruise further in our kit,Our kit lets you cruise better.,image,4:5,sale,img_kit:Image
ad_01470,2024-05,66.2,537.2,29111,398,13,the kit you need to train,Ride ready. Try our kit today. 🏔️,video,4:5,adventure,vid_kit:Video|kit:Noun|train:Verb
ad_01471,2024-05,119.95,665.17,18552,170,4,premium shorts built to push,push further 3 in our new shorts.,video,9:16,mountain,vid_shorts:Video|shorts:Noun|push:Verb
ad_01472,2024-05,578.72,5962.43,14179,217,7,new bibs collection,Ride 20 ready. Try our bibs today.,video,4:5,mountain,vid_bibs:Video|cruise:Verb|ride in comfort:Phrase
ad_01473,2024-05,121.29,1825.66,11686,233,9,sprint further in our socks,20 Ride ready. Try our socks today.,video,4:5,adventure,vid_socks:Video|socks:Noun|gear up for summer:Phrase
ad_01474,2024-05,208.83,999.95,16566,220,6,16 baselayer for every train,"Engineered for performance on every terrain. Our baselayer is designed to help you train with total confidence, whether you are on a mountain pass or a city commute through changing weather.",image,4:5,adventure,img_baselayer:Image|baselayer:Noun|train:Verb|trail tested:Phrase
ad_01475,2024-05,153.29,614.06,9768,91,2,jersey for 9 every shred,Built to shred. Premium jersey.,video,1:1,road,vid_jersey:Video|new arrivals:Phrase
ad_01476,2024-05,230.8,327.76,39713,266,4,21 armwarmers for every climb,Built to climb. Premium armwarmers.,image,9:16,road,img_armwarmers:Image|armwarmers:Noun|climb:Verb|all day comfort:Phrase
ad_01477,2024-05,187.92,386.44,5614,38,1,cap for every race,Our cap lets you race better.,video,9:16,commute,vid_cap:Video|cap:Noun|race:Verb|your spring wardrobe:Phrase
ad_01478,2024-05,200.73,1121.69,29397,334,10,climb further in our wardrobe,Our wardrobe lets you climb better.,video,4:5,mountain,vid_wardrobe:Video|wardrobe:Noun|climb:Verb
ad_01479,2024-05,77.32,264.6,24445,238,5,new shorts collection,Built 7 to cruise. Premium shorts.,image,1:1,urban,img_shorts:Image|shorts:Noun|cruise:Verb|gravel ready:Phrase
ad_01480,2024-05,473.4,3530.52,18343,202,6,baselayer for every train,Ride ready. Try our baselayer today.,video,4:5,casual,vid_baselayer:Video|baselayer:Noun|train:Verb|adventure awaits:Phrase
ad_01481,2024-05,73.2,242.17,15897,198,4,cap for 8 every descend,"Engineered for performance on every terrain. Our cap is designed to help you descend with total confidence, whether you are on a mountain pass or a city commute through changing weather.",image,4:5,adventure,img_cap:Image|cap:Noun|descend:Verb|gear up for summer:Phrase
ad_01482,2024-05,165.33,2954.25,22394,450,18,cap for every descend,"Built for the long haul. Our premium cap combines technical fabrics with a refined fit so you can descend harder and go further, no matter 14 what the forecast brings this season.",video,4:5,adventure,vid_cap:Video
ad_01483,2024-05,296.45,764.71,7624,36,0,the bibs you need to sprint,sprint further 4 in our new bibs. 🏔️,image,4:5,sale,img_bibs:Image|bibs:Noun|sprint:Verb
ad_01484,2024-05,394.16,846.4,7552,70,1,layer further in 10 our shorts,"Built for the long haul. Our premium shorts combines technical fabrics with a refined fit so you can layer harder and go further, no matter what the forecast brings this season.",image,1:1,mountain,img_shorts:Image|shorts:Noun
ad_01485,2024-05,150.9,577.14,12156,128,3,the vest you need to pedal,"Engineered for performance on every terrain. Our vest is designed to help you pedal with total confidence, whether you are on 14 a mountain pass or a city commute through changing weather.",image,1:1,road,img_vest:Image|pedal:Verb|cold weather essentials:Phrase
ad_01486,2024-05,80.19,193.82,17584,123,1,the wardrobe you need to descend,Our wardrobe lets you descend better.,image,1:1,accessories,img_wardrobe:Image
ad_01487,2024-05,147.84,450.04,7447,67,1,socks for every gear,gear further in our new socks.,video,9:16,accessories,vid_socks:Video|socks:Noun|gear:Verb
ad_01488,2024-05,91.39,841.68,21410,300,10,the bibs you need to sprint,Ride ready. Try our bibs today. ⛰️,video,4:5,urban,vid_bibs:Video|gravel ready:Phrase
ad_01489,2024-05,241.37,1029.57,6272,53,1,premium socks built to layer,2 layer further in our new socks.,video,1:1,sale,vid_socks:Video|socks:Noun|adventure awaits:Phrase
ad_01490,2024-05,170.12,409.8,24409,172,3,the shell you need to explore,Built to explore. Premium shell.,video,1:1,sale,vid_shell:Video|shell:Noun|trail tested:Phrase
ad_01491,2024-05,178.79,863.28,11386,106,2,the shell you need to explore,explore further in our new shell. 🚴,image,4:5,accessories,img_shell:Image|lightweight layers:Phrase
ad_01492,2024-05,385.75,666.35,5039,42,1,23 new shell collection,conquer further in our new shell.,image,1:1,gravel,img_shell:Image|shell:Noun|conquer:Verb|cold weather essentials:Phrase
ad_01493,2024-05,253.24,519.04,55403,483,10,14 premium baselayer built to cruise,Ride ready. Try our baselayer today.,image,1:1,gravel,img_baselayer:Image|baselayer:Noun|gravel ready:Phrase
ad_01494,2024-05,148.96,218.99,10775,75,1,socks for 6 every cruise,Built to cruise. Premium socks.,image,1:1,gravel,img_socks:Image|cruise:Verb
ad_01495,2024-05,97.11,1409.51,8755,87,2,the gloves you need to shred,"Engineered for performance on every terrain. Our gloves is designed 4 to help you shred with total confidence, whether you are on a mountain pass or a city commute through changing weather.",video,4:5,casual,vid_gloves:Video|lightweight layers:Phrase
ad_01496,2024-05,169.26,1054.88,36503,537,15,new baselayer collection,Ride 23 ready. Try our baselayer today.,video,9:16,adventure,vid_baselayer:Video|baselayer:Noun|climb:Verb
ad_01497,2024-05,91.56,141.18,6294,34,0,11 gear further in our tights,Built to gear. Premium tights. ☀️,image,1:1,commute,img_tights:Image|tights:Noun|gear:Verb|race day ready:Phrase
ad_01498,2024-05,107.59,115.32,7733,52,1,cruise further in 29 our bibs,Our bibs lets you cruise better.,image,9:16,gravel,img_bibs:Image|bibs:Noun
ad_01499,2024-05,70.94,514.35,25229,336,10,premium vest 15 built to conquer,Ride ready. Try our vest today.,video,4:5,mountain,vid_vest:Video|vest:Noun|trail tested:Phrase
ad_01500,2024-05,265.71,338.17,5246,32,0,the kit 16 you need to cruise,Built to cruise. Premium kit.,image,1:1,gravel,img_kit:Image|kit:Noun|cruise:Verb
ad_01501,2024-05,146.37,601.66,10823,135,4,new vest collection,"Built 8 for the long haul. Our premium vest combines technical fabrics with a refined fit so you can conquer harder and go further, no matter what the forecast brings this season.",image,1:1,adventure,img_vest:Image|conquer:Verb
ad_01502,2024-05,361.34,472.49,33134,158,1,premium shell built to climb,Ride ready. Try our shell today.,image,4:5,sale,img_shell:Image|shell:Noun|climb:Verb
ad_01503,2024-05,167.95,430.54,13047,105,2,bibs for every race,Built 14 to race. Premium bibs.,image,1:1,gravel,img_bibs:Image|bibs:Noun|race:Verb
ad_01504,2024-05,630.9,2426.69,23428,191,4,the jacket you need to push,Ride ready. Try our jacket today.,image,4:5,accessories,img_jacket:Image|your spring wardrobe:Phrase
ad_01505,2024-05,264.86,921.7,12979,69,1,gear further in our vest,Built to gear. Premium vest.,video,4:5,sale,vid_vest:Video|vest:Noun
ad_01506,2024-05,168.12,1059.28,26245,280,7,the bibs you need to layer,layer further 29 in our new bibs.,video,1:1,road,vid_bibs:Video|bibs:Noun|new arrivals:Phrase
ad_01507,2024-05,134.6,568.28,15285,115,2,22 new cap collection,layer further in our new cap.,video,4:5,road,vid_cap:Video|cap:Noun|layer:Verb|lightweight layers:Phrase
ad_01508,2024-05,113.48,755.2,42960,531,15,jacket for every sprint,Ride ready. Try our jacket today.,video,4:5,mountain,vid_jacket:Video|jacket:Noun
ad_01509,2024-05,73.26,226.41,15782,123,2,wardrobe for every layer,Built to layer. Premium wardrobe.,video,1:1,sale,vid_wardrobe:Video|wardrobe:Noun|race day ready:Phrase
ad_01510,2024-05,153.37,834.19,25335,249,6,premium jersey built to sprint,Built to 3 sprint. Premium jersey.,video,1:1,commute,vid_jersey:Video|jersey:Noun|sprint:Verb|trail tested:Phrase
ad_01511,2024-05,42.2,70.63,18767,77,1,push further in our shorts,"Lightweight and breathable, this shorts keeps you comfortable from the first pedal stroke to the last. Designed for riders who push in all conditions and demand the very best from their gear.",image,4:5,sale,img_shorts:Image|shorts:Noun|push:Verb
ad_01512,2024-05,192.43,467.87,10594,86,1,shell for every layer,Built to layer. Premium shell.,image,4:5,gravel,img_shell:Image|layer:Verb
ad_01513,2024-05,62.77,191.55,18859,184,4,new cap collection,Built to climb. Premium cap.,image,4:5,mountain,img_cap:Image
ad_01514,2024-05,76.43,339.59,7796,96,2,3 cap for every gear,gear further in our new cap. 🌧️,image,4:5,mountain,img_cap:Image|cap:Noun|race day ready:Phrase
ad_01515,2024-05,114.52,364.26,16574,165,3,the shell you need to explore,Our shell lets you explore better. ❄️,video,9:16,urban,vid_shell:Video
ad_01516,2024-05,117.6,541.52,100541,1024,23,premium vest built to race,Our vest lets you race better.,video,4:5,road,vid_vest:Video|vest:Noun|race:Verb
ad_01517,2024-05,100.19,412.05,20840,151,3,21 the shorts you need to climb,"Built for the long haul. Our premium shorts combines technical fabrics with a refined fit so you can climb harder and go further, no matter what the forecast brings this season. ⛰️",video,1:1,commute,vid_shorts:Video|shorts:Noun|all day comfort:Phrase
ad_01518,2024-05,101.84,378.13,11975,145,3,the bibs 3 you need to cruise,Our bibs lets you cruise better.,image,4:5,adventure,img_bibs:Image|bibs:Noun|cruise:Verb|adventure awaits:Phrase
ad_01519,2024-05,128.41,640.86,13364,155,4,premium vest built to gear,gear 7 further in our new vest. 🌧️,image,1:1,adventure,img_vest:Image|vest:Noun
ad_01520,2024-05,156.57,741.24,7552,84,2,gloves for every layer,"Built for the long haul. Our premium gloves combines technical fabrics with a refined fit so you can layer harder and go further, no matter what the forecast brings this season.",image,4:5,gravel,img_gloves:Image|gloves:Noun
ad_01521,2024-05,169.55,868.88,6371,75,2,explore further in our cap,explore further in our new cap. 🌧️,video,1:1,adventure,vid_cap:Video|cap:Noun|explore:Verb
ad_01522,2024-05,245.56,615.53,14209,109,2,3 premium wardrobe built to cruise,"Engineered for performance on every terrain. Our wardrobe is designed to help you cruise with total confidence, whether you are on a mountain pass or a city commute through changing weather.",video,1:1,commute,vid_wardrobe:Video|wardrobe:Noun
ad_01523,2024-05,188.06,1030.05,31890,321,10,the tights you need to layer,layer further in our new tights.,video,1:1,adult,vid_tights:Video|tights:Noun|gravel ready:Phrase
ad_01524,2024-05,217.17,828.19,25517,251,5,the kit you need to pedal,"Engineered for performance on every terrain. Our kit is designed to help you pedal with total confidence, whether you are on a mountain pass or a city commute 9 through changing weather.",image,9:16,adventure,img_kit:Image|kit:Noun|pedal:Verb
ad_01525,2024-05,133.74,806.74,36628,440,12,vest for every sprint,Ride 22 ready. Try our vest today. 💪,image,4:5,mountain,img_vest:Image|sprint:Verb|lightweight layers:Phrase
ad_01526,2024-05,79.41,205.89,6244,50,1,new gloves collection,gear further in our new gloves.,image,1:1,mountain,img_gloves:Image|gear:Verb
ad_01527,2024-05,120.55,320.84,7018,54,1,gear further 10 in our jersey,gear further in our new jersey.,video,1:1,accessories,vid_jersey:Video|jersey:Noun|gear:Verb
ad_01528,2024-05,280.53,464.23,16798,95,1,9 new shorts collection,climb further in our new shorts.,image,1:1,casual,img_shorts:Image|shorts:Noun|new arrivals:Phrase
ad_01529,2024-05,96.46,238.55,13121,134,2,race 12 further in our bibs,"Engineered for performance on every terrain. Our bibs is designed to help you race with total confidence, whether you are on a mountain pass or a city 13 commute through changing weather.",image,9:16,mountain,img_bibs:Image|race:Verb|all day comfort:Phrase
ad_01530,2024-05,235.58,1264.72,12363,103,2,gloves for 16 every cruise,Built to cruise. 4 Premium gloves.,video,4:5,road,vid_gloves:Video|gloves:Noun|cruise:Verb
ad_01531,2024-05,120.62,980.26,6244,63,1,premium socks built to train,train further in our new socks. ⛰️,video,4:5,urban,vid_socks:Video|socks:Noun|train:Verb|built to last:Phrase
ad_01532,2024-05,194.88,348.29,18269,132,2,premium 7 jersey built to cruise,cruise further in our new jersey.,image,1:1,road,img_jersey:Image|jersey:Noun|trail tested:Phrase
ad_01533,2024-05,176.65,515.57,35683,313,6,premium kit built to shred,Built to shred. 23 Premium kit. 🏔️,image,9:16,mountain,img_kit:Image|kit:Noun|shred:Verb
ad_01534,2024-05,165.22,475.65,21631,210,5,18 socks for every race,Ride ready. Try our socks today.,image,4:5,accessories,img_socks:Image|race:Verb|trail tested:Phrase
ad_01535,2024-05,91.59,443.79,28927,200,3,race 3 further in our bibs,"Engineered for performance on every terrain. Our bibs is designed to help you race with total confidence, whether you are on a mountain pass or a city commute through changing weather. ⛰️",video,4:5,commute,vid_bibs:Video|bibs:Noun
ad_01536,2024-05,72.82,97.5,18237,140,2,premium tights built to pedal,Ride ready. Try our tights today.,image,9:16,gravel,img_tights:Image|tights:Noun|pedal:Verb
ad_01537,2024-05,289.93,276.95,27903,115,1,premium baselayer built to ride,Ride ready. Try our 21 baselayer today.,image,9:16,sale,img_baselayer:Image|baselayer:Noun|ride:Verb
ad_01538,2024-05,443.08,1272.26,18363,157,3,the tights you need to explore,Our tights lets you explore better.,image,4:5,accessories,img_tights:Image
ad_01539,2024-05,98.49,642.0,12188,117,3,new gloves collection,"Engineered for performance on every terrain. Our gloves is designed to help you climb with total confidence, whether you are on a mountain pass or a city commute through changing weather.",video,4:5,casual,vid_gloves:Video|gloves:Noun|climb:Verb
ad_01540,2024-05,128.27,213.88,20978,172,2,gloves 27 for every gear,"Engineered for performance on every terrain. Our gloves is designed to help you gear with total confidence, whether you are on a mountain pass or a city commute through changing weather.",image,1:1,accessories,img_gloves:Image|gloves:Noun|gear:Verb
ad_01541,2024-05,89.32,150.36,10008,46,0,shred further in our shorts,Ride ready. Try our shorts today. 💪,image,9:16,sale,img_shorts:Image|cold weather essentials:Phrase
ad_01542,2024-05,88.76,426.01,19163,255,9,premium vest built to race,Ride ready. Try our vest today.,video,9:16,adventure,vid_vest:Video
ad_01543,2024-05,183.41,544.84,12376,76,1,the vest you need to pedal,"Built for the long haul. Our premium vest combines technical fabrics with a refined fit so you can pedal harder and go further, no matter what the forecast brings this season.",image,4:5,commute,img_vest:Image|vest:Noun
ad_01544,2024-05,141.89,648.93,20486,228,6,race further 19 in our kit,race 25 further in our new kit. ☀️,image,4:5,road,img_kit:Image|race day ready:Phrase
ad_01545,2024-05,83.3,299.87,12702,132,3,premium jersey built to push,18 Our jersey lets you push better.,image,1:1,mountain,img_jersey:Image|jersey:Noun|push:Verb|all day comfort:Phrase
ad_01546,2024-05,284.32,1092.58,26776,328,7,premium gloves built to gear,gear further in our new gloves.,image,4:5,adventure,img_gloves:Image|gear:Verb
ad_01547,2024-05,440.9,832.23,14330,95,1,kit for every conquer,Our kit lets you conquer better.,image,9:16,gravel,img_kit:Image|kit:Noun
ad_01548,2024-05,138.48,175.72,62384,332,4,the bibs you need to race,Built to race. Premium bibs.,image,9:16,casual,img_bibs:Image|bibs:Noun|race:Verb
ad_01549,2024-05,301.55,3831.26,8516,132,5,new armwarmers collection,"Built for the long haul. Our premium armwarmers combines technical fabrics with a refined fit so you can climb harder 10 and go further, no matter what the forecast brings this season.",video,1:1,accessories,vid_armwarmers:Video|armwarmers:Noun|new arrivals:Phrase
ad_01550,2024-05,119.07,269.09,71950,611,11,premium jacket built to race,Ride ready. Try our jacket today.,image,9:16,adventure,img_jacket:Image|race:Verb
ad_01551,2024-05,74.69,117.01,13577,73,1,premium shorts 8 built to ride,Built to ride. Premium shorts.,image,4:5,commute,img_shorts:Image|shorts:Noun
ad_01552,2024-05,160.68,1062.35,22233,213,5,the cap you need to layer,Built to 2 layer. Premium cap.,video,4:5,casual,vid_cap:Video|cap:Noun|layer:Verb|gear up for summer:Phrase
ad_01553,2024-05,56.6,232.95,24662,250,7,premium shell built to race,race further in our new shell.,video,1:1,urban,vid_shell:Video|race:Verb|cold weather essentials:Phrase
ad_01554,2024-05,141.13,299.11,26200,224,4,vest for every ride,Our vest lets you ride better.,image,1:1,mountain,img_vest:Image|vest:Noun
ad_01555,2024-05,178.81,539.94,15371,155,3,wardrobe for every cruise,Ride ready. Try our wardrobe today. 🔥,image,9:16,adventure,img_wardrobe:Image|cruise:Verb|new arrivals:Phrase
ad_01556,2024-05,159.31,427.28,10581,141,4,new 17 jersey collection,Built to train. Premium jersey.,image,1:1,adventure,img_jersey:Image|jersey:Noun|gravel ready:Phrase
ad_01557,2024-05,133.29,227.22,22707,151,3,the shorts you need to race,Built to race. Premium shorts.,image,9:16,adult,img_shorts:Image|shorts:Noun|race:Verb|gravel ready:Phrase
ad_01558,2024-05,295.12,909.53,22992,204,4,16 new wardrobe collection,Built to ride. Premium wardrobe. 💪,video,9:16,gravel,vid_wardrobe:Video
ad_01559,2024-05,124.91,381.68,29821,325,8,13 gear further in our socks,Ride ready. Try our socks today.,image,4:5,adventure,img_socks:Image|socks:Noun|gear:Verb|cold weather essentials:Phrase
ad_01560,2024-05,196.83,257.17,15147,90,1,vest for every descend,Our vest lets you descend better.,image,1:1,adult,img_vest:Image|vest:Noun|descend:Verb
ad_01561,2024-05,196.03,218.16,18332,103,1,shell for every gear,Built to gear. Premium shell.,image,9:16,casual,img_shell:Image|shell:Noun|gear:Verb
ad_01562,2024-05,90.84,362.3,15782,192,5,the shell you need to train,"Lightweight and breathable, this shell keeps you comfortable from the first pedal stroke to the last. Designed for riders who train in all conditions and demand the very best from their gear.",image,1:1,adventure,img_shell:Image|shell:Noun|train:Verb|ride in comfort:Phrase
ad_01563,2024-05,140.73,630.19,16746,165,4,7 premium baselayer built to shred,Built 11 to shred. Premium baselayer.,video,1:1,gravel,vid_baselayer:Video|lightweight layers:Phrase
ad_01564,2024-05,149.71,525.35,15536,196,5,kit for every sprint,sprint further in 17 our new kit.,image,1:1,accessories,img_kit:Image|kit:Noun|sprint:Verb|adventure awaits:Phrase
ad_01565,2024-05,135.24,360.69,14067,103,2,bibs for every ride,Built to ride. Premium bibs.,image,4:5,gravel,img_bibs:Image|bibs:Noun|ride:Verb
ad_01566,2024-05,117.67,188.96,9253,71,1,premium armwarmers built to layer,Ride ready. Try our armwarmers today.,image,1:1,gravel,img_armwarmers:Image|armwarmers:Noun|layer:Verb
ad_01567,2024-05,60.53,197.91,27930,248,5,the vest 4 you need to push,Our vest lets you push better.,video,1:1,gravel,vid_vest:Video|vest:Noun|lightweight layers:Phrase
ad_01568,2024-05,204.82,1150.74,9500,81,2,premium jacket built to conquer,Built to conquer. Premium jacket.,video,4:5,adult,vid_jacket:Video|jacket:Noun|conquer:Verb|cold weather essentials:Phrase
ad_01569,2024-05,78.39,120.63,8320,53,1,new gloves collection,climb further in our new gloves.,image,1:1,road,img_gloves:Image|climb:Verb
ad_01570,2024-05,350.65,1521.77,8489,89,2,ride further in our wardrobe,"Built for the long haul. Our premium wardrobe combines technical fabrics with a refined fit so you can ride harder and go further, no matter what the forecast brings this season.",video,9:16,accessories,vid_wardrobe:Video|wardrobe:Noun|ride:Verb
ad_01571,2024-05,95.09,195.75,16075,129,2,kit 10 for every ride,Ride ready. Try our kit today.,image,4:5,mountain,img_kit:Image|kit:Noun|ride:Verb
ad_01572,2024-05,217.97,503.12,17839,161,3,new 29 socks collection,Our socks lets you race better.,video,9:16,mountain,vid_socks:Video|socks:Noun|race:Verb
ad_01573,2024-05,299.7,389.19,28955,157,2,baselayer 15 for every sprint,Built to sprint. Premium baselayer.,image,1:1,accessories,img_baselayer:Image|baselayer:Noun|sprint:Verb
ad_01574,2024-05,178.46,390.16,12543,69,1,the jacket you 21 need to shred,Ride ready. Try our jacket today. 💪,video,1:1,commute,vid_jacket:Video|jacket:Noun|shred:Verb
ad_01575,2024-05,228.91,1865.32,6218,74,2,new tights collection,Built 18 to push. Premium tights.,video,4:5,gravel,vid_tights:Video|tights:Noun|push:Verb|built to last:Phrase
ad_01576,2024-05,743.76,3359.25,18406,162,4,the shell you need to pedal,pedal further in our new shell.,video,1:1,casual,vid_shell:Video|shell:Noun|all day comfort:Phrase
ad_01577,2024-05,100.64,510.11,24623,219,4,descend further in our shell,Our shell lets you descend better.,video,4:5,gravel,vid_shell:Video|descend:Verb
ad_01578,2024-05,76.43,277.46,29977,301,5,shell for every race,race further in our new shell.,video,1:1,adult,vid_shell:Video|shell:Noun
ad_01579,2024-05,266.88,1301.31,17340,207,5,shred further in our bibs,Ride ready. Try our bibs today.,image,4:5,accessories,img_bibs:Image|bibs:Noun|shred:Verb|race day ready:Phrase
ad_01580,2024-05,124.15,535.56,17318,228,6,the 7 gloves you need to gear,Built to gear. Premium gloves.,image,4:5,adventure,img_gloves:Image|gloves:Noun|race day ready:Phrase
ad_01581,2024-05,109.3,412.17,21814,204,4,socks 24 for every shred,"Engineered for performance on 14 every terrain. Our socks is designed to help you shred with total confidence, whether you are on a mountain pass or a city commute through changing weather.",image,1:1,adventure,img_socks:Image|socks:Noun|shred:Verb
ad_01582,2024-05,233.79,621.4,9890,76,1,premium vest built to shred,Built to shred. Premium vest.,image,4:5,casual,img_vest:Image|vest:Noun|shred:Verb|ride in comfort:Phrase
ad_01583,2024-05,112.09,687.1,23901,290,8,the jersey you 11 need to explore,explore further in our new jersey. 🌧️,video,4:5,adult,vid_jersey:Video|jersey:Noun|explore:Verb|race day ready:Phrase
ad_01584,2024-05,92.2,184.24,23762,154,2,20 the jersey you need to conquer,Our jersey lets you conquer better.,video,9:16,commute,vid_jersey:Video|built to last:Phrase
ad_01585,2024-05,402.05,1477.05,21954,153,3,new armwarmers collection,climb further in our new armwarmers. ❄️,video,1:1,adult,vid_armwarmers:Video|armwarmers:Noun
ad_01586,2024-05,276.67,700.29,15159,98,2,the cap you need to shred,Ride ready. Try our cap today.,image,4:5,casual,img_cap:Image|cap:Noun
ad_01587,2024-05,265.34,2489.26,24336,275,6,new gloves collection,19 Built to sprint. Premium gloves.,video,4:5,road,vid_gloves:Video|gloves:Noun
ad_01588,2024-05,90.06,320.4,23694,224,4,shell for every gear,gear further in our new shell.,video,9:16,gravel,vid_shell:Video|shell:Noun
ad_01589,2024-05,216.46,787.41,13768,142,3,premium shell 25 built to gear,gear further in our new shell.,video,4:5,mountain,vid_shell:Video|shell:Noun|gear:Verb
ad_01590,2024-05,481.27,1536.92,10030,79,2,18 descend further in our armwarmers,Our armwarmers lets you descend better.,video,4:5,road,vid_armwarmers:Video|armwarmers:Noun|descend:Verb
ad_01591,2024-05,182.92,1121.15,42951,636,20,shred further in our gloves,Built to shred. Premium gloves.,video,9:16,adventure,vid_gloves:Video|gloves:Noun|trail tested:Phrase
ad_01592,2024-05,236.91,640.42,10252,76,1,sprint further in our armwarmers,Our armwarmers lets you sprint better.,image,4:5,adult,img_armwarmers:Image
ad_01593,2024-05,30.99,254.34,42450,664,25,premium jersey built to sprint,Built to 19 sprint. Premium jersey.,video,1:1,adventure,vid_jersey:Video|jersey:Noun
ad_01594,2024-05,329.0,1680.51,13162,116,2,premium kit built to gear,Ride ready. Try 16 our kit today.,video,1:1,urban,vid_kit:Video|kit:Noun|gear:Verb
ad_01595,2024-05,202.82,602.72,9955,75,1,new vest collection,"Lightweight and breathable, this vest keeps you comfortable from the first pedal stroke to the last. Designed for riders who race in all conditions and demand the very best from their gear.",image,1:1,commute,img_vest:Image|vest:Noun|race:Verb|adventure awaits:Phrase
ad_01596,2024-05,90.89,291.59,7919,59,1,new shorts collection,Our 12 shorts lets you climb better.,video,1:1,commute,vid_shorts:Video|climb:Verb|your spring wardrobe:Phrase
ad_01597,2024-05,59.17,234.31,21902,217,4,the 9 bibs you need to race,Our bibs lets you race better.,video,4:5,road,vid_bibs:Video
ad_01598,2024-05,229.07,1611.14,53068,758,18,ride further in our vest,"Built for the long haul. Our premium vest combines technical fabrics with a refined fit so you can ride harder and 16 go further, no matter what the forecast brings this season.",image,4:5,adventure,img_vest:Image|vest:Noun
ad_01599,2024-05,160.01,546.74,10805,111,2,new 24 bibs collection,Built to conquer. Premium bibs. 🌧️,image,4:5,adventure,img_bibs:Image|bibs:Noun
ad_01600,2024-05,235.47,1260.42,24130,237,6,new cap collection,Built to ride. Premium cap.,video,4:5,accessories,vid_cap:Video|cap:Noun|ride:Verb
ad_01601,2024-05,228.27,1245.18,38304,347,6,premium gloves 24 built to pedal,Built 3 to pedal. Premium gloves.,video,4:5,casual,vid_gloves:Video
ad_01602,2024-05,132.88,785.2,38043,406,11,new socks collection,"Lightweight and breathable, this socks keeps you comfortable from the first pedal stroke to the last. Designed for riders who push in all conditions and demand the very best from their gear. 🌧️",video,9:16,road,vid_socks:Video
ad_01603,2024-05,95.52,180.57,45302,350,6,race further in 9 our cap,"Built for the long haul. Our premium cap combines technical fabrics with a refined fit so you can race harder and go further, no matter what the forecast brings this season.",image,1:1,mountain,img_cap:Image|race:Verb
ad_01604,2024-05,282.36,484.49,23069,141,2,the gloves you need to layer,layer further in our new gloves.,image,1:1,casual,img_gloves:Image|layer:Verb
ad_01605,2024-05,330.64,1239.26,18239,238,6,the shell you need to sprint,Built to sprint. Premium shell.,image,4:5,adventure,img_shell:Image|shell:Noun|sprint:Verb|lightweight layers:Phrase
ad_01606,2024-05,366.29,1539.21,8480,86,2,shell for every pedal,"Lightweight and breathable, this shell keeps you comfortable from the first pedal stroke to the last. Designed for riders who pedal in all conditions and demand the very best from their gear.",video,9:16,gravel,vid_shell:Video
ad_01607,2024-05,247.64,2385.22,14518,189,5,new wardrobe collection,Our wardrobe 18 lets you sprint better.,video,4:5,mountain,vid_wardrobe:Video|wardrobe:Noun|sprint:Verb
ad_01608,2024-05,391.25,461.3,22466,169,2,new tights collection,Our tights lets you explore better.,image,9:16,adult,img_tights:Image
ad_01609,2024-05,219.81,1399.84,32513,473,13,new wardrobe collection,Our wardrobe lets you pedal better.,video,1:1,adventure,vid_wardrobe:Video|wardrobe:Noun
ad_01610,2024-05,249.17,273.67,31541,149,1,climb further in 11 our jersey,Ride ready. Try our jersey today. 🚴,image,9:16,adult,img_jersey:Image|jersey:Noun|climb:Verb
ad_01611,2024-05,129.65,288.32,19618,241,4,premium bibs built to conquer,Built to conquer. Premium bibs.,image,9:16,adventure,img_bibs:Image|conquer:Verb|built to last:Phrase
ad_01612,2024-05,399.48,2325.32,14631,145,3,premium socks built to climb,Ride ready. Try our socks today.,video,4:5,road,vid_socks:Video|climb:Verb|ride in comfort:Phrase
ad_01613,2024-05,217.39,1806.81,27458,451,15,train further in our cap,Built to train. Premium cap.,video,4:5,adventure,vid_cap:Video|cap:Noun|lightweight layers:Phrase
ad_01614,2024-05,362.39,3422.43,19896,249,8,new jersey collection,explore further in our 4 new jersey.,video,4:5,mountain,vid_jersey:Video
ad_01615,2024-05,512.6,1481.39,29395,244,4,the 28 socks you need to gear,Our socks lets you gear better.,image,4:5,adventure,img_socks:Image|gear:Verb
ad_01616,2024-05,266.22,1071.4,22775,184,2,premium wardrobe built to layer,layer further 7 in our new wardrobe.,video,9:16,commute,vid_wardrobe:Video|built to last:Phrase
ad_01617,2024-05,358.42,1896.61,15882,199,6,the armwarmers you need to pedal,Our armwarmers lets 23 you pedal better.,image,9:16,adventure,img_armwarmers:Image|armwarmers:Noun|trail tested:Phrase
ad_01618,2024-05,49.9,73.99,22190,101,1,shorts for every sprint,Ride ready. Try our shorts today.,image,1:1,sale,img_shorts:Image|shorts:Noun|sprint:Verb|gravel ready:Phrase
ad_01619,2024-05,487.25,1416.81,12039,92,1,pedal further in our shell,Built to 19 pedal. Premium shell.,image,4:5,adult,img_shell:Image|shell:Noun|pedal:Verb
ad_01620,2024-05,188.15,220.0,19405,136,2,new 18 tights collection,Ride ready. Try our tights today.,image,9:16,accessories,img_tights:Image|tights:Noun
ad_01621,2024-05,295.45,667.39,23490,154,2,the kit you need to climb,Our kit lets you climb better. 🚴,image,4:5,commute,img_kit:Image|kit:Noun
ad_01622,2024-05,43.15,122.34,33481,268,4,premium bibs built to cruise,Our bibs lets you cruise better.,image,4:5,gravel,img_bibs:Image|bibs:Noun|cruise:Verb
ad_01623,2024-05,194.42,338.15,31781,209,2,race 29 further in our bibs,"Engineered for performance on every terrain. Our bibs is designed to help you race with total confidence, whether you are on a mountain pass or a city commute through changing weather.",image,9:16,urban,img_bibs:Image|gear up for summer:Phrase
ad_01624,2024-05,154.22,144.46,19298,89,1,14 baselayer for every ride,Our baselayer lets you ride better. 🌧️,image,9:16,commute,img_baselayer:Image|baselayer:Noun|ride:Verb|ride in comfort:Phrase
ad_01625,2024-05,114.57,584.24,9971,106,2,the bibs you need to ride,"Engineered for performance on every terrain. Our bibs is designed to help you ride with total confidence, whether you are on a mountain pass or a city commute through changing weather. ❄️",image,4:5,accessories,img_bibs:Image|bibs:Noun
ad_01626,2024-05,131.25,537.09,15071,121,2,sprint further in our shell,sprint 29 further in our new shell.,image,4:5,casual,img_shell:Image|shell:Noun|sprint:Verb|your spring wardrobe:Phrase
ad_01627,2024-05,175.13,572.7,19804,191,5,train further in our socks,Built to train. Premium socks.,image,1:1,adventure,img_socks:Image|built to last:Phrase
ad_01628,2024-05,201.2,417.34,17235,167,4,the jersey 26 you need to climb,Ride ready. Try our jersey today.,image,9:16,adventure,img_jersey:Image|jersey:Noun|trail tested:Phrase
ad_01629,2024-05,57.05,194.36,21344,159,3,new gloves collection,Our gloves lets you gear better.,video,4:5,commute,vid_gloves:Video
ad_01630,2024-05,378.84,610.43,32610,205,2,premium baselayer 27 built to ride,Built to ride. Premium baselayer.,image,4:5,commute,img_baselayer:Image|baselayer:Noun|ride:Verb|cold weather essentials:Phrase
ad_01631,2024-05,198.28,546.63,9964,84,1,premium shell built to race,Ride ready. Try our shell today.,image,4:5,casual,img_shell:Image|shell:Noun
ad_01632,2024-05,47.65,205.85,20916,229,5,premium shorts built to climb,climb further in our 3 new shorts.,video,1:1,adult,vid_shorts:Video|shorts:Noun
ad_01633,2024-05,183.99,642.06,8764,78,2,tights for every climb,"Lightweight and breathable, this tights keeps you comfortable from the first pedal stroke to the last. Designed for riders who climb in all conditions and demand the very best from their gear. ⛰️",image,1:1,gravel,img_tights:Image|tights:Noun
ad_01634,2024-05,82.7,459.69,9821,87,2,new vest collection,Built to layer. Premium vest.,video,4:5,commute,vid_vest:Video|vest:Noun|layer:Verb|adventure awaits:Phrase
ad_01635,2024-05,71.15,144.36,6213,29,0,premium gloves built to gear,Built to gear. Premium gloves. ⛰️,image,4:5,sale,img_gloves:Image
ad_01636,2024-05,135.41,467.08,19551,151,2,new gloves collection,Ride ready. Try our gloves today.,image,4:5,accessories,img_gloves:Image|gloves:Noun|cruise:Verb
ad_01637,2024-05,179.02,672.57,24788,251,6,race further 29 in our socks,"Built for the long haul. Our premium socks combines technical fabrics with a refined fit so you can race harder and go further, no matter what the forecast brings this season.",image,1:1,adventure,img_socks:Image|socks:Noun|race:Verb|adventure awaits:Phrase
ad_01638,2024-05,187.5,616.19,9803,118,3,wardrobe for every cruise,"Built for the long haul. Our premium wardrobe combines technical fabrics with a refined fit so you can cruise harder and go further, no matter what the forecast brings this season. 🚴",image,1:1,mountain,img_wardrobe:Image|wardrobe:Noun|cruise:Verb
ad_01639,2024-05,326.48,1705.19,10328,122,2,cap for every shred,shred further in our new cap.,video,4:5,road,vid_cap:Video|cap:Noun
ad_01640,2024-05,454.42,4007.19,15500,145,3,new armwarmers collection,"8 Engineered for performance on every terrain. Our armwarmers is designed to help you layer with total confidence, whether you are on a mountain pass or a city commute through changing weather.",video,4:5,casual,vid_armwarmers:Video|armwarmers:Noun|layer:Verb
ad_01641,2024-05,219.58,1456.46,19522,235,7,descend further in our vest,descend further in our new vest. ⛰️,video,4:5,road,vid_vest:Video|ride in comfort:Phrase
ad_01642,2024-05,220.53,1236.72,53541,523,10,premium bibs built to ride,Our bibs lets you ride better.,video,4:5,road,vid_bibs:Video|bibs:Noun|ride:Verb
ad_01643,2024-05,153.36,266.63,18934,77,1,the tights you need to climb,climb further in our new tights. 🔥,image,4:5,sale,img_tights:Image|climb:Verb
ad_01644,2024-05,80.04,340.02,26266,237,5,the baselayer you need to pedal,Ride ready. Try our baselayer today.,video,1:1,road,vid_baselayer:Video|baselayer:Noun
ad_01645,2024-05,261.42,1060.76,14107,112,3,the shell you need to ride,"Built for the long haul. Our premium shell combines technical fabrics with a refined fit so you can ride harder and go further, no matter what the forecast brings this season.",video,1:1,urban,vid_shell:Video|shell:Noun|ride:Verb
ad_01646,2024-05,175.59,499.56,8900,77,2,premium kit 21 built to sprint,Built to sprint. Premium kit.,video,1:1,mountain,vid_kit:Video|kit:Noun|sprint:Verb
ad_01647,2024-05,285.23,712.34,6566,46,1,kit for every explore,Our kit lets you explore better. 🏔️,video,1:1,sale,vid_kit:Video|kit:Noun
ad_01648,2024-05,324.34,957.18,11131,98,2,premium bibs built 13 to shred,Built to shred. Premium bibs.,video,4:5,road,vid_bibs:Video|bibs:Noun|shred:Verb
ad_01649,2024-05,410.21,2614.14,21449,224,6,new wardrobe collection,ride further in our new wardrobe.,video,4:5,accessories,vid_wardrobe:Video|wardrobe:Noun|ride:Verb|built to last:Phrase
ad_01650,2024-05,743.72,1945.77,21031,189,3,the vest you need to gear,Our vest lets you gear better. 🚴,image,1:1,accessories,img_vest:Image|vest:Noun|gear:Verb|ride in comfort:Phrase
ad_01651,2024-05,396.44,465.38,15452,74,1,the wardrobe you need to push,Ride ready. Try our wardrobe today.,image,1:1,commute,img_wardrobe:Image|push:Verb
ad_01652,2024-05,81.39,277.79,24752,253,4,2 new shell collection,Built to explore. Premium shell.,video,1:1,accessories,vid_shell:Video|shell:Noun|explore:Verb|gear up for summer:Phrase
ad_01653,2024-05,148.32,506.68,19474,241,5,24 shell for every pedal,pedal further in our new shell.,video,9:16,adventure,vid_shell:Video|shell:Noun|ride in comfort:Phrase
ad_01654,2024-05,224.32,1115.05,16382,124,2,18 gear further in our wardrobe,"Engineered for performance on every terrain. Our wardrobe is designed to help you gear with total confidence, whether you are on a mountain pass or a city commute through changing weather.",video,4:5,casual,vid_wardrobe:Video|wardrobe:Noun|gear:Verb
ad_01655,2024-05,147.62,371.35,21464,212,6,new jacket collection,sprint further in our new jacket.,image,1:1,mountain,img_jacket:Image|jacket:Noun|sprint:Verb|trail tested:Phrase
ad_01656,2024-05,335.07,824.7,17157,146,3,new 26 socks collection,"28 Built for the long haul. Our premium socks combines technical fabrics with a refined fit so you can cruise harder and go further, no matter what the forecast brings this season.",image,9:16,adult,img_socks:Image|socks:Noun|cruise:Verb|adventure awaits:Phrase
ad_01657,2024-05,296.88,749.18,18734,163,3,layer further in 22 our vest,layer further in our new vest.,image,4:5,mountain,img_vest:Image|vest:Noun
ad_01658,2024-05,261.55,1367.09,17580,198,5,shell for every race,Ride ready. Try our shell today.,video,4:5,gravel,vid_shell:Video|race:Verb
ad_01659,2024-05,176.48,533.96,24487,219,4,the bibs you need to race,"Engineered for performance on every terrain. Our bibs is designed to help you race with total confidence, whether you are on a mountain pass or a city commute through changing weather.",image,1:1,mountain,img_bibs:Image|bibs:Noun|race:Verb
ad_01660,2024-05,140.07,377.12,16278,127,2,the bibs you need to sprint,sprint 14 further in our new bibs.,image,1:1,adult,img_bibs:Image
ad_01661,2024-05,167.27,167.3,6594,33,0,the cap you 27 need to shred,Built to shred. Premium cap. 🔥,image,1:1,commute,img_cap:Image|cap:Noun
ad_01662,2024-05,41.59,54.92,16304,66,1,gloves for every layer,Our gloves lets you layer better.,image,1:1,sale,img_gloves:Image|gloves:Noun|lightweight layers:Phrase
ad_01663,2024-05,262.69,975.17,38063,355,6,new vest collection,"Lightweight and breathable, this vest keeps you comfortable from the first 28 pedal stroke to the last. Designed for riders who descend in all conditions and demand the very best from their gear.",image,1:1,road,img_vest:Image|vest:Noun
ad_01664,2024-05,135.11,781.94,11900,130,3,push further in our gloves,Built to 21 push. Premium gloves.,image,4:5,adventure,img_gloves:Image|push:Verb
ad_01665,2024-05,67.73,96.71,24222,176,2,the wardrobe you 2 need to descend,descend further in our new wardrobe. ☀️,image,1:1,adult,img_wardrobe:Image
ad_01666,2024-05,97.19,336.44,21465,222,4,29 jersey for every layer,Built to layer. Premium jersey.,image,4:5,mountain,img_jersey:Image|gravel ready:Phrase
ad_01667,2024-05,175.76,1380.48,15266,185,5,jersey for 6 every push,"Lightweight and breathable, this jersey keeps you comfortable from the first pedal stroke to the last. Designed for riders who push in all conditions and demand the very best from their gear.",video,4:5,accessories,vid_jersey:Video|jersey:Noun|push:Verb|gravel ready:Phrase
ad_01668,2024-05,83.07,177.41,24176,175,3,explore further in our cap,Our cap lets 13 you explore better.,image,9:16,gravel,img_cap:Image|cap:Noun|explore:Verb
ad_01669,2024-05,332.81,642.34,11113,77,1,new shorts collection,Ride ready. Try our shorts today.,image,1:1,commute,img_shorts:Image|shorts:Noun|gravel ready:Phrase
ad_01670,2024-05,124.61,243.33,11195,81,1,new 5 armwarmers collection,Built 19 to train. Premium armwarmers.,image,9:16,mountain,img_armwarmers:Image|armwarmers:Noun|train:Verb|ride in comfort:Phrase
ad_01671,2024-05,351.04,1601.34,21257,187,3,22 new vest collection,Ride 21 ready. Try our vest today.,video,4:5,casual,vid_vest:Video|vest:Noun
ad_01672,2024-05,153.22,630.85,20954,173,4,new cap collection,sprint further in our new cap. 🚴,image,4:5,gravel,img_cap:Image
ad_01673,2024-05,229.42,206.02,14305,46,0,gear further 26 in our vest,gear further in our new vest. 🏔️,image,9:16,sale,img_vest:Image|vest:Noun
ad_01674,2024-05,247.56,308.29,23695,156,2,sprint further in 7 our cap,Built to sprint. Premium cap.,image,9:16,casual,img_cap:Image|sprint:Verb|trail tested:Phrase
ad_01675,2024-05,213.09,470.95,26346,192,3,shorts for 5 every shred,Our shorts lets you shred better. ⛰️,image,4:5,adult,img_shorts:Image|shorts:Noun|new arrivals:Phrase
ad_01676,2024-05,98.75,302.13,9885,117,3,the jersey you need 18 to ride,ride further in our new jersey. 💪,image,1:1,mountain,img_jersey:Image|jersey:Noun|gravel ready:Phrase
ad_01677,2024-05,108.96,243.26,9871,49,1,the jacket you need to conquer,Ride ready. 28 Try our jacket today.,image,1:1,commute,img_jacket:Image
ad_01678,2024-05,373.57,786.19,33255,181,2,new jacket collection,cruise further in our new jacket. ☀️,video,9:16,sale,vid_jacket:Video|jacket:Noun
ad_01679,2024-05,56.64,294.21,7246,87,2,new 5 tights collection,Ride ready. Try 17 our tights today.,image,4:5,accessories,img_tights:Image|cruise:Verb|race day ready:Phrase
ad_01680,2024-05,86.41,405.8,16292,170,4,13 premium socks built to gear,"Built for the long haul. Our premium socks combines technical fabrics with a refined fit so you 10 can gear harder and go further, no matter what the forecast brings this season.",image,4:5,mountain,img_socks:Image|socks:Noun|gear:Verb|gear up for summer:Phrase
ad_01681,2024-05,128.74,540.67,26170,294,6,premium tights built to cruise,"Engineered for performance on every terrain. Our tights is designed to help you cruise with total confidence, whether you are on a mountain pass or a city commute through changing weather.",image,4:5,gravel,img_tights:Image|tights:Noun
ad_01682,2024-05,355.75,2598.36,7109,85,2,sprint further in our shorts,"Engineered for performance on every terrain. Our shorts is designed to help you sprint with total confidence, whether you are on a mountain pass or a 15 city commute through changing weather.",video,1:1,accessories,vid_shorts:Video|shorts:Noun
ad_01683,2024-05,123.65,399.51,21103,173,3,premium jacket built to ride,ride further in our new jacket. 🌧️,image,4:5,gravel,img_jacket:Image|jacket:Noun|ride:Verb
ad_01684,2024-05,100.8,665.47,17460,184,4,new shell collection,Ride ready. Try our shell today. ❄️,video,4:5,road,vid_shell:Video|shell:Noun|descend:Verb
ad_01685,2024-05,103.78,674.72,17969,186,5,the shell you need to conquer,conquer further in our new shell. 🌧️,video,4:5,casual,vid_shell:Video|shell:Noun|lightweight layers:Phrase
ad_01686,2024-05,186.18,602.02,25806,148,2,bibs for every train,19 Built to train. Premium bibs.,image,4:5,commute,img_bibs:Image|bibs:Noun
ad_01687,2024-05,109.38,873.11,15296,122,3,sprint further in our jersey,Built to sprint. 14 Premium jersey.,video,4:5,commute,vid_jersey:Video|jersey:Noun|new arrivals:Phrase
ad_01688,2024-05,120.89,280.4,14941,160,3,gear further in our kit,Built to gear. Premium kit.,image,9:16,adventure,img_kit:Image|kit:Noun|gear:Verb|ride in comfort:Phrase
ad_01689,2024-05,94.41,654.9,24950,371,12,the jacket you need to push,"Lightweight and breathable, this jacket keeps you comfortable from the first pedal stroke to the last. Designed for riders who push in all conditions and demand the very best from their gear.",video,9:16,adventure,vid_jacket:Video|jacket:Noun
ad_01690,2024-05,158.3,335.35,34846,259,4,jacket for every ride,ride further in our new jacket.,image,1:1,gravel,img_jacket:Image|jacket:Noun
ad_01691,2024-05,68.8,126.93,23600,170,2,premium jersey built to ride,ride further in our new jersey.,image,1:1,gravel,img_jersey:Image|ride:Verb
ad_01692,2024-05,152.96,566.88,23325,178,2,premium wardrobe built to train,"Lightweight and breathable, this wardrobe keeps you comfortable from the first pedal stroke to the last. Designed for riders who train in all conditions and demand the very best from their gear.",image,4:5,casual,img_wardrobe:Image|wardrobe:Noun
ad_01693,2024-05,54.57,320.32,10839,128,3,20 vest for every descend,descend further in our new vest.,video,4:5,accessories,vid_vest:Video|vest:Noun|built to last:Phrase
ad_01694,2024-05,67.76,505.74,5874,55,1,premium socks built to conquer,"Built for the long haul. Our premium socks combines technical fabrics with a refined fit so you can conquer harder and go further, no matter what the forecast brings this season.",video,4:5,adult,vid_socks:Video
ad_01695,2024-05,509.26,1534.44,6176,46,1,the bibs you need to sprint,Our bibs lets you sprint better.,image,4:5,casual,img_bibs:Image|bibs:Noun|gear up for summer:Phrase
ad_01696,2024-05,222.83,1030.28,12302,116,3,race further in our vest,3 race further in our new vest.,image,4:5,road,img_vest:Image|vest:Noun|all day comfort:Phrase
ad_01697,2024-05,20.46,80.97,20424,150,3,premium bibs 18 built to gear,"Lightweight and breathable, this bibs keeps you comfortable from the first pedal stroke to the last. Designed 5 for riders who gear in all conditions and demand the very best from their gear.",image,4:5,accessories,img_bibs:Image|bibs:Noun|gear:Verb
ad_01698,2024-05,99.82,180.99,31728,195,3,premium jersey built 2 to descend,"Engineered for performance on every terrain. Our jersey is designed to help you descend with total confidence, whether you are on a mountain pass or a city commute through changing weather.",image,9:16,casual,img_jersey:Image|jersey:Noun|new arrivals:Phrase
ad_01699,2024-05,280.34,249.98,6124,36,0,the 19 shell you need to gear,Ride ready. Try our shell today.,image,9:16,road,img_shell:Image|shell:Noun|gear:Verb
ad_01700,2024-05,52.84,105.28,14107,96,1,new 6 wardrobe collection,Our wardrobe lets you gear better.,image,4:5,accessories,img_wardrobe:Image|gear:Verb
ad_01701,2024-05,78.69,277.73,7367,80,2,premium bibs built 20 to train,Our bibs lets you train better. 🏔️,video,1:1,accessories,vid_bibs:Video|bibs:Noun|train:Verb|race day ready:Phrase
ad_01702,2024-05,147.45,368.09,22095,130,2,new 8 tights collection,"Engineered for performance on every terrain. Our tights is designed to help you sprint with total confidence, 18 whether you are on a mountain pass or a city commute through changing weather.",image,1:1,urban,img_tights:Image|tights:Noun
ad_01703,2024-05,116.29,314.42,8355,68,1,premium vest built to race,Our vest lets 6 you race better. ❄️,image,9:16,casual,img_vest:Image
ad_01704,2024-05,176.96,447.14,15425,149,2,new socks collection,train further in our new socks.,image,4:5,gravel,img_socks:Image|socks:Noun|train:Verb
ad_01705,2024-05,134.91,407.21,21721,178,3,new baselayer collection,"Engineered for performance on every terrain. Our baselayer is designed to help you shred with total confidence, whether you are on a mountain pass or a city commute through changing weather.",image,1:1,gravel,img_baselayer:Image|baselayer:Noun
ad_01706,2024-05,138.98,201.89,33844,136,1,2 pedal further in our shorts,Built to pedal. Premium shorts.,video,1:1,sale,vid_shorts:Video|shorts:Noun
ad_01707,2024-05,159.58,394.6,35121,222,3,pedal further in our gloves,Built to pedal. Premium gloves.,image,4:5,adult,img_gloves:Image|pedal:Verb
ad_01708,2024-05,87.75,191.67,14254,108,1,the cap you need to cruise,Built to cruise. 3 Premium cap.,image,1:1,commute,img_cap:Image|cruise:Verb|built to last:Phrase
ad_01709,2024-05,284.39,1495.13,14579,103,2,premium kit built to descend,Built 24 to descend. Premium kit. 🚴,image,4:5,adult,img_kit:Image|descend:Verb|lightweight layers:Phrase
ad_01710,2024-05,87.46,187.89,7709,65,1,train further in our gloves,Our gloves lets you train better.,image,1:1,gravel,img_gloves:Image|gloves:Noun
ad_01711,2024-05,357.85,460.14,13499,73,1,new socks collection,Ride ready. Try our socks today. 🚴,image,9:16,adult,img_socks:Image|socks:Noun|conquer:Verb
ad_01712,2024-05,129.3,519.35,7547,78,2,the jersey you need to climb,Built to climb. Premium jersey.,image,4:5,mountain,img_jersey:Image|jersey:Noun|climb:Verb|gear up for summer:Phrase
ad_01713,2024-05,280.05,1181.01,6126,60,1,shell for every gear,"Engineered for performance on every terrain. 10 Our shell is designed to help you gear with total confidence, whether you are on a mountain pass or a city commute through changing weather.",image,4:5,urban,img_shell:Image|shell:Noun|gear:Verb
ad_01714,2024-05,30.55,74.19,7375,66,1,explore further in our cap,Our cap lets you explore better.,image,1:1,mountain,img_cap:Image|cap:Noun|explore:Verb|ride in comfort:Phrase
ad_01715,2024-05,315.38,1001.39,23296,222,5,new tights collection,"Engineered for performance on every terrain. Our tights is designed to help you race with total confidence, whether you are on a mountain pass or a city commute through changing weather.",image,9:16,road,img_tights:Image|tights:Noun|adventure awaits:Phrase
ad_01716,2024-05,117.63,332.78,10087,92,2,the kit you need to shred,Our kit lets 3 you shred better.,image,1:1,adult,img_kit:Image|kit:Noun|built to last:Phrase
ad_01717,2024-05,149.01,639.46,12850,148,3,conquer further in our bibs,conquer further in our new bibs. ⛰️,video,1:1,road,vid_bibs:Video|bibs:Noun|conquer:Verb
ad_01718,2024-05,291.33,2468.47,26399,461,16,the tights you need to explore,"Built for the long haul. Our premium tights combines technical fabrics with a refined fit so you can explore harder and go further, no matter what the forecast brings this season.",video,1:1,adventure,vid_tights:Video|tights:Noun|your spring wardrobe:Phrase
ad_01719,2024-05,144.21,339.61,6384,58,1,baselayer for every push,Our baselayer lets you push better.,image,1:1,adult,img_baselayer:Image|baselayer:Noun|all day comfort:Phrase
ad_01720,2024-05,179.9,813.18,6807,74,1,wardrobe for every train,26 Built to train. Premium wardrobe.,video,9:16,road,vid_wardrobe:Video|wardrobe:Noun|train:Verb
ad_01721,2024-05,109.91,129.25,21731,78,1,baselayer 25 for every explore,explore further in our new baselayer. 💪,image,1:1,sale,img_baselayer:Image|baselayer:Noun|your spring wardrobe:Phrase
ad_01722,2024-05,190.36,868.58,14329,183,4,jacket for every sprint,sprint further in our new jacket.,video,9:16,accessories,vid_jacket:Video|jacket:Noun|sprint:Verb|race day ready:Phrase
ad_01723,2024-05,375.67,548.76,8910,37,0,socks for every layer,28 layer further in our new socks. 🏔️,image,9:16,sale,img_socks:Image|layer:Verb
ad_01724,2024-05,351.9,765.17,25462,199,3,the bibs you need to train,Built to train. 17 Premium bibs.,image,9:16,accessories,img_bibs:Image|bibs:Noun|train:Verb
ad_01725,2024-05,122.74,260.14,11426,90,1,the wardrobe 12 you need to train,Built to train. Premium wardrobe.,image,4:5,road,img_wardrobe:Image|train:Verb
ad_01726,2024-05,269.75,682.9,14540,108,2,premium cap built to gear,Built to gear. Premium cap.,video,1:1,commute,vid_cap:Video|cap:Noun
ad_01727,2024-05,254.8,1519.8,13918,148,3,the wardrobe you need to descend,"Engineered for performance on every terrain. Our wardrobe is designed to help you descend with total confidence, whether you are on a mountain pass or a city commute through changing weather. 💪",image,4:5,gravel,img_wardrobe:Image|wardrobe:Noun|descend:Verb|lightweight layers:Phrase
ad_01728,2024-05,329.76,1389.12,13140,143,3,premium wardrobe built to climb,Our wardrobe lets you climb better.,video,1:1,gravel,vid_wardrobe:Video|wardrobe:Noun
ad_01729,2024-05,179.46,413.26,9993,84,2,3 baselayer for every gear,Our baselayer lets you gear better.,image,1:1,gravel,img_baselayer:Image|baselayer:Noun|race day ready:Phrase
ad_01730,2024-05,187.6,808.5,6905,80,2,bibs for every sprint,Ride ready. Try our bibs today.,video,1:1,gravel,vid_bibs:Video|bibs:Noun
ad_01731,2024-05,289.75,302.37,21945,139,2,10 new wardrobe collection,Ride ready. Try our wardrobe today.,image,1:1,accessories,img_wardrobe:Image|wardrobe:Noun|race:Verb
ad_01732,2024-05,163.8,252.93,7599,52,1,15 conquer further in our jacket,conquer further in our new jacket. 💪,image,1:1,accessories,img_jacket:Image|jacket:Noun|conquer:Verb
ad_01733,2024-05,169.92,396.75,20272,151,3,the gloves you need to climb,Ride ready. Try our gloves today.,video,9:16,road,vid_gloves:Video|climb:Verb
ad_01734,2024-05,157.37,857.77,33198,403,9,the bibs you need to explore,3 explore further in our new bibs.,image,4:5,adventure,img_bibs:Image|bibs:Noun|explore:Verb
ad_01735,2024-05,209.93,442.46,16491,160,3,premium 10 baselayer built to push,Built to push. Premium baselayer.,image,9:16,mountain,img_baselayer:Image|baselayer:Noun|gravel ready:Phrase
ad_01736,2024-05,140.5,195.06,17145,99,1,cruise 16 further in our shorts,Built 19 to cruise. Premium shorts.,image,1:1,casual,img_shorts:Image|cruise:Verb
ad_01737,2024-05,53.19,179.25,19251,132,2,15 new socks collection,Built to race. Premium socks.,video,4:5,commute,vid_socks:Video|socks:Noun|race:Verb|adventure awaits:Phrase
ad_01738,2024-05,155.97,1181.42,27707,428,12,layer further in our baselayer,layer further in our new baselayer.,video,4:5,adventure,vid_baselayer:Video|layer:Verb
ad_01739,2024-05,58.53,312.38,28138,316,7,train further in our bibs,Our bibs lets you 8 train better.,image,4:5,adventure,img_bibs:Image|bibs:Noun|train:Verb
ad_01740,2024-05,174.59,1123.97,43400,550,14,premium socks built to climb,"Engineered for performance on every terrain. Our socks is designed to help you climb with total confidence, whether you are on a mountain pass or a city commute through changing weather.",image,4:5,mountain,img_socks:Image|socks:Noun|lightweight layers:Phrase
ad_01741,2024-05,126.0,1257.23,13498,162,5,premium vest built to conquer,Our vest lets you conquer better. 🌧️,video,4:5,road,vid_vest:Video|vest:Noun|built to last:Phrase
ad_01742,2024-05,99.96,245.92,11339,66,1,wardrobe for every race,Built to race. Premium wardrobe. 🚴,image,4:5,commute,img_wardrobe:Image|wardrobe:Noun
ad_01743,2024-05,208.57,1044.68,10739,100,2,descend further in our kit,"Lightweight and breathable, this kit keeps you comfortable from the first pedal stroke to the last. Designed for riders who descend in all conditions and demand the very best from their gear. ❄️",video,9:16,casual,vid_kit:Video|kit:Noun
ad_01744,2024-05,55.95,169.22,6762,78,2,shorts for every pedal,pedal further in our new shorts.,image,4:5,mountain,img_shorts:Image|pedal:Verb
ad_01745,2024-05,183.7,538.65,8035,58,1,premium armwarmers built 21 to cruise,Built to 7 cruise. Premium armwarmers.,image,4:5,road,img_armwarmers:Image|armwarmers:Noun
ad_01746,2024-05,114.65,506.98,19516,191,4,new wardrobe collection,"Built for the long haul. Our premium wardrobe combines technical fabrics with a refined fit so you can ride harder and go further, no matter what the forecast brings this season.",image,4:5,accessories,img_wardrobe:Image|ride:Verb|all day comfort:Phrase
ad_01747,2024-05,426.0,2790.12,12847,199,6,sprint further in our bibs,"Lightweight and breathable, this bibs keeps you comfortable from the first pedal stroke to the last. Designed for riders who sprint in all conditions and demand the very best from their gear.",video,9:16,adventure,vid_bibs:Video|bibs:Noun
ad_01748,2024-05,91.84,424.44,8509,102,2,armwarmers for every gear,Built 12 to gear. Premium armwarmers.,image,1:1,accessories,img_armwarmers:Image|adventure awaits:Phrase
ad_01749,2024-05,169.12,175.27,29442,146,1,the 11 vest you need to conquer,Ride ready. Try our vest today. 🔥,image,9:16,commute,img_vest:Image|vest:Noun|conquer:Verb|cold weather essentials:Phrase
ad_01750,2024-05,170.16,652.91,55020,472,7,vest for every explore,Ride ready. Try our vest today. 🚴,video,9:16,casual,vid_vest:Video|vest:Noun|explore:Verb
ad_01751,2024-05,175.47,233.83,11630,55,0,the baselayer you need to ride,Built to ride. Premium baselayer.,image,4:5,sale,img_baselayer:Image|baselayer:Noun|ride:Verb
ad_01752,2024-05,74.06,354.95,9435,123,4,push further in our bibs,Our bibs lets you push better.,video,1:1,gravel,vid_bibs:Video|bibs:Noun|push:Verb|adventure awaits:Phrase
ad_01753,2024-05,97.72,419.07,20896,268,7,the kit you need to sprint,sprint further in our new kit. 🏔️,image,1:1,adventure,img_kit:Image|kit:Noun|sprint:Verb|cold weather essentials:Phrase
ad_01754,2024-05,169.2,399.35,9534,72,1,layer further in our armwarmers,Our armwarmers lets you layer better.,image,9:16,gravel,img_armwarmers:Image|armwarmers:Noun|built to last:Phrase
ad_01755,2024-05,65.4,77.98,7191,40,0,descend further in our vest,Ride ready. Try our vest today.,image,9:16,commute,img_vest:Image
ad_01756,2024-05,86.74,287.34,20634,184,4,the shorts you need to climb,climb further in our new shorts.,video,1:1,urban,vid_shorts:Video|shorts:Noun|climb:Verb
ad_01757,2024-05,209.32,826.58,24929,185,3,pedal further in our socks,Ride ready. 17 Try our socks today. ❄️,video,9:16,sale,vid_socks:Video|socks:Noun|pedal:Verb|gravel ready:Phrase
ad_01758,2024-05,94.06,192.57,11523,61,1,the armwarmers you need to push,Our armwarmers lets you push better.,image,4:5,commute,img_armwarmers:Image|armwarmers:Noun|push:Verb
ad_01759,2024-05,74.8,229.18,5067,47,1,baselayer for every train,Ride ready. Try our baselayer today.,video,9:16,accessories,vid_baselayer:Video|train:Verb
ad_01760,2024-05,116.08,440.4,20897,218,5,the bibs you need to race,"Engineered for performance on every terrain. Our bibs is designed to help you race with total confidence, whether you are on a mountain pass or a city commute through changing weather.",image,9:16,gravel,img_bibs:Image|bibs:Noun|new arrivals:Phrase
ad_01761,2024-05,98.49,388.81,31949,323,6,the shorts you need to cruise,Our shorts lets you cruise better. ❄️,image,4:5,accessories,img_shorts:Image
ad_01762,2024-05,80.25,116.94,15034,85,1,14 premium cap built to shred,Built to shred. Premium cap. 🏔️,image,1:1,adult,img_cap:Image|shred:Verb|gear up for summer:Phrase
ad_01763,2024-05,165.84,427.98,16569,124,1,3 new bibs collection,gear further in 7 our new bibs.,image,4:5,urban,img_bibs:Image|bibs:Noun
ad_01764,2024-05,200.02,667.1,20808,188,3,new jacket collection,Our 22 jacket lets you conquer better.,video,9:16,adult,vid_jacket:Video|jacket:Noun
ad_01765,2024-05,116.07,263.28,5082,30,0,the gloves you need to explore,"Built for the long haul. Our premium gloves combines technical fabrics with a refined fit so you can explore harder and go further, no matter what the forecast brings this season.",image,4:5,sale,img_gloves:Image
ad_01766,2024-05,202.69,746.83,56756,588,11,bibs for 24 every explore,Built to 2 explore. Premium bibs.,image,4:5,mountain,img_bibs:Image|bibs:Noun|lightweight layers:Phrase
ad_01767,2024-05,252.61,727.83,31403,171,3,premium cap 7 built to cruise,cruise further in our 17 new cap.,video,1:1,sale,vid_cap:Video|cap:Noun|adventure awaits:Phrase
ad_01768,2024-05,325.8,817.31,10166,70,1,27 shred further in our shell,shred further in our new shell.,video,4:5,commute,vid_shell:Video|shell:Noun|shred:Verb
ad_01769,2024-05,153.82,1701.07,12389,132,3,the socks you need to climb,Our socks lets 19 you climb better. ⛰️,video,4:5,accessories,vid_socks:Video|socks:Noun|climb:Verb|gear up for summer:Phrase
ad_01770,2024-05,125.97,1212.34,11843,167,5,the kit you need to sprint,Our kit lets you sprint better.,video,4:5,mountain,vid_kit:Video|new arrivals:Phrase
ad_01771,2024-05,71.37,413.08,14841,113,2,socks for every ride,Built 7 to ride. Premium socks.,video,4:5,commute,vid_socks:Video|socks:Noun|ride:Verb
ad_01772,2024-05,188.46,544.93,15320,95,1,socks for every pedal,pedal 19 further in our new socks.,video,9:16,sale,vid_socks:Video|socks:Noun
ad_01773,2024-05,169.86,1168.4,14938,208,7,premium bibs built to cruise,Ride ready. Try our bibs today.,image,4:5,adventure,img_bibs:Image|bibs:Noun|cruise:Verb|trail tested:Phrase
ad_01774,2024-05,226.72,661.84,20011,153,3,armwarmers for every cruise,Built to cruise. Premium armwarmers.,image,1:1,mountain,img_armwarmers:Image|ride in comfort:Phrase
ad_01775,2024-05,155.51,736.49,9608,89,2,29 the jersey you need to descend,Our jersey lets you descend better.,video,4:5,accessories,vid_jersey:Video
ad_01776,2024-05,386.45,477.93,18728,88,1,new gloves collection,"Built for the long haul. Our premium gloves combines technical fabrics with a refined fit so you can explore harder and go further, no matter what the forecast brings this season. ⛰️",image,9:16,sale,img_gloves:Image|gloves:Noun|explore:Verb
ad_01777,2024-05,117.22,289.23,20840,130,2,push further in our jersey,"Lightweight and breathable, this jersey keeps you comfortable from the first pedal stroke to the last. Designed for riders who push in all conditions and demand the 23 very best from their gear.",image,9:16,casual,img_jersey:Image|push:Verb
ad_01778,2024-05,88.92,434.34,15752,140,3,premium vest built to descend,Built to descend. Premium vest. ❄️,video,1:1,adult,vid_vest:Video|vest:Noun|descend:Verb|new arrivals:Phrase
ad_01779,2024-05,149.73,458.78,32559,229,4,premium shell built to ride,Ride ready. Try our shell today.,image,4:5,commute,img_shell:Image|shell:Noun|ride:Verb|race day ready:Phrase
ad_01780,2024-05,415.8,691.2,22295,145,2,premium wardrobe built to train,"Engineered for performance on every terrain. Our wardrobe is designed to help you train with total confidence, whether you are on a mountain pass or a city commute through changing weather.",image,9:16,urban,img_wardrobe:Image|wardrobe:Noun|train:Verb
ad_01781,2024-05,43.57,214.18,17473,163,3,the gloves 13 you need to climb,"Lightweight and breathable, this gloves keeps you comfortable from the first pedal stroke to the last. Designed for riders who climb in all conditions and demand the very best from their gear.",video,4:5,road,vid_gloves:Video|gloves:Noun|climb:Verb
ad_01782,2024-05,422.27,1238.04,13785,107,2,socks for every climb,14 Our socks lets you climb better.,image,1:1,casual,img_socks:Image|socks:Noun|climb:Verb|new arrivals:Phrase
ad_01783,2024-05,179.36,438.99,22026,182,3,new gloves collection,Built 14 to shred. Premium gloves.,image,1:1,gravel,img_gloves:Image|gloves:Noun|shred:Verb
ad_01784,2024-05,161.84,771.07,17994,184,4,the shell you need to race,"Engineered for performance on every terrain. Our shell is designed to help you race with total confidence, whether you are on a mountain pass or a city commute through changing weather. 🌧️",image,4:5,urban,img_shell:Image|shell:Noun|race:Verb
ad_01785,2024-05,117.93,361.89,36869,251,3,premium socks built to explore,"Built for the long haul. Our premium socks combines technical fabrics with a refined fit so you can explore harder and go further, no matter what the forecast brings this season.",image,4:5,commute,img_socks:Image|socks:Noun|explore:Verb
ad_01786,2024-05,235.32,1052.99,18577,157,3,22 new jacket collection,Our jacket lets 4 you layer better. 🌧️,video,4:5,commute,vid_jacket:Video|jacket:Noun|layer:Verb|built to last:Phrase
ad_01787,2024-05,344.44,497.09,24884,120,1,premium gloves built 8 to train,"Engineered for performance on every terrain. Our gloves is designed to help you train with total confidence, whether you are on a mountain pass or a city commute through changing weather.",image,1:1,commute,img_gloves:Image
ad_01788,2024-05,325.89,646.42,31888,341,6,premium kit built to shred,Built to shred. Premium kit.,image,4:5,gravel,img_kit:Image|kit:Noun|shred:Verb
ad_01789,2024-05,365.12,1047.48,27834,279,6,the vest you need to explore,"Built for the long haul. Our premium vest combines technical fabrics with a refined fit so you can explore harder and go further, no matter what the forecast brings this season.",image,1:1,mountain,img_vest:Image|explore:Verb
ad_01790,2024-05,183.88,736.21,32024,295,5,new jersey collection,"Engineered for performance on 16 every terrain. Our jersey is designed to help you explore with total confidence, whether you are on a mountain pass or a city commute through changing weather. 🔥",image,9:16,urban,img_jersey:Image|jersey:Noun|gear up for summer:Phrase
ad_01791,2024-05,56.92,177.08,15705,110,2,the vest you need to climb,"Engineered for performance on every terrain. Our vest is designed to help you climb with total confidence, whether you are on a mountain pass or a city commute through changing weather.",video,1:1,commute,vid_vest:Video|vest:Noun|climb:Verb
ad_01792,2024-05,262.34,1764.26,6716,63,1,race further in our shorts,race 28 further in our new shorts.,video,4:5,commute,vid_shorts:Video|shorts:Noun
ad_01793,2024-05,101.21,565.09,22290,279,8,new wardrobe collection,cruise further in our new wardrobe.,video,1:1,mountain,vid_wardrobe:Video|all day comfort:Phrase
ad_01794,2024-05,119.66,172.28,14525,92,1,new baselayer collection,Ride ready. Try our baselayer today. 💪,image,9:16,road,img_baselayer:Image|baselayer:Noun|sprint:Verb
ad_01795,2024-05,230.65,422.26,11248,84,1,kit for 6 every conquer,Our kit lets you conquer better.,video,1:1,casual,vid_kit:Video|conquer:Verb
ad_01796,2024-05,370.72,679.76,30192,278,6,wardrobe for every gear,Built to gear. Premium wardrobe.,image,9:16,adventure,img_wardrobe:Image|wardrobe:Noun|gear:Verb
ad_01797,2024-05,115.55,657.51,37935,334,6,shell for every climb,"Built for the long haul. Our premium shell combines technical fabrics with a refined fit so you can climb harder and go further, no matter what the forecast brings this season.",video,4:5,sale,vid_shell:Video|shell:Noun|climb:Verb|adventure awaits:Phrase
ad_01798,2024-05,157.5,279.55,9665,60,1,shorts for every explore,Built to explore. Premium shorts.,image,9:16,adult,img_shorts:Image|built to last:Phrase
ad_01799,2024-05,134.68,118.05,20592,68,1,climb further in our tights,Our tights lets you climb better.,image,9:16,sale,img_tights:Image|tights:Noun
ad_01800,2024-05,147.26,1296.45,24182,269,7,vest for every push,Our vest 28 lets you push better.,video,4:5,gravel,vid_vest:Video
ad_01801,2024-05,67.04,478.44,3804,59,2,conquer further in our cap,conquer further in 13 our new cap.,image,4:5,adventure,img_cap:Image|ride in comfort:Phrase
ad_01802,2024-05,161.87,387.94,24353,184,4,premium vest 28 built to race,"Built for the long haul. Our premium vest combines technical fabrics with a refined fit so 16 you can race harder and go further, no matter what the forecast brings this season.",image,1:1,accessories,img_vest:Image|race:Verb
ad_01803,2024-05,108.27,342.17,11074,120,2,new baselayer collection,Our baselayer lets you layer better.,image,4:5,gravel,img_baselayer:Image|baselayer:Noun
ad_01804,2024-05,115.21,330.47,8443,52,1,sprint further in our vest,Ride ready. Try our vest today. 🚴,video,1:1,commute,vid_vest:Video|vest:Noun|sprint:Verb
ad_01805,2024-05,93.69,229.51,8582,61,1,baselayer for every pedal,pedal further in our new baselayer.,image,4:5,urban,img_baselayer:Image|baselayer:Noun
ad_01806,2024-05,78.35,161.27,24148,161,2,sprint further in our armwarmers,Built to sprint. 29 Premium armwarmers.,image,1:1,commute,img_armwarmers:Image
ad_01807,2024-05,246.18,1127.46,16794,179,5,the kit you need to pedal,pedal further in our new kit. ❄️,image,4:5,adventure,img_kit:Image|kit:Noun
ad_01808,2024-05,127.43,246.28,7038,50,1,cruise further in our vest,Our vest lets you cruise better.,image,1:1,urban,img_vest:Image|vest:Noun
ad_01809,2024-05,100.68,238.22,8554,74,1,climb further 20 in our kit,climb further in our new kit.,image,4:5,mountain,img_kit:Image|kit:Noun
ad_01810,2024-05,128.34,447.66,35461,266,6,cruise further 4 in our baselayer,"Built for the long haul. Our premium baselayer combines technical fabrics with a refined fit so you can cruise harder and go further, no matter what the forecast brings this season.",video,1:1,urban,vid_baselayer:Video|baselayer:Noun
ad_01811,2024-05,143.16,410.61,11415,116,2,new kit collection,Our kit lets you push better.,image,4:5,mountain,img_kit:Image|push:Verb
ad_01812,2024-05,378.1,1777.49,17221,187,5,the cap you need to push,Ride ready. Try our cap today. ⛰️,video,9:16,road,vid_cap:Video|cap:Noun|gear up for summer:Phrase
ad_01813,2024-05,35.43,98.41,10718,80,1,climb further in 3 our cap,"Engineered for performance on every terrain. Our cap is designed to help you climb with total confidence, whether you are on a mountain pass or a city commute through changing weather.",image,4:5,accessories,img_cap:Image|cap:Noun|climb:Verb
ad_01814,2024-05,90.9,105.23,14993,87,1,pedal further in our cap,Ride ready. Try our cap today.,image,1:1,commute,img_cap:Image|cap:Noun|pedal:Verb
ad_01815,2024-05,456.64,1151.87,20928,135,2,tights for 29 every shred,Our tights lets 3 you shred better.,video,9:16,casual,vid_tights:Video|tights:Noun|shred:Verb
ad_01816,2024-05,100.59,731.06,12893,156,4,premium bibs built to gear,Ride ready. Try our bibs today. 🌧️,video,4:5,accessories,vid_bibs:Video|gear:Verb
ad_01817,2024-05,366.25,1854.83,11300,124,3,tights for every shred,shred 12 further in our new tights. ☀️,video,9:16,gravel,vid_tights:Video|tights:Noun|shred:Verb
ad_01818,2024-05,202.68,594.49,14686,159,4,the gloves you need to push,Ride ready. Try our gloves today.,image,1:1,gravel,img_gloves:Image|race day ready:Phrase
ad_01819,2024-05,63.86,503.35,19208,174,4,premium cap built to explore,"Engineered for performance 3 on every terrain. Our cap is designed to help you explore with total confidence, whether you are on a mountain pass or a city commute through changing weather. ❄️",image,4:5,gravel,img_cap:Image|explore:Verb
ad_01820,2024-05,157.77,656.81,26616,187,3,baselayer for every conquer,conquer further in our new baselayer. ☀️,video,4:5,sale,vid_baselayer:Video|baselayer:Noun
ad_01821,2024-05,221.84,764.4,8863,71,1,the gloves you need to descend,Our gloves lets 4 you descend better.,video,9:16,commute,vid_gloves:Video|gloves:Noun|built to last:Phrase
ad_01822,2024-05,218.73,2155.19,8536,141,5,premium vest built to train,"Engineered for performance on every terrain. Our vest is designed to help you train with total confidence, whether you are on a mountain pass or a city commute through changing weather.",video,4:5,adventure,vid_vest:Video|train:Verb
ad_01823,2024-05,170.64,876.43,44040,434,11,the kit you need to layer,Our kit 28 lets you layer better.,video,9:16,gravel,vid_kit:Video|kit:Noun
ad_01824,2024-05,153.54,136.34,10976,45,0,new cap collection,Ride ready. Try our cap today.,image,9:16,sale,img_cap:Image|cap:Noun|cruise:Verb|built to last:Phrase
ad_01825,2024-05,165.84,477.5,21306,187,4,new shorts collection,Ride ready. Try our shorts today.,video,9:16,commute,vid_shorts:Video|push:Verb|race day ready:Phrase
ad_01826,2024-05,65.61,126.76,20943,144,2,armwarmers 6 for every descend,descend further in our new armwarmers.,image,4:5,urban,img_armwarmers:Image|armwarmers:Noun
ad_01827,2024-05,150.5,287.89,8971,56,1,the socks you need to layer,"Engineered for performance on every terrain. Our socks is designed to help you layer with total confidence, whether you are on a mountain pass or a city commute through changing weather.",image,1:1,commute,img_socks:Image|socks:Noun|layer:Verb
ad_01828,2024-05,79.08,212.08,26273,196,3,premium wardrobe 7 built to train,Our wardrobe lets you train better.,video,4:5,commute,vid_wardrobe:Video|train:Verb
ad_01829,2024-05,156.02,872.98,24047,256,5,explore further in our armwarmers,Built to explore. Premium armwarmers.,video,4:5,gravel,vid_armwarmers:Video|armwarmers:Noun|explore:Verb
ad_01830,2024-05,64.52,199.11,16478,116,2,socks for every gear,12 Ride ready. Try our socks today.,video,1:1,sale,vid_socks:Video|socks:Noun|new arrivals:Phrase
ad_01831,2024-05,92.55,463.09,15271,179,4,new gloves collection,Built to race. Premium gloves.,image,4:5,road,img_gloves:Image|gloves:Noun|gravel ready:Phrase
ad_01832,2024-05,331.32,494.8,31823,225,3,the bibs you need to cruise,cruise further in our new bibs.,image,9:16,road,img_bibs:Image
ad_01833,2024-05,160.91,259.88,8518,37,0,premium socks built to cruise,Built to 14 cruise. Premium socks.,image,9:16,sale,img_socks:Image|socks:Noun|built to last:Phrase
ad_01834,2024-05,102.7,236.8,18783,160,3,gloves for 14 every shred,Our gloves lets you shred better.,video,1:1,adult,vid_gloves:Video|gloves:Noun
ad_01835,2024-05,141.73,320.31,27728,253,4,conquer further in 23 our gloves,Our gloves lets 16 you conquer better.,image,1:1,mountain,img_gloves:Image|gloves:Noun|conquer:Verb
ad_01836,2024-05,33.6,75.74,20141,154,2,premium jacket built to sprint,Our jacket 6 lets you sprint better.,image,1:1,adult,img_jacket:Image|sprint:Verb
ad_01837,2024-05,54.4,393.52,23647,303,10,premium socks built to conquer,"Lightweight 21 and breathable, this socks keeps you comfortable from the first pedal stroke to the last. Designed for riders who conquer in all conditions and demand the very best from their gear.",image,4:5,mountain,img_socks:Image|socks:Noun|conquer:Verb
ad_01838,2024-05,150.24,584.57,12156,112,2,new 10 kit collection,Ride ready. Try our kit today.,video,4:5,accessories,vid_kit:Video|conquer:Verb
ad_01839,2024-05,294.9,1522.24,9693,104,2,premium bibs built to descend,"Engineered for performance on every terrain. Our bibs is designed to help you descend with total confidence, whether you are on a mountain pass or a city commute through changing weather.",video,1:1,urban,vid_bibs:Video|descend:Verb|ride in comfort:Phrase
ad_01840,2024-05,156.21,458.09,24305,205,4,socks for every race,5 Built to race. Premium socks.,image,9:16,adult,img_socks:Image|race:Verb|gravel ready:Phrase
ad_01841,2024-05,98.51,185.42,9028,63,1,jacket for every gear,Built to gear. Premium jacket.,image,1:1,road,img_jacket:Image|jacket:Noun|gear:Verb
ad_01842,2024-05,1275.95,11511.48,19337,218,6,new jersey collection,conquer further in our 27 new jersey.,video,4:5,casual,vid_jersey:Video|jersey:Noun|ride in comfort:Phrase
ad_01843,2024-05,161.92,192.91,12145,58,1,new armwarmers collection,Ride ready. Try our armwarmers today.,image,1:1,sale,img_armwarmers:Image|lightweight layers:Phrase
ad_01844,2024-05,177.98,175.83,19765,113,1,climb 25 further in our socks,climb further in our new socks.,image,9:16,accessories,img_socks:Image|socks:Noun|climb:Verb|ride in comfort:Phrase
ad_01845,2024-05,122.33,352.45,23970,179,3,layer further 17 in our jersey,"Lightweight and breathable, this jersey keeps you comfortable from the first pedal stroke to the last. Designed for riders who layer in all conditions and demand the very best from their gear.",image,4:5,road,img_jersey:Image|jersey:Noun|layer:Verb|new arrivals:Phrase
ad_01846,2024-05,170.93,1474.35,11242,152,5,armwarmers for every ride,Ride ready. 12 Try our armwarmers today.,video,4:5,mountain,vid_armwarmers:Video|armwarmers:Noun
ad_01847,2024-05,123.63,396.61,14927,141,3,the armwarmers you need to layer,Built to layer. Premium armwarmers.,image,4:5,urban,img_armwarmers:Image|armwarmers:Noun|all day comfort:Phrase
ad_01848,2024-05,255.36,299.75,24950,103,1,ride further in our socks,Our socks lets you ride better. 🚴,image,9:16,sale,img_socks:Image|socks:Noun
ad_01849,2024-05,105.92,176.79,36192,214,3,explore further in our kit,Built to explore. Premium kit.,image,1:1,casual,img_kit:Image|kit:Noun|explore:Verb
ad_01850,2024-05,193.23,586.52,9255,96,2,8 new gloves collection,Built to cruise. Premium gloves.,image,4:5,adventure,img_gloves:Image|gloves:Noun
ad_01851,2024-05,210.05,636.18,12569,130,2,the vest you need to conquer,"Lightweight and breathable, this vest keeps you comfortable from the first pedal stroke to the last. Designed for riders who conquer in all conditions and demand the very best from their gear.",image,1:1,road,img_vest:Image|vest:Noun
ad_01852,2024-05,247.05,1197.49,17245,219,5,premium shorts built to train,Our shorts lets you 7 train better.,image,1:1,gravel,img_shorts:Image|trail tested:Phrase
ad_01853,2024-05,270.98,1251.71,31274,357,9,premium socks built to pedal,Ride ready. 12 Try our socks today.,video,9:16,mountain,vid_socks:Video|socks:Noun
ad_01854,2024-05,91.85,455.79,15281,202,5,new tights collection,"Built for the long haul. Our premium tights combines technical fabrics with a refined fit so you can cruise harder and go further, no matter what the forecast brings this season.",video,9:16,mountain,vid_tights:Video
ad_01855,2024-05,93.76,277.21,27353,227,5,cap for every explore,explore further in our new cap. 🌧️,video,9:16,adult,vid_cap:Video|cap:Noun|explore:Verb
ad_01856,2024-05,135.42,107.58,13246,47,0,jacket for every gear,Ride ready. Try our jacket today.,image,9:16,sale,img_jacket:Image|gear:Verb
ad_01857,2024-05,55.4,459.4,18456,221,7,premium bibs built to shred,"Engineered for performance on every terrain. Our bibs is designed to help you shred with total confidence, whether you are on a mountain pass or a city commute through changing weather.",video,4:5,mountain,vid_bibs:Video|bibs:Noun|shred:Verb
ad_01858,2024-05,96.69,219.55,32846,149,1,the jersey you need 27 to sprint,Our jersey lets you sprint better. 🔥,video,4:5,sale,vid_jersey:Video|jersey:Noun|sprint:Verb
ad_01859,2024-05,97.48,81.05,29452,128,1,premium wardrobe built to cruise,Built to cruise. Premium wardrobe.,image,9:16,commute,img_wardrobe:Image|cruise:Verb
ad_01860,2024-05,274.49,2513.96,11291,186,7,the bibs you need to explore,Built to explore. Premium bibs.,video,4:5,adventure,vid_bibs:Video|bibs:Noun
ad_01861,2024-05,224.13,1212.08,16695,197,5,sprint 12 further in our jersey,"Lightweight and breathable, this jersey keeps you comfortable from the first pedal stroke to the last. Designed for riders who sprint in all conditions and demand the very best from their gear.",video,9:16,gravel,vid_jersey:Video|jersey:Noun|sprint:Verb|trail tested:Phrase
ad_01862,2024-05,152.47,359.33,18232,120,2,the jersey you need to explore,Our jersey lets you explore better.,image,4:5,commute,img_jersey:Image
ad_01863,2024-05,77.87,298.35,19333,152,2,premium vest built to shred,Built to shred. 15 Premium vest.,image,4:5,gravel,img_vest:Image|vest:Noun|shred:Verb
ad_01864,2024-05,198.03,809.24,18621,172,4,kit for every gear,"Lightweight and breathable, this kit keeps you comfortable from the first pedal stroke to the last. Designed for riders who gear in all conditions and demand the very best from their gear.",video,9:16,accessories,vid_kit:Video|gear:Verb
ad_01865,2024-05,97.75,269.54,15672,111,2,pedal further in our shorts,Ride ready. Try our shorts today.,video,9:16,adult,vid_shorts:Video
ad_01866,2024-05,166.85,1018.12,11621,145,4,vest for every race,"Lightweight and breathable, this vest keeps you comfortable from the first pedal stroke to the last. Designed for riders who race in all conditions and demand the very best from their gear.",video,4:5,casual,vid_vest:Video|vest:Noun
ad_01867,2024-05,94.05,195.97,7108,56,1,the socks you need 16 to explore,explore further in our new socks.,image,4:5,road,img_socks:Image|socks:Noun
ad_01868,2024-05,132.42,953.19,8351,103,3,gloves for every layer,"Engineered for performance on every terrain. Our gloves is designed to help you layer with total confidence, whether you are on a mountain pass or a city commute through changing weather.",video,1:1,adventure,vid_gloves:Video|gloves:Noun|layer:Verb
ad_01869,2024-05,75.82,146.5,6413,47,1,the kit you need to push,Ride ready. Try our kit today.,image,1:1,accessories,img_kit:Image|kit:Noun
ad_01870,2024-05,139.63,375.88,10164,54,1,26 descend further in our jersey,Our jersey lets you 6 descend better.,image,4:5,commute,img_jersey:Image|jersey:Noun|lightweight layers:Phrase
ad_01871,2024-05,136.72,288.19,23763,187,3,the armwarmers you need to descend,Our armwarmers lets you descend better.,image,1:1,adult,img_armwarmers:Image|armwarmers:Noun|all day comfort:Phrase
ad_01872,2024-05,93.82,583.58,14258,180,5,climb further in our socks,"Engineered for performance on every terrain. Our socks is designed to help you climb with total confidence, whether you are on a mountain pass or a city commute through changing weather.",image,4:5,road,img_socks:Image|socks:Noun|climb:Verb|race day ready:Phrase
ad_01873,2024-05,150.71,538.97,21141,204,4,new 28 shell collection,"Engineered for performance on every terrain. Our shell is designed to help you gear with total confidence, whether you are on a mountain pass or a city commute through changing weather. ☀️",image,4:5,road,img_shell:Image
ad_01874,2024-05,115.36,355.38,10156,89,2,new jacket collection,Built to gear. Premium jacket.,video,1:1,road,vid_jacket:Video|jacket:Noun
ad_01875,2024-05,148.14,297.58,37741,237,4,premium baselayer built to sprint,sprint further in our new baselayer.,image,9:16,casual,img_baselayer:Image|baselayer:Noun|built to last:Phrase
ad_01876,2024-05,53.35,169.25,7454,98,2,tights for every explore,Built to explore. Premium tights. ❄️,image,9:16,adventure,img_tights:Image|tights:Noun|your spring wardrobe:Phrase
ad_01877,2024-05,199.32,675.8,19438,159,3,gear further in our cap,Our cap lets you gear better.,video,1:1,road,vid_cap:Video|cap:Noun|gear:Verb
ad_01878,2024-05,175.51,131.35,20809,68,1,premium vest built 7 to sprint,6 sprint further in our new vest.,image,9:16,sale,img_vest:Image|vest:Noun|sprint:Verb
ad_01879,2024-05,124.67,555.1,22270,250,6,descend further in our vest,descend further in our new vest.,video,9:16,mountain,vid_vest:Video|lightweight layers:Phrase
ad_01880,2024-05,126.69,411.23,17709,150,3,premium tights 21 built to cruise,cruise further in our new tights.,video,1:1,accessories,vid_tights:Video|tights:Noun
ad_01881,2024-05,126.99,311.61,7866,71,1,the gloves you need to explore,explore further in our new gloves.,image,9:16,accessories,img_gloves:Image|gloves:Noun|race day ready:Phrase
ad_01882,2024-05,160.42,509.85,19113,211,5,baselayer for every race,"Lightweight and breathable, this baselayer keeps you comfortable from the first pedal stroke to the last. Designed for riders who race in all conditions and demand the very best from their gear.",image,9:16,mountain,img_baselayer:Image|all day comfort:Phrase
ad_01883,2024-05,341.56,310.95,13769,42,0,socks 12 for every push,Ride ready. Try our socks today.,image,4:5,sale,img_socks:Image|socks:Noun|push:Verb|your spring wardrobe:Phrase
ad_01884,2024-05,109.0,391.66,17010,179,4,the cap you need to train,train further in our new cap. 🔥,image,1:1,adventure,img_cap:Image|cap:Noun|train:Verb
ad_01885,2024-05,95.55,424.02,28964,221,4,new jacket collection,Our 29 jacket lets you ride better.,image,4:5,accessories,img_jacket:Image
ad_01886,2024-05,192.13,926.66,10324,142,5,premium shorts built to explore,"Built for the long haul. Our premium shorts combines technical fabrics with a refined fit so you can explore harder and go further, no matter what the forecast brings this season.",video,9:16,adult,vid_shorts:Video|explore:Verb|race day ready:Phrase
ad_01887,2024-05,82.61,129.01,11586,59,1,premium baselayer built to sprint,Our baselayer lets you sprint better.,image,4:5,commute,img_baselayer:Image|sprint:Verb
ad_01888,2024-05,46.22,357.22,30054,420,15,premium kit built to layer,Ride ready. Try our kit today.,video,4:5,adventure,vid_kit:Video|kit:Noun|layer:Verb
ad_01889,2024-05,109.05,396.91,17068,114,2,premium wardrobe built to gear,gear further in our new wardrobe.,video,4:5,sale,vid_wardrobe:Video|wardrobe:Noun|gear:Verb|lightweight layers:Phrase
ad_01890,2024-05,388.09,1273.83,9662,88,2,the bibs you need to pedal,pedal further in our new bibs.,image,4:5,accessories,img_bibs:Image
ad_01891,2024-05,169.52,663.11,10464,95,2,cap for every climb,Ride ready. Try our cap today.,video,9:16,accessories,vid_cap:Video|cap:Noun
ad_01892,2024-05,228.9,1869.33,22540,354,14,cruise further in our vest,"Built for the long haul. Our premium vest combines technical fabrics with a refined fit so you can cruise harder and go further, no matter what the 21 forecast brings this season.",image,1:1,adventure,img_vest:Image|vest:Noun|adventure awaits:Phrase
ad_01893,2024-05,162.14,725.53,9492,118,3,shorts for every shred,Built to shred. Premium shorts. 🔥,image,1:1,adventure,img_shorts:Image|shorts:Noun|cold weather essentials:Phrase
ad_01894,2024-05,60.33,222.91,13694,145,3,new wardrobe collection,"Built for the long haul. Our premium wardrobe combines technical fabrics with a refined fit so you can shred harder and go further, no matter what the forecast brings this season.",image,1:1,mountain,img_wardrobe:Image|gear up for summer:Phrase
ad_01895,2024-05,246.4,759.2,17260,136,2,sprint further in our shorts,"Lightweight and breathable, this shorts keeps you comfortable from the first pedal stroke to the last. Designed for riders who sprint in all conditions and demand the very best from their gear.",image,1:1,urban,img_shorts:Image
ad_01896,2024-05,144.1,863.76,39289,460,14,premium tights built to train,Our tights lets you train better.,video,4:5,gravel,vid_tights:Video|tights:Noun
ad_01897,2024-05,125.34,755.39,15621,168,5,new wardrobe collection,Our wardrobe lets you ride better. 🌧️,video,1:1,mountain,vid_wardrobe:Video|wardrobe:Noun
ad_01898,2024-05,108.11,394.65,17178,152,3,the armwarmers you need to train,train further in our new armwarmers.,video,1:1,commute,vid_armwarmers:Video|train:Verb|trail tested:Phrase
ad_01899,2024-05,919.15,3979.99,21745,165,3,climb further in our tights,Built to climb. Premium tights.,video,4:5,commute,vid_tights:Video|tights:Noun
ad_01900,2024-05,326.6,472.28,18024,104,1,jacket for every explore,Our jacket lets you explore better.,image,9:16,casual,img_jacket:Image|jacket:Noun|explore:Verb|gear up for summer:Phrase
ad_01901,2024-05,130.41,202.97,19141,104,1,the shorts you need to train,Ride ready. Try our shorts today.,image,4:5,sale,img_shorts:Image|shorts:Noun|train:Verb|ride in comfort:Phrase
ad_01902,2024-05,75.25,179.21,24643,193,4,7 premium baselayer built to gear,Ride ready. Try our baselayer today.,image,4:5,gravel,img_baselayer:Image|baselayer:Noun
ad_01903,2024-05,231.37,1284.14,15892,164,4,new baselayer collection,Ride ready. Try our baselayer today.,video,4:5,casual,vid_baselayer:Video|baselayer:Noun|gear:Verb|your spring wardrobe:Phrase
ad_01904,2024-05,102.6,334.53,10432,109,2,cruise further in our jacket,cruise further in our new jacket. 🔥,image,1:1,gravel,img_jacket:Image|cruise:Verb|cold weather essentials:Phrase
ad_01905,2024-05,240.85,1009.6,39633,394,9,new shell collection,ride further in our new shell.,image,4:5,gravel,img_shell:Image|shell:Noun|ride:Verb|trail tested:Phrase
ad_01906,2024-05,196.58,1395.74,22998,329,10,race 6 further in our bibs,Our bibs lets 23 you race better.,video,4:5,accessories,vid_bibs:Video|bibs:Noun|race:Verb|gravel ready:Phrase
ad_01907,2024-05,232.03,667.53,9805,89,2,shorts for every cruise,Ride ready. Try our shorts today. ☀️,video,9:16,urban,vid_shorts:Video|shorts:Noun|cruise:Verb
ad_01908,2024-05,182.4,598.98,16188,124,2,the gloves you need to cruise,13 Built to cruise. Premium gloves.,image,1:1,road,img_gloves:Image|gloves:Noun
ad_01909,2024-05,58.58,313.01,15438,172,6,gloves for every climb,Our gloves lets you climb better. ⛰️,video,1:1,urban,vid_gloves:Video|gloves:Noun|new arrivals:Phrase
ad_01910,2024-05,161.33,257.98,27015,164,2,premium shorts built to push,push further in our new shorts.,image,9:16,adult,img_shorts:Image|shorts:Noun|gear up for summer:Phrase
ad_01911,2024-05,168.11,709.16,11293,98,2,the armwarmers you need to sprint,sprint further in our new armwarmers.,video,4:5,casual,vid_armwarmers:Video
ad_01912,2024-05,268.88,411.15,9079,66,1,the kit 20 you need to gear,9 Built to gear. Premium kit.,image,9:16,road,img_kit:Image|ride in comfort:Phrase
ad_01913,2024-05,64.31,248.76,29616,357,7,the vest you need to pedal,Ride ready. Try our vest today.,image,4:5,mountain,img_vest:Image|vest:Noun
ad_01914,2024-05,117.6,164.58,25038,142,2,cruise further in our wardrobe,Built to cruise. Premium wardrobe. 🏔️,image,9:16,casual,img_wardrobe:Image|wardrobe:Noun|cruise:Verb
ad_01915,2024-05,164.76,386.71,114557,810,14,explore further in our bibs,Our bibs lets you explore better.,image,4:5,gravel,img_bibs:Image|bibs:Noun|explore:Verb
ad_01916,2024-05,183.07,210.65,24737,129,1,jacket for 7 every descend,Built to descend. Premium jacket.,image,1:1,casual,img_jacket:Image|descend:Verb
ad_01917,2024-05,112.43,542.16,14424,142,3,premium shell built to climb,Our shell lets you climb better.,video,4:5,adult,vid_shell:Video|shell:Noun
ad_01918,2024-05,104.46,1487.26,22641,422,20,descend further in our wardrobe,"Built for the long haul. Our premium wardrobe combines technical fabrics with a refined fit so you can descend harder and go further, no matter what the forecast brings this season.",video,4:5,adventure,vid_wardrobe:Video|wardrobe:Noun|new arrivals:Phrase
ad_01919,2024-05,51.95,180.18,17009,126,2,gloves for 12 every pedal,Our 14 gloves lets you pedal better.,video,1:1,commute,vid_gloves:Video|built to last:Phrase
ad_01920,2024-05,292.16,2045.32,13970,141,3,premium gloves built to shred,Ride ready. 8 Try our gloves today.,video,4:5,urban,vid_gloves:Video|gloves:Noun|shred:Verb
ad_01921,2024-05,219.3,715.23,28780,241,4,climb further in our shorts,"Built for the long haul. Our premium shorts combines technical fabrics with a refined fit so you can climb harder and go further, no matter what the forecast brings this season. 🏔️",image,1:1,gravel,img_shorts:Image|shorts:Noun|climb:Verb
ad_01922,2024-05,64.33,396.06,25079,225,4,push further in our gloves,"Engineered for performance on every terrain. Our gloves is designed to help you push with total confidence, whether you are on a mountain pass or a city commute through changing weather.",video,4:5,commute,vid_gloves:Video|gloves:Noun|push:Verb|new arrivals:Phrase
ad_01923,2024-05,263.01,640.21,16626,99,1,premium jersey built to race,Our jersey lets you race better.,image,4:5,commute,img_jersey:Image
ad_01924,2024-05,100.28,303.26,9964,77,1,14 the cap you need to climb,Ride ready. Try our 22 cap today.,image,4:5,accessories,img_cap:Image
ad_01925,2024-05,485.54,1390.55,18756,174,4,the shell you need to pedal,pedal further in our new shell.,image,4:5,mountain,img_shell:Image|pedal:Verb
ad_01926,2024-05,220.98,480.63,28672,247,5,premium bibs built to layer,"Engineered for performance on every terrain. Our bibs is designed to help you layer with total confidence, whether you are on a mountain pass or a city commute through changing weather.",image,1:1,gravel,img_bibs:Image
ad_01927,2024-05,143.78,234.77,12625,61,1,5 jersey for every climb,"Built for the long haul. Our premium jersey combines technical fabrics with a refined fit so you can climb harder and go further, no matter what the forecast brings this season.",image,1:1,casual,img_jersey:Image|jersey:Noun|climb:Verb
ad_01928,2024-05,375.83,897.84,11641,108,2,shred further in our tights,Our tights lets you shred better.,video,9:16,casual,vid_tights:Video|tights:Noun
ad_01929,2024-05,126.36,625.87,18496,156,3,the kit you need to explore,"Built for the long haul. Our premium kit combines technical fabrics with a refined fit so you can explore harder and go further, no matter 10 what the forecast brings this season.",video,1:1,commute,vid_kit:Video|explore:Verb
ad_01930,2024-05,404.36,2278.08,14373,152,4,new socks collection,train further in our new socks.,video,4:5,accessories,vid_socks:Video|train:Verb
ad_01931,2024-05,157.89,499.99,11354,103,2,new 17 bibs collection,Ride ready. Try our bibs today. ☀️,image,4:5,mountain,img_bibs:Image|bibs:Noun|climb:Verb|gear up for summer:Phrase
ad_01932,2024-05,196.18,768.68,21848,224,5,cap for every climb,Ride ready. Try our cap today.,video,9:16,accessories,vid_cap:Video|cap:Noun
ad_01933,2024-05,99.16,431.28,8813,80,2,bibs for every cruise,Our bibs lets you cruise better.,video,1:1,accessories,vid_bibs:Video|bibs:Noun|gear up for summer:Phrase
ad_01934,2024-05,80.76,190.54,13054,87,1,premium jersey built to pedal,pedal further in our new jersey.,video,9:16,commute,vid_jersey:Video|jersey:Noun
ad_01935,2024-05,135.0,333.6,23761,158,3,new 8 kit collection,cruise further in our new kit.,video,1:1,casual,vid_kit:Video|kit:Noun|cruise:Verb|ride in comfort:Phrase
ad_01936,2024-05,163.4,786.11,11124,182,5,premium jacket built to layer,Our jacket lets you layer better.,video,9:16,adventure,vid_jacket:Video|jacket:Noun|layer:Verb|your spring wardrobe:Phrase
ad_01937,2024-05,255.51,1571.62,17923,295,10,premium jacket built to ride,Ride ready. Try our jacket today.,image,4:5,adventure,img_jacket:Image|ride:Verb|gravel ready:Phrase
ad_01938,2024-05,121.44,638.95,10175,86,1,new 27 baselayer collection,Built to 4 conquer. Premium baselayer.,video,4:5,commute,vid_baselayer:Video|baselayer:Noun|ride in comfort:Phrase
ad_01939,2024-05,603.67,1908.05,18140,160,3,kit for every push,5 push further in our new kit.,image,1:1,casual,img_kit:Image|new arrivals:Phrase
ad_01940,2024-05,68.98,85.17,12154,58,0,climb further in our armwarmers,Our armwarmers lets you climb better.,image,1:1,sale,img_armwarmers:Image|armwarmers:Noun
ad_01941,2024-05,144.6,310.55,13978,94,1,baselayer for every race,Our baselayer lets you race better.,image,1:1,urban,img_baselayer:Image|race:Verb|lightweight layers:Phrase
ad_01942,2024-05,261.53,1140.63,33299,334,9,premium tights built to sprint,sprint further in our new tights.,video,9:16,mountain,vid_tights:Video|tights:Noun
ad_01943,2024-05,190.97,1021.02,9492,96,3,gear further in our tights,Our tights lets you gear better.,video,4:5,road,vid_tights:Video|tights:Noun|gear:Verb
ad_01944,2024-05,187.54,554.59,8006,83,2,premium gloves built to layer,Ride ready. Try 25 our gloves today.,image,1:1,mountain,img_gloves:Image|gloves:Noun|layer:Verb
ad_01945,2024-05,71.96,119.08,24817,170,3,premium vest built to descend,descend further in our new vest. ☀️,image,9:16,gravel,img_vest:Image|vest:Noun|descend:Verb
ad_01946,2024-05,237.87,2436.31,12720,183,6,new wardrobe collection,"Built for the long haul. Our premium wardrobe combines technical fabrics with a refined fit so you can shred harder and 28 go further, no matter what the forecast brings this season.",video,1:1,mountain,vid_wardrobe:Video|wardrobe:Noun|lightweight layers:Phrase
ad_01947,2024-05,377.25,1261.44,14463,127,3,the cap you need to race,race further in our new cap.,video,1:1,casual,vid_cap:Video|cap:Noun
ad_01948,2024-05,304.57,626.7,21046,159,2,premium jersey built to ride,Built to ride. Premium jersey.,image,9:16,gravel,img_jersey:Image|jersey:Noun
ad_01949,2024-05,159.33,667.13,19042,227,4,sprint further in our vest,sprint further in our new vest.,video,1:1,casual,vid_vest:Video|vest:Noun|lightweight layers:Phrase
ad_01950,2024-05,113.67,420.07,14061,123,3,pedal further in our gloves,"Built for the long haul. Our premium gloves combines technical fabrics with a refined fit so you can pedal harder and go further, no matter what the forecast brings this season.",video,1:1,adult,vid_gloves:Video|gloves:Noun|pedal:Verb
ad_01951,2024-05,290.56,644.22,14076,92,1,29 premium kit built to push,Ride ready. Try our kit today.,image,4:5,adult,img_kit:Image|kit:Noun|built to last:Phrase
ad_01952,2024-05,143.19,482.59,10937,139,3,the shell you need to train,Ride ready. Try our shell today.,image,1:1,adventure,img_shell:Image|shell:Noun|train:Verb|cold weather essentials:Phrase
ad_01953,2024-05,152.9,290.7,9013,77,1,premium bibs 11 built to conquer,conquer further in our new bibs.,image,4:5,road,img_bibs:Image|bibs:Noun|conquer:Verb|gear up for summer:Phrase
ad_01954,2024-05,300.43,756.28,17138,151,3,cruise 18 further in our tights,4 Built to cruise. Premium tights.,image,4:5,commute,img_tights:Image|tights:Noun|cruise:Verb|race day ready:Phrase
ad_01955,2024-05,235.41,429.59,28951,163,2,baselayer for every pedal,pedal further in our new baselayer.,image,4:5,commute,img_baselayer:Image|pedal:Verb
ad_01956,2024-05,260.02,400.94,40017,264,4,premium shell 17 built to push,Ride ready. Try our shell today.,image,9:16,mountain,img_shell:Image|shell:Noun|gear up for summer:Phrase
ad_01957,2024-05,120.65,417.97,8803,59,1,shred further in our kit,Our kit lets you shred better.,video,4:5,sale,vid_kit:Video|shred:Verb|gear up for summer:Phrase
ad_01958,2024-05,87.15,568.66,15255,162,4,race further in our wardrobe,"Built for the long haul. Our premium wardrobe combines technical fabrics with a refined fit so you can race harder and go further, no matter what the forecast brings this season.",video,4:5,adult,vid_wardrobe:Video
ad_01959,2024-05,80.03,93.88,11850,67,1,premium 4 vest built to explore,explore further in our new vest.,image,1:1,casual,img_vest:Image|explore:Verb
ad_01960,2024-05,47.52,94.91,31317,183,3,7 gear further in our socks,gear further in our new socks.,video,1:1,casual,vid_socks:Video|socks:Noun|gear:Verb
ad_01961,2024-05,553.6,1843.01,3477,29,1,wardrobe for every cruise,4 Built to cruise. Premium wardrobe.,image,9:16,adventure,img_wardrobe:Image
ad_01962,2024-05,71.4,400.9,16297,188,5,premium cap built to explore,Built to explore. Premium cap.,video,4:5,gravel,vid_cap:Video|cap:Noun|gear up for summer:Phrase
ad_01963,2024-05,104.71,393.51,15936,165,4,race 15 further in our baselayer,Built to race. 11 Premium baselayer.,image,4:5,mountain,img_baselayer:Image|baselayer:Noun|race:Verb|adventure awaits:Phrase
ad_01964,2024-05,628.94,1530.93,9883,68,1,premium armwarmers built to explore,Ride ready. 11 Try our armwarmers today.,image,9:16,accessories,img_armwarmers:Image|armwarmers:Noun
ad_01965,2024-05,115.96,296.67,20910,163,2,new jacket collection,Ride 20 ready. Try our jacket today.,image,1:1,casual,img_jacket:Image|jacket:Noun
ad_01966,2024-05,79.43,214.2,17865,111,2,14 new baselayer collection,Our baselayer lets you layer better. 🏔️,image,4:5,adult,img_baselayer:Image|baselayer:Noun|layer:Verb
ad_01967,2024-05,409.99,1001.57,12226,91,1,vest for every shred,shred further in 28 our new vest.,image,1:1,adult,img_vest:Image|vest:Noun|shred:Verb
ad_01968,2024-05,165.01,545.61,24114,151,2,the baselayer you need to train,Our baselayer lets you train better.,video,4:5,sale,vid_baselayer:Video|baselayer:Noun
ad_01969,2024-05,156.81,526.63,16025,115,2,premium gloves built to descend,"Built for the long haul. Our premium gloves combines technical fabrics with a refined fit so you can descend harder and go further, no matter what the forecast brings this season. 🚴",image,1:1,urban,img_gloves:Image|gloves:Noun
ad_01970,2024-05,191.68,1471.06,22228,319,8,new jacket collection,push further in our new jacket. 🌧️,video,4:5,road,vid_jacket:Video|jacket:Noun|push:Verb|adventure awaits:Phrase
ad_01971,2024-05,94.73,117.12,9020,60,1,the gloves you 10 need to climb,Built to climb. Premium gloves.,image,9:16,road,img_gloves:Image|climb:Verb|cold weather essentials:Phrase
ad_01972,2024-05,202.57,589.6,22287,271,7,new kit collection,Our kit lets you gear better.,image,1:1,adventure,img_kit:Image|kit:Noun|gear:Verb|ride in comfort:Phrase
ad_01973,2024-05,182.61,172.53,9576,57,1,18 sprint further in our vest,Built to sprint. Premium vest.,image,1:1,accessories,img_vest:Image|vest:Noun|sprint:Verb
ad_01974,2024-05,271.56,621.7,12940,88,1,the kit you need 26 to gear,Ride ready. Try our kit today.,video,4:5,commute,vid_kit:Video|gear:Verb
ad_01975,2024-05,442.15,1205.04,11886,86,1,the cap you need to gear,Ride ready. Try our 8 cap today.,video,9:16,commute,vid_cap:Video|cap:Noun|gear:Verb
ad_01976,2024-05,99.68,261.84,16404,176,3,layer further in our jersey,Built to layer. Premium jersey.,image,1:1,accessories,img_jersey:Image|jersey:Noun|layer:Verb|trail tested:Phrase
ad_01977,2024-05,549.95,2077.69,10519,90,2,new baselayer collection,ride further in our new baselayer. 🌧️,video,1:1,casual,vid_baselayer:Video|baselayer:Noun|ride:Verb
ad_01978,2024-05,68.25,217.43,26511,253,5,the jersey you need to conquer,Built to conquer. Premium jersey.,image,1:1,adventure,img_jersey:Image
ad_01979,2024-05,86.46,234.17,23041,169,3,premium shorts built to descend,descend further in our new shorts.,image,4:5,adult,img_shorts:Image|shorts:Noun
ad_01980,2024-05,56.4,300.3,9386,121,3,explore further in our bibs,"Built for the long haul. Our premium bibs combines technical fabrics with a refined fit so you can explore harder and go further, no matter what the forecast brings this season.",video,9:16,mountain,vid_bibs:Video|bibs:Noun|explore:Verb
ad_01981,2024-05,146.02,218.3,17222,90,1,race further in our shorts,Ride ready. Try our shorts today.,image,9:16,casual,img_shorts:Image|shorts:Noun
ad_01982,2024-05,214.01,987.98,13339,121,2,premium armwarmers built to conquer,"Built for the 9 long haul. Our premium armwarmers combines technical fabrics with a refined fit so you can conquer harder and go further, no matter what the forecast brings this season.",image,1:1,gravel,img_armwarmers:Image|armwarmers:Noun
ad_01983,2024-05,97.14,632.62,10544,166,5,conquer further in our shorts,Built to conquer. Premium shorts.,video,4:5,adventure,vid_shorts:Video|shorts:Noun|conquer:Verb
ad_01984,2024-05,125.89,221.86,25693,190,3,gloves for every push,Our gloves lets you push better.,image,1:1,gravel,img_gloves:Image|push:Verb
ad_01985,2024-05,59.87,92.73,17773,138,2,the jersey you 9 need to pedal,"Built for the long haul. Our premium jersey combines technical fabrics with a refined fit so you can pedal harder and go further, no matter what the forecast brings this season.",image,9:16,accessories,img_jersey:Image
ad_01986,2024-05,462.36,774.79,12365,54,1,cap for every pedal,Ride ready. Try our cap today. ❄️,image,4:5,sale,img_cap:Image|cap:Noun|pedal:Verb
ad_01987,2024-05,105.9,295.59,8865,57,1,new 21 shorts collection,"Built for the long haul. Our premium shorts combines technical fabrics with a refined fit so you can shred harder and go further, no matter what the forecast brings this season.",video,1:1,commute,vid_shorts:Video|shorts:Noun
ad_01988,2024-05,91.76,176.76,20967,181,3,the jersey you 6 need to sprint,Built to sprint. Premium jersey.,image,1:1,adventure,img_jersey:Image|jersey:Noun|sprint:Verb
ad_01989,2024-05,155.82,448.04,9012,80,1,premium kit built 7 to race,"Engineered for performance on every terrain. Our kit is designed to help you race with total confidence, whether you are on a mountain pass or a city commute through changing weather.",image,4:5,mountain,img_kit:Image|race:Verb
ad_01990,2024-05,266.52,532.97,11558,72,1,the bibs you need 8 to shred,Ride ready. Try our bibs today.,video,1:1,commute,vid_bibs:Video|bibs:Noun
ad_01991,2024-05,171.99,466.29,22506,173,3,explore further in our baselayer,Built to explore. Premium baselayer.,image,4:5,adult,img_baselayer:Image|baselayer:Noun|explore:Verb|ride in comfort:Phrase
ad_01992,2024-05,373.84,3115.95,15598,225,9,new armwarmers collection,sprint further in our new armwarmers. 🌧️,video,4:5,adventure,vid_armwarmers:Video|sprint:Verb
ad_01993,2024-05,218.51,234.34,9685,62,1,27 the tights you need to race,Built to race. Premium tights.,image,9:16,road,img_tights:Image|tights:Noun|race:Verb
ad_01994,2024-05,65.84,105.93,25895,192,3,new wardrobe collection,Built to shred. Premium wardrobe.,image,1:1,urban,img_wardrobe:Image
ad_01995,2024-05,157.69,285.43,16471,88,1,premium jersey built to pedal,pedal further in our new jersey.,image,9:16,accessories,img_jersey:Image
ad_01996,2024-05,45.14,76.24,8184,38,0,the baselayer you need to pedal,Ride 26 ready. Try our baselayer today.,image,1:1,commute,img_baselayer:Image|baselayer:Noun|pedal:Verb
ad_01997,2024-05,139.97,277.96,27057,196,3,sprint further in our socks,Built to sprint. Premium socks. 🚴,image,1:1,casual,img_socks:Image|socks:Noun
ad_01998,2024-05,55.73,109.69,5954,25,0,premium shorts built to gear,gear further in our new shorts. ❄️,image,4:5,sale,img_shorts:Image|shorts:Noun
ad_01999,2024-05,110.21,843.56,5980,68,1,explore further in our bibs,"Engineered for performance on every terrain. Our bibs is designed to help you explore with total confidence, whether you are on a mountain pass or a city commute through changing weather.",video,4:5,adult,vid_bibs:Video|explore:Verb|ride in comfort:Phrase
ad_02000,2024-05,694.7,2177.26,20167,232,5,new kit collection,push further 19 in our new kit.,image,1:1,adventure,img_kit:Image|kit:Noun
ad_02001,2024-05,367.77,1664.16,15878,136,3,train further in our vest,25 train further in our new vest.,image,4:5,accessories,img_vest:Image
ad_02002,2024-05,148.32,501.79,38021,416,9,socks for every pedal,Our socks lets you pedal better.,video,1:1,accessories,vid_socks:Video|socks:Noun
ad_02003,2024-05,95.28,411.93,23634,207,4,the 7 baselayer you need to layer,Built 6 to layer. Premium baselayer.,video,1:1,road,vid_baselayer:Video|layer:Verb|your spring wardrobe:Phrase
ad_02004,2024-05,532.41,1476.37,23289,196,3,new 4 gloves collection,Ride 17 ready. Try our gloves today. ⛰️,image,4:5,road,img_gloves:Image|gloves:Noun|push:Verb
ad_02005,2024-05,190.73,657.15,59515,558,13,the vest you need to sprint,"Built for the long haul. Our premium vest combines technical fabrics with a refined fit so you can sprint harder and go further, no matter what the forecast brings this season.",image,1:1,mountain,img_vest:Image|sprint:Verb|gear up for summer:Phrase
ad_02006,2024-05,102.14,819.56,24764,347,13,explore further in our gloves,"Engineered for performance on every terrain. Our gloves is designed to help you explore with total confidence, whether you are on a mountain pass or a city commute through changing weather. 🔥",video,1:1,adventure,vid_gloves:Video|gloves:Noun|explore:Verb
ad_02007,2024-05,122.47,356.3,10619,75,1,premium gloves built to race,Our gloves lets you race better.,image,4:5,adult,img_gloves:Image|gloves:Noun
ad_02008,2024-05,526.13,4571.03,12448,136,4,premium wardrobe built to conquer,Ride ready. 8 Try our wardrobe today.,video,4:5,casual,vid_wardrobe:Video|wardrobe:Noun
ad_02009,2024-05,97.14,286.22,11684,90,1,the shorts you need to cruise,cruise further in our new shorts. ☀️,video,1:1,commute,vid_shorts:Video|shorts:Noun|cruise:Verb
ad_02010,2024-05,67.34,309.83,8821,85,2,the vest you need to ride,"Built for the long haul. Our premium vest combines technical fabrics with a refined fit so you can ride harder and go further, no matter what the forecast brings this season. 🔥",video,9:16,accessories,vid_vest:Video|ride:Verb
ad_02011,2024-05,130.76,1016.17,13963,162,4,premium shell built to explore,Our shell lets you explore better. 🚴,video,4:5,mountain,vid_shell:Video|shell:Noun
ad_02012,2024-05,139.11,347.32,17107,159,3,premium vest built to ride,Built to ride. Premium vest.,image,1:1,mountain,img_vest:Image|vest:Noun|ride:Verb
ad_02013,2024-05,83.14,183.66,62529,476,9,conquer further in our baselayer,Ride ready. Try our baselayer today.,image,1:1,mountain,img_baselayer:Image|baselayer:Noun|conquer:Verb
ad_02014,2024-05,110.77,859.82,10275,110,3,the bibs you need to shred,"Engineered for performance on every terrain. Our bibs is designed to help you shred with total confidence, whether you are on a mountain pass or a city commute through changing weather. 💪",video,1:1,gravel,vid_bibs:Video|bibs:Noun
ad_02015,2024-05,266.23,489.71,37258,260,4,cap for 21 every layer,Built to layer. Premium cap. 💪,video,9:16,adult,vid_cap:Video|cap:Noun|layer:Verb
ad_02016,2024-05,235.84,289.4,11277,71,1,explore further in our bibs,Our bibs lets you explore better.,image,9:16,adult,img_bibs:Image|bibs:Noun|explore:Verb
ad_02017,2024-05,101.43,496.34,24933,268,6,shell for every cruise,"Built for the long haul. Our premium shell combines technical fabrics with a refined fit so you can cruise harder and go further, no matter what the forecast brings this season.",image,4:5,mountain,img_shell:Image
ad_02018,2024-05,218.1,822.87,17221,151,2,sprint further in our tights,Our tights lets you sprint better. 💪,image,4:5,urban,img_tights:Image|tights:Noun
ad_02019,2024-05,139.51,236.97,9653,63,1,cap for every descend,Our cap lets you descend better.,image,1:1,road,img_cap:Image|cap:Noun|descend:Verb
ad_02020,2024-05,135.19,805.16,34080,340,9,premium baselayer built to race,"Engineered for performance on every terrain. Our baselayer is designed to help you race with total confidence, whether you are on a mountain pass or a city commute through changing weather.",video,1:1,accessories,vid_baselayer:Video|baselayer:Noun|race:Verb
ad_02021,2024-05,234.34,409.49,10291,71,1,the jacket you need 28 to pedal,Our jacket lets you pedal better.,image,1:1,mountain,img_jacket:Image|jacket:Noun
ad_02022,2024-05,68.05,118.78,17827,143,3,new jersey collection,Our jersey lets you explore better.,image,1:1,accessories,img_jersey:Image|jersey:Noun|explore:Verb
ad_02023,2024-05,85.98,136.47,14025,93,1,premium shell built to cruise,Our shell lets you cruise better.,image,9:16,accessories,img_shell:Image|shell:Noun
ad_02024,2024-05,59.92,224.4,21082,211,4,premium armwarmers built to climb,Built to climb. Premium armwarmers. 🔥,image,4:5,gravel,img_armwarmers:Image|armwarmers:Noun
ad_02025,2024-05,41.9,72.38,11443,81,1,new vest collection,climb further in our new vest.,image,9:16,accessories,img_vest:Image|vest:Noun
ad_02026,2024-05,185.82,300.29,16151,91,1,premium bibs built to train,"Engineered for performance on every terrain. Our bibs is designed to help you train with total confidence, whether you are on a mountain pass or a city commute through changing weather.",image,1:1,commute,img_bibs:Image|bibs:Noun|train:Verb
ad_02027,2024-05,191.52,290.23,5471,26,0,new baselayer collection,Built to conquer. Premium baselayer.,image,4:5,sale,img_baselayer:Image|baselayer:Noun|conquer:Verb
ad_02028,2024-05,137.13,244.75,29936,220,4,shell for every shred,Our shell lets you shred better.,image,9:16,gravel,img_shell:Image|shell:Noun|shred:Verb|lightweight layers:Phrase
ad_02029,2024-05,365.96,397.85,31292,154,1,the kit you need to race,race further in our new kit.,image,9:16,sale,img_kit:Image|kit:Noun|race:Verb|race day ready:Phrase
ad_02030,2024-05,78.47,80.13,23806,128,1,27 descend further in our socks,Our socks lets you descend better.,image,9:16,commute,img_socks:Image|descend:Verb|gravel ready:Phrase
ad_02031,2024-05,555.35,1240.19,30917,192,2,premium vest built to pedal,"Built for the long haul. Our premium vest combines technical fabrics with a refined fit 16 so you can pedal harder and go further, no matter what the forecast brings this season.",image,9:16,commute,img_vest:Image|pedal:Verb|ride in comfort:Phrase
ad_02032,2024-05,197.76,507.61,16511,132,3,gear further in our jersey,Ride ready. Try our jersey today.,image,9:16,mountain,img_jersey:Image|gear:Verb|trail tested:Phrase
ad_02033,2024-05,104.39,129.23,18298,122,2,premium vest built to gear,Built to gear. Premium vest.,image,9:16,casual,img_vest:Image|vest:Noun|gear:Verb
ad_02034,2024-05,75.04,449.25,68669,802,24,premium wardrobe built to conquer,Built to conquer. Premium wardrobe.,video,1:1,accessories,vid_wardrobe:Video|wardrobe:Noun|trail tested:Phrase
ad_02035,2024-05,375.79,3158.04,18999,269,9,cruise further in our kit,"Lightweight and breathable, this kit keeps you comfortable from the first pedal stroke to the last. Designed for riders who cruise in all conditions and demand the very best from 12 their gear.",video,1:1,gravel,vid_kit:Video|kit:Noun|built to last:Phrase
ad_02036,2024-05,74.94,566.4,27900,329,10,new socks collection,Built to descend. Premium socks.,video,4:5,mountain,vid_socks:Video|descend:Verb|ride in comfort:Phrase
ad_02037,2024-05,227.12,1170.42,14982,125,2,the shorts you need 27 to race,Our shorts lets you 26 race better.,video,4:5,urban,vid_shorts:Video
ad_02038,2024-05,354.17,612.8,20607,182,3,17 premium jacket built to train,Our jacket lets you train better.,image,9:16,accessories,img_jacket:Image|jacket:Noun|race day ready:Phrase
ad_02039,2024-05,263.93,164.63,15898,57,0,the vest you need 25 to push,push further in our new vest.,image,9:16,sale,img_vest:Image|vest:Noun|push:Verb
ad_02040,2024-05,149.54,427.74,15150,98,2,premium jacket built to descend,"Lightweight and breathable, this jacket keeps you comfortable from the first pedal stroke to the last. Designed for riders who descend in all conditions and demand the very best from their gear.",video,9:16,commute,vid_jacket:Video|jacket:Noun
ad_02041,2024-05,113.82,561.61,10140,108,3,the gloves 2 you need to shred,"Lightweight and breathable, this gloves keeps you comfortable from the first pedal stroke to the last. Designed for riders who shred in all conditions and demand the very best from their gear.",video,1:1,casual,vid_gloves:Video|gloves:Noun|shred:Verb|race day ready:Phrase
ad_02042,2024-05,285.97,973.44,15448,149,2,the jersey you need to train,Built to train. Premium jersey. 🏔️,image,4:5,accessories,img_jersey:Image|train:Verb|your spring wardrobe:Phrase
ad_02043,2024-05,137.97,549.6,12097,100,2,new tights collection,Our tights lets you conquer better. ⛰️,image,4:5,urban,img_tights:Image|tights:Noun|conquer:Verb
ad_02044,2024-05,232.13,524.35,16370,105,1,premium jacket built to push,27 Our jacket lets you push better.,image,9:16,casual,img_jacket:Image|jacket:Noun
ad_02045,2024-05,306.83,546.19,12670,88,1,new 13 socks collection,23 Built to race. Premium socks.,image,9:16,gravel,img_socks:Image|socks:Noun
ad_02046,2024-05,44.17,193.83,30984,282,5,cap for every ride,Our cap lets you ride better.,video,4:5,commute,vid_cap:Video|cap:Noun|gear up for summer:Phrase
ad_02047,2024-05,173.26,811.42,15463,150,3,premium shorts built to shred,Ride ready. Try our shorts today.,video,4:5,casual,vid_shorts:Video|shorts:Noun
ad_02048,2024-05,117.93,186.88,43228,314,4,jacket 9 for every descend,descend further in our new jacket.,image,1:1,mountain,img_jacket:Image
ad_02049,2024-05,141.54,1157.67,31135,453,18,gloves for every shred,Our 6 gloves lets you shred better.,video,9:16,mountain,vid_gloves:Video|gloves:Noun|gravel ready:Phrase
ad_02050,2024-05,86.97,103.37,34269,195,2,13 descend further in our gloves,Built to descend. Premium gloves.,image,1:1,urban,img_gloves:Image|descend:Verb
ad_02051,2024-05,182.7,760.25,12124,118,3,new cap collection,"Built for the long haul. Our premium cap combines technical fabrics with a refined fit so you can conquer harder and go further, no matter what the forecast brings this season.",video,9:16,gravel,vid_cap:Video|cap:Noun|conquer:Verb
ad_02052,2024-05,181.58,1787.97,17755,189,5,premium vest built to conquer,"Lightweight and breathable, this vest keeps you comfortable from the first pedal stroke to the last. Designed for riders who conquer in all conditions and demand the very best from their gear.",video,4:5,road,vid_vest:Video|vest:Noun
ad_02053,2024-05,85.47,772.06,20928,264,8,vest for every sprint,Built to 6 sprint. Premium vest.,video,4:5,mountain,vid_vest:Video|vest:Noun
ad_02054,2024-05,140.07,645.92,11257,90,2,24 gloves for every pedal,Our gloves lets you 8 pedal better.,video,4:5,adult,vid_gloves:Video|gloves:Noun|pedal:Verb
ad_02055,2024-05,135.72,380.78,9701,85,1,new bibs collection,cruise further in our new bibs.,image,1:1,accessories,img_bibs:Image|bibs:Noun|cruise:Verb|all day comfort:Phrase
ad_02056,2024-05,87.41,353.36,24317,245,5,descend further in our jacket,"Built for the long haul. Our premium jacket combines technical fabrics with a refined fit so you can descend harder and go further, no matter what the forecast brings this season.",image,4:5,urban,img_jacket:Image|jacket:Noun|lightweight layers:Phrase
ad_02057,2024-05,406.34,3785.31,3791,62,2,new jacket collection,Built to train. Premium jacket.,video,4:5,accessories,vid_jacket:Video|jacket:Noun|gravel ready:Phrase
ad_02058,2024-05,396.92,1526.24,13428,91,1,premium tights built to ride,Built 10 to ride. Premium tights.,video,1:1,sale,vid_tights:Video|tights:Noun|ride:Verb|trail tested:Phrase
ad_02059,2024-05,293.4,1000.62,13958,126,3,push further in our socks,"Lightweight and breathable, this socks keeps you comfortable from the first pedal stroke to the last. Designed for riders who push in all conditions and demand the very best from their gear.",image,4:5,adult,img_socks:Image|push:Verb|lightweight layers:Phrase
ad_02060,2024-05,67.56,416.73,13172,154,3,jacket for every shred,Built to shred. Premium jacket.,video,4:5,road,vid_jacket:Video|jacket:Noun
ad_02061,2024-05,103.39,213.99,15514,100,1,new shorts collection,Our shorts lets you ride better.,image,4:5,commute,img_shorts:Image|shorts:Noun
ad_02062,2024-05,195.75,1304.97,8432,95,2,shell for every explore,Ride ready. Try 7 our shell today. ☀️,image,4:5,mountain,img_shell:Image|shell:Noun|gear up for summer:Phrase
ad_02063,2024-05,76.89,348.76,22889,204,4,the tights you need to conquer,conquer further in our new tights.,video,1:1,accessories,vid_tights:Video|tights:Noun|conquer:Verb
ad_02064,2024-05,86.29,231.64,16927,143,3,premium 5 armwarmers built to explore,Our armwarmers lets you explore better.,image,4:5,adventure,img_armwarmers:Image|armwarmers:Noun
ad_02065,2024-05,324.63,325.65,9552,40,0,premium kit 3 built to gear,Built to gear. Premium kit.,image,1:1,sale,img_kit:Image|kit:Noun|trail tested:Phrase
ad_02066,2024-05,247.65,719.43,34070,281,6,the baselayer you need 29 to gear,Our baselayer lets you gear better.,video,1:1,accessories,vid_baselayer:Video|baselayer:Noun|gear:Verb
ad_02067,2024-05,112.97,251.31,12604,88,1,new wardrobe collection,Ride ready. Try our wardrobe today.,image,1:1,accessories,img_wardrobe:Image|wardrobe:Noun|shred:Verb
ad_02068,2024-05,22.87,48.83,17003,100,1,the shell you need to gear,Our shell lets you gear better.,video,1:1,sale,vid_shell:Video
ad_02069,2024-05,174.42,258.09,29062,195,3,13 wardrobe for every gear,Built to gear. Premium wardrobe.,image,1:1,mountain,img_wardrobe:Image|wardrobe:Noun|gear:Verb
ad_02070,2024-05,80.69,179.98,22170,163,2,socks for every sprint,Built 18 to sprint. Premium socks.,image,9:16,accessories,img_socks:Image|socks:Noun|sprint:Verb
ad_02071,2024-05,118.92,584.68,6866,58,1,the kit you need to climb,"Lightweight and breathable, this kit keeps you comfortable from the first pedal stroke to the last. 4 Designed for riders who climb in all conditions and demand the very best from their gear.",image,4:5,adult,img_kit:Image|kit:Noun
ad_02072,2024-05,157.33,1694.02,20401,283,8,new bibs collection,Built 8 to shred. Premium bibs. ☀️,video,4:5,urban,vid_bibs:Video|bibs:Noun|ride in comfort:Phrase
ad_02073,2024-05,494.68,3797.84,31462,485,13,pedal further in our baselayer,"Built for the long haul. Our premium baselayer combines technical fabrics with a refined fit so you can pedal harder and go further, no matter what the forecast brings this season. 🌧️",image,4:5,adventure,img_baselayer:Image|baselayer:Noun|pedal:Verb|built to last:Phrase
ad_02074,2024-05,152.26,384.79,10765,66,1,premium wardrobe built to race,"Built for the long haul. Our premium wardrobe combines technical fabrics with a refined fit so you can race harder and go further, no matter what the forecast brings this season.",image,1:1,commute,img_wardrobe:Image|race:Verb|cold weather essentials:Phrase
ad_02075,2024-05,296.09,1353.84,10414,69,1,cap for every cruise,Built to 29 cruise. Premium cap.,video,1:1,commute,vid_cap:Video
ad_02076,2024-05,258.22,486.06,25551,234,5,new kit collection,Built to sprint. Premium kit.,image,9:16,gravel,img_kit:Image|kit:Noun|sprint:Verb|trail tested:Phrase
ad_02077,2024-05,506.5,3184.14,6841,130,4,the armwarmers you need to pedal,Ride 20 ready. Try our armwarmers today. ☀️,image,1:1,adventure,img_armwarmers:Image|gravel ready:Phrase
ad_02078,2024-05,200.24,993.65,20036,224,4,new armwarmers collection,"Lightweight and breathable, this armwarmers keeps you comfortable from the first pedal stroke to the last. Designed for riders who gear in all conditions and demand the very best from their gear.",video,9:16,urban,vid_armwarmers:Video|armwarmers:Noun|ride in comfort:Phrase
ad_02079,2024-05,147.0,1251.66,19533,283,9,vest for 16 every descend,29 descend further in our new vest. ☀️,video,4:5,adventure,vid_vest:Video|descend:Verb
ad_02080,2024-05,130.65,894.41,24555,303,9,premium 24 socks built to layer,Our socks lets you layer better.,video,4:5,adventure,vid_socks:Video|socks:Noun|layer:Verb|new arrivals:Phrase
ad_02081,2024-05,353.5,1920.81,16311,264,8,new jacket collection,13 Built to train. Premium jacket.,image,4:5,mountain,img_jacket:Image|jacket:Noun|train:Verb|adventure awaits:Phrase
ad_02082,2024-05,216.65,1533.03,5152,56,1,climb further in our shell,Our shell lets you climb better.,video,4:5,road,vid_shell:Video|shell:Noun|climb:Verb|cold weather essentials:Phrase
ad_02083,2024-05,255.83,1373.89,35279,348,9,jersey for every sprint,Ride 26 ready. Try our jersey today.,image,4:5,adventure,img_jersey:Image|jersey:Noun
ad_02084,2024-05,194.39,608.66,14168,139,2,new gloves collection,Ride ready. Try our gloves today. ⛰️,image,4:5,adult,img_gloves:Image|gloves:Noun
ad_02085,2024-05,188.46,1143.26,20634,198,5,train further 7 in our jacket,"Built for the long haul. Our premium jacket combines technical fabrics with a refined fit so you can train harder and go further, no matter what the forecast brings this season.",video,4:5,commute,vid_jacket:Video|trail tested:Phrase
ad_02086,2024-05,107.49,478.66,18487,189,4,vest for every pedal,"Engineered for performance on every terrain. Our vest is designed to help you pedal with total confidence, whether you are on a mountain pass or a city commute through changing weather.",video,9:16,gravel,vid_vest:Video
ad_02087,2024-05,39.48,154.21,5447,44,1,the vest you need 16 to pedal,4 Our vest lets you pedal better. 🚴,video,1:1,casual,vid_vest:Video|pedal:Verb
ad_02088,2024-05,98.02,597.49,6706,57,1,cruise further 19 in our bibs,27 Our bibs lets you cruise better.,video,4:5,accessories,vid_bibs:Video
ad_02089,2024-05,259.92,1396.34,9548,95,2,premium cap built to gear,Built 5 to gear. Premium cap.,video,1:1,accessories,vid_cap:Video|cap:Noun|gear:Verb
ad_02090,2024-05,330.79,2580.19,4823,67,2,premium vest built to explore,"Engineered for performance on every terrain. Our vest is designed to help you explore with total confidence, whether you are on a mountain pass or a city commute through changing weather.",video,9:16,gravel,vid_vest:Video|vest:Noun|race day ready:Phrase
ad_02091,2024-05,132.03,293.2,13181,72,1,the vest you need to explore,"Built for the long haul. Our premium vest combines technical fabrics with a refined fit so you can explore harder and go further, no matter what the forecast brings this season.",image,4:5,sale,img_vest:Image
ad_02092,2024-05,95.32,472.77,13983,185,6,new shell collection,push further in our new shell.,image,4:5,adventure,img_shell:Image|shell:Noun|push:Verb|new arrivals:Phrase
ad_02093,2024-05,329.01,1280.24,7344,77,2,bibs for every ride,Ride ready. Try our bibs today.,image,4:5,adventure,img_bibs:Image|ride:Verb
ad_02094,2024-05,230.63,694.78,16079,126,2,train further in our gloves,Ride ready. Try our gloves today.,image,4:5,gravel,img_gloves:Image
ad_02095,2024-05,132.04,310.56,19014,178,2,premium 4 bibs built to layer,layer further in 14 our new bibs. 🔥,image,1:1,mountain,img_bibs:Image|bibs:Noun|layer:Verb
ad_02096,2024-05,81.31,286.52,16771,155,3,armwarmers for every layer,Our 17 armwarmers lets you layer better.,image,4:5,road,img_armwarmers:Image|armwarmers:Noun|layer:Verb
ad_02097,2024-05,162.02,716.33,11467,102,2,explore further 25 in our tights,"Built for the long haul. Our premium tights combines technical fabrics with a refined fit so you can explore harder and go further, no 28 matter what the forecast brings this season.",video,9:16,road,vid_tights:Video|tights:Noun|explore:Verb|your spring wardrobe:Phrase
ad_02098,2024-05,131.27,544.69,18155,152,3,baselayer for every layer,Ride 16 ready. Try our baselayer today.,image,4:5,accessories,img_baselayer:Image|baselayer:Noun|layer:Verb
ad_02099,2024-05,391.97,2629.6,25064,249,7,premium shell built to explore,Built to explore. Premium shell. 💪,video,4:5,accessories,vid_shell:Video|shell:Noun|explore:Verb
ad_02100,2024-05,185.59,564.3,25995,221,3,14 new wardrobe collection,"Lightweight and breathable, this wardrobe keeps you comfortable from the first pedal stroke to the last. Designed for riders who explore in all conditions and demand the very best from their gear. 🏔️",video,9:16,urban,vid_wardrobe:Video|wardrobe:Noun|explore:Verb
ad_02101,2024-05,281.72,722.2,41719,276,4,premium shell built to descend,Our shell lets you descend better. 🚴,image,9:16,urban,img_shell:Image|shell:Noun|all day comfort:Phrase
ad_02102,2024-05,74.73,116.14,11845,85,1,pedal further in 29 our socks,"Engineered for performance on every terrain. Our socks is designed to help you pedal with total confidence, whether you are on a mountain pass or a city commute through changing weather.",image,9:16,gravel,img_socks:Image|socks:Noun|pedal:Verb
ad_02103,2024-05,104.99,530.09,12085,136,4,16 premium cap built to climb,"Built for the long haul. Our premium cap combines technical fabrics with a refined fit so you can climb harder and go further, no matter what the forecast brings this season.",image,4:5,accessories,img_cap:Image|cap:Noun|gravel ready:Phrase
ad_02104,2024-05,182.04,291.77,14349,99,1,new wardrobe collection,Our wardrobe lets you train better.,image,1:1,adult,img_wardrobe:Image|train:Verb|lightweight layers:Phrase
ad_02105,2024-05,154.72,636.54,13860,141,3,baselayer for every descend,descend further in our new baselayer.,video,1:1,gravel,vid_baselayer:Video|baselayer:Noun
ad_02106,2024-05,74.99,393.13,22490,226,6,premium kit 25 built to train,train further 10 in our new kit.,video,4:5,road,vid_kit:Video
ad_02107,2024-05,159.34,333.89,22778,235,5,new kit collection,Built to race. Premium kit.,image,9:16,adventure,img_kit:Image|kit:Noun|race:Verb|built to last:Phrase
ad_02108,2024-05,154.33,754.43,15285,188,4,premium jersey built to layer,"Engineered for performance on every terrain. Our jersey is designed to help you layer with total confidence, whether you are on a mountain pass or a city commute through changing weather.",video,1:1,casual,vid_jersey:Video|jersey:Noun|lightweight layers:Phrase
ad_02109,2024-05,588.31,3222.63,14215,202,5,the bibs you need to climb,Built 23 to climb. Premium bibs.,image,1:1,adventure,img_bibs:Image|bibs:Noun|all day comfort:Phrase
ad_02110,2024-05,256.54,1412.67,23524,235,6,shell for every conquer,"Lightweight and breathable, this shell keeps you comfortable from the first pedal stroke to the last. Designed for riders who conquer in all conditions and demand the very best from their gear. 🚴",image,4:5,urban,img_shell:Image|shell:Noun|conquer:Verb|new arrivals:Phrase
ad_02111,2024-05,156.88,693.32,19350,206,5,jacket for every train,"Engineered for performance on every terrain. Our jacket is designed to help you train with total confidence, whether you are on a mountain pass or a city commute through changing weather.",video,9:16,accessories,vid_jacket:Video|jacket:Noun
ad_02112,2024-05,196.75,1300.26,7226,67,2,shorts for every gear,Built to gear. Premium shorts.,video,4:5,urban,vid_shorts:Video|shorts:Noun|gear:Verb|all day comfort:Phrase
ad_02113,2024-05,286.28,562.09,14410,92,1,new 21 wardrobe collection,Built to ride. Premium wardrobe.,image,4:5,road,img_wardrobe:Image|wardrobe:Noun|ride:Verb
ad_02114,2024-05,119.66,2048.64,18166,274,9,premium shell built to ride,"Lightweight and breathable, this shell keeps you comfortable from the first pedal stroke to the last. Designed for riders who ride in all conditions and demand the very best from their gear. ⛰️",video,4:5,adventure,vid_shell:Video|shell:Noun
ad_02115,2024-05,117.1,228.85,15172,106,1,layer further 2 in our shell,"Lightweight and breathable, this shell keeps you comfortable from the first pedal stroke to the last. Designed for riders who layer in all conditions and demand the very best from their gear.",image,9:16,urban,img_shell:Image|shell:Noun|layer:Verb|trail tested:Phrase
ad_02116,2024-05,139.48,337.7,27292,210,3,descend further in 12 our baselayer,descend further in our new baselayer.,image,4:5,mountain,img_baselayer:Image|baselayer:Noun|descend:Verb
ad_02117,2024-05,96.63,226.94,13513,93,1,conquer 4 further in our bibs,Ride ready. Try our bibs today.,image,4:5,accessories,img_bibs:Image|bibs:Noun|conquer:Verb
ad_02118,2024-05,44.56,191.65,21162,368,11,the vest you need to conquer,conquer further in our new vest. ⛰️,image,9:16,adventure,img_vest:Image|vest:Noun|race day ready:Phrase
ad_02119,2024-05,336.56,1063.36,17774,158,3,the gloves you need to descend,Ride ready. Try our gloves today.,image,4:5,mountain,img_gloves:Image|gloves:Noun|descend:Verb
ad_02120,2024-05,156.88,797.45,4375,32,1,new gloves collection,Built to layer. Premium gloves.,video,4:5,commute,vid_gloves:Video|gloves:Noun|layer:Verb|cold weather essentials:Phrase
ad_02121,2024-05,67.74,101.62,12009,75,1,socks for every ride,Our socks lets you ride better.,image,9:16,commute,img_socks:Image|socks:Noun|trail tested:Phrase
ad_02122,2024-05,315.37,1255.3,7546,44,1,the shorts you need to race,"Lightweight and breathable, this shorts keeps you comfortable from the first pedal stroke to the last. Designed for riders who race in all conditions and demand the very best from their gear. 🔥",image,4:5,sale,img_shorts:Image|race:Verb|adventure awaits:Phrase
ad_02123,2024-05,236.99,1088.45,19793,211,5,the shorts you need to sprint,sprint further in our new shorts.,image,4:5,road,img_shorts:Image|shorts:Noun|gravel ready:Phrase
ad_02124,2024-05,291.66,789.16,5908,45,1,premium wardrobe built to descend,"Built for the long haul. Our premium wardrobe combines technical fabrics with a refined fit so you can descend harder and go further, no matter what the forecast brings this season.",video,9:16,commute,vid_wardrobe:Video|wardrobe:Noun|descend:Verb
ad_02125,2024-05,262.15,505.0,10498,75,1,11 premium vest built to explore,Built 21 to explore. Premium vest.,image,9:16,road,img_vest:Image|vest:Noun|explore:Verb|all day comfort:Phrase
ad_02126,2024-05,126.76,317.31,10811,98,2,premium 15 vest built to cruise,"Built for the long haul. Our premium vest combines technical fabrics with a refined fit so you can cruise harder and go further, no matter what the forecast brings this season. ☀️",image,1:1,road,img_vest:Image|vest:Noun|ride in comfort:Phrase
ad_02127,2024-05,167.26,723.66,16348,101,1,premium jacket built to push,"Built for the long haul. Our premium jacket combines technical fabrics with a refined fit so you can push harder and go further, no matter what 8 the forecast brings this season.",video,9:16,sale,vid_jacket:Video|push:Verb|all day comfort:Phrase
ad_02128,2024-05,143.97,452.22,7803,62,1,gear further in our shell,Built to 7 gear. Premium shell.,image,4:5,casual,img_shell:Image|shell:Noun|gear:Verb
ad_02129,2024-05,152.1,239.52,15542,85,1,shell for every explore,explore further in our new shell.,image,4:5,sale,img_shell:Image|shell:Noun|explore:Verb
ad_02130,2024-05,278.58,1344.22,19865,198,4,premium tights built to train,Built to train. 28 Premium tights.,video,9:16,urban,vid_tights:Video
ad_02131,2024-05,61.76,111.35,18428,126,2,22 new bibs collection,Our bibs lets you pedal better.,image,1:1,gravel,img_bibs:Image|lightweight layers:Phrase
ad_02132,2024-05,171.55,242.28,9553,57,1,the baselayer you 7 need to gear,gear further in our new baselayer.,image,1:1,gravel,img_baselayer:Image
ad_02133,2024-05,144.69,192.03,10537,67,1,new 3 shell collection,Built to push. Premium shell.,image,9:16,casual,img_shell:Image|shell:Noun|ride in comfort:Phrase
ad_02134,2024-05,191.14,753.62,55608,410,7,shred further in our wardrobe,"Engineered for performance on every terrain. Our wardrobe is designed to help you shred with total confidence, whether you are on a mountain pass or a city commute through changing weather. ⛰️",image,4:5,commute,img_wardrobe:Image
ad_02135,2024-05,99.0,86.87,41820,171,1,shred further in our wardrobe,Ride ready. Try our wardrobe today.,image,9:16,sale,img_wardrobe:Image|wardrobe:Noun
ad_02136,2024-05,204.29,678.37,19293,131,2,socks for every sprint,Our socks lets you sprint better.,image,4:5,accessories,img_socks:Image|socks:Noun
ad_02137,2024-05,68.36,415.38,17323,207,5,shell for every race,race further in our new shell.,video,4:5,adult,vid_shell:Video|shell:Noun|all day comfort:Phrase
ad_02138,2024-05,91.84,208.96,16456,150,3,jersey for 7 every descend,Built to descend. Premium jersey. 🔥,image,1:1,gravel,img_jersey:Image|descend:Verb|gravel ready:Phrase
ad_02139,2024-05,459.27,772.1,13233,124,2,premium jersey 8 built to sprint,sprint further in our new jersey.,image,1:1,adventure,img_jersey:Image|jersey:Noun|sprint:Verb
ad_02140,2024-05,254.29,476.29,29170,216,4,7 the armwarmers you need to layer,Ride ready. Try our armwarmers today.,image,1:1,mountain,img_armwarmers:Image|armwarmers:Noun
ad_02141,2024-05,113.45,183.32,6762,74,2,26 baselayer for every cruise,Ride ready. Try our baselayer today.,image,1:1,adventure,img_baselayer:Image|baselayer:Noun
ad_02142,2024-05,131.39,547.85,13609,162,5,pedal further in our shorts,Built to pedal. Premium shorts.,image,4:5,accessories,img_shorts:Image|shorts:Noun|race day ready:Phrase
ad_02143,2024-05,191.69,287.28,28340,194,2,tights for 13 every pedal,Our tights lets you pedal better. ❄️,image,9:16,accessories,img_tights:Image|tights:Noun
ad_02144,2024-05,180.8,618.74,18862,138,3,kit for every pedal,Ride ready. Try our kit today.,video,1:1,commute,vid_kit:Video|cold weather essentials:Phrase
ad_02145,2024-05,120.94,341.34,38978,340,6,new vest collection,Our vest lets you sprint better.,image,4:5,adult,img_vest:Image|vest:Noun|your spring wardrobe:Phrase
ad_02146,2024-05,133.56,412.0,11989,102,2,the kit you need to explore,Ride ready. Try our kit today.,image,4:5,accessories,img_kit:Image
ad_02147,2024-05,263.46,670.58,20722,200,4,the jacket you need to shred,20 shred further in our new jacket.,image,1:1,gravel,img_jacket:Image
ad_02148,2024-05,160.39,226.46,10100,66,1,28 the bibs you need to shred,Built to shred. Premium bibs.,image,1:1,road,img_bibs:Image
ad_02149,2024-05,142.05,158.01,12486,72,1,tights for 24 every explore,explore further in our new tights.,image,1:1,casual,img_tights:Image|tights:Noun|explore:Verb
ad_02150,2024-05,214.07,339.81,60791,403,5,4 new jersey collection,Built to sprint. Premium jersey.,image,4:5,adult,img_jersey:Image|gear up for summer:Phrase
ad_02151,2024-05,73.04,162.86,25708,182,3,new 2 gloves collection,sprint further in our new gloves. 💪,image,4:5,accessories,img_gloves:Image|gloves:Noun|sprint:Verb
ad_02152,2024-05,161.54,1479.29,30644,594,23,the shell you need to cruise,"Built for the long haul. Our premium shell combines technical fabrics with a refined fit so you can cruise harder and go further, no matter what the forecast brings this season. ❄️",video,1:1,adventure,vid_shell:Video|cruise:Verb|built to last:Phrase
ad_02153,2024-05,213.54,1418.15,11987,148,5,premium wardrobe built to descend,3 descend further in our new wardrobe.,video,9:16,adventure,vid_wardrobe:Video|wardrobe:Noun|descend:Verb
ad_02154,2024-05,250.84,364.59,14702,115,2,new 11 cap collection,Our cap lets you climb better.,image,9:16,mountain,img_cap:Image|cap:Noun|climb:Verb|trail tested:Phrase
ad_02155,2024-05,228.39,630.88,6242,38,1,climb further in our tights,climb further in our new tights.,image,4:5,adult,img_tights:Image|tights:Noun
ad_02156,2024-05,268.53,1033.23,11912,112,3,the socks you need to conquer,"Engineered for performance on every terrain. Our socks is designed to help you conquer with total confidence, whether you are on a mountain pass or a city commute through changing weather.",image,4:5,road,img_socks:Image|socks:Noun
ad_02157,2024-05,509.22,1093.88,13633,62,1,climb 5 further in our socks,Our socks lets you climb better.,video,4:5,sale,vid_socks:Video|socks:Noun|climb:Verb
ad_02158,2024-05,243.8,976.78,26103,227,5,climb further in our jacket,Our jacket lets you climb better. ☀️,image,4:5,gravel,img_jacket:Image|jacket:Noun|climb:Verb|your spring wardrobe:Phrase
ad_02159,2024-05,399.72,490.64,22249,146,2,premium gloves built 11 to cruise,cruise further in our new gloves.,image,1:1,adult,img_gloves:Image|gloves:Noun|cruise:Verb|new arrivals:Phrase
ad_02160,2024-05,358.39,745.2,29962,345,7,premium baselayer 25 built to train,Built to train. Premium baselayer.,image,1:1,mountain,img_baselayer:Image|baselayer:Noun|trail tested:Phrase
ad_02161,2024-05,207.58,757.17,51403,585,12,cap for every shred,Built to shred. Premium cap. ⛰️,image,1:1,mountain,img_cap:Image|cap:Noun|built to last:Phrase
ad_02162,2024-05,157.61,704.67,10626,118,3,descend 17 further in our gloves,descend further in our new gloves.,video,1:1,accessories,vid_gloves:Video|gloves:Noun|gravel ready:Phrase
ad_02163,2024-05,28.4,74.4,4581,45,1,train further in our gloves,Ride ready. Try our gloves today.,image,1:1,adventure,img_gloves:Image|gloves:Noun|train:Verb
ad_02164,2024-05,505.71,1889.28,20173,145,2,socks for every pedal,"Lightweight and breathable, this socks keeps you comfortable from the first pedal stroke to the last. Designed for riders who pedal in all conditions and demand the very best from their gear. 🌧️",image,4:5,commute,img_socks:Image|socks:Noun
ad_02165,2024-05,203.19,700.04,27763,267,6,jacket for every conquer,"Engineered for performance on every terrain. Our jacket is designed to help you conquer with total confidence, whether you are on a mountain pass or a city commute through changing weather. ❄️",image,1:1,road,img_jacket:Image|jacket:Noun|new arrivals:Phrase
ad_02166,2024-05,169.52,774.38,12586,105,2,new shell collection,train further in our new shell.,video,4:5,commute,vid_shell:Video|shell:Noun|train:Verb|gear up for summer:Phrase
ad_02167,2024-05,182.6,496.53,17274,188,4,new jacket collection,Our jacket lets you ride better.,image,1:1,mountain,img_jacket:Image|ride:Verb|adventure awaits:Phrase
ad_02168,2024-05,170.86,287.22,14078,76,1,the gloves you need to push,Our gloves lets you push better.,video,1:1,sale,vid_gloves:Video|gloves:Noun|push:Verb
ad_02169,2024-05,166.96,1897.71,17280,276,12,race 11 further in our vest,8 Built to race. Premium vest. ❄️,video,4:5,adventure,vid_vest:Video|your spring wardrobe:Phrase
ad_02170,2024-05,238.93,719.14,32979,338,7,descend further in our socks,descend further 27 in our new socks.,image,1:1,gravel,img_socks:Image|socks:Noun|ride in comfort:Phrase
ad_02171,2024-05,155.83,416.3,37222,430,7,new shorts collection,"Lightweight and breathable, this shorts keeps you comfortable from the first pedal stroke to the last. Designed for riders who explore in all conditions and demand the very best from their gear.",image,9:16,mountain,img_shorts:Image
ad_02172,2024-05,148.56,542.91,20733,287,7,climb further in our baselayer,Built to climb. Premium baselayer. 🌧️,image,1:1,mountain,img_baselayer:Image|baselayer:Noun|climb:Verb|gravel ready:Phrase
ad_02173,2024-05,886.55,2035.8,14691,81,1,premium socks 5 built to push,Built to 27 push. Premium socks. 🚴,image,4:5,commute,img_socks:Image|push:Verb
ad_02174,2024-05,62.07,431.48,18722,257,8,tights for every ride,"Engineered for performance on every terrain. Our tights is designed to help you ride with total confidence, whether you are on a mountain pass or a city commute through changing weather.",video,1:1,adventure,vid_tights:Video|tights:Noun|ride:Verb
ad_02175,2024-05,426.46,567.57,19271,144,2,explore further 4 in our cap,explore further in our new cap.,image,1:1,gravel,img_cap:Image|cap:Noun|explore:Verb|ride in comfort:Phrase
ad_02176,2024-05,159.97,589.57,12009,76,1,new wardrobe collection,Ride ready. Try our wardrobe today.,video,4:5,sale,vid_wardrobe:Video|wardrobe:Noun|train:Verb|lightweight layers:Phrase
ad_02177,2024-05,86.22,481.22,18572,265,6,the socks you need to layer,"Built for the long haul. Our premium socks combines technical fabrics with a refined fit so you can layer harder and go further, no matter what the forecast brings this season. ☀️",image,4:5,mountain,img_socks:Image|layer:Verb
ad_02178,2024-05,30.22,40.01,6020,25,0,2 jacket for every gear,Our 19 jacket lets you gear better.,image,4:5,sale,img_jacket:Image|jacket:Noun
ad_02179,2024-05,93.3,340.92,16838,147,2,the 29 wardrobe you need to ride,Ride ready. Try 2 our wardrobe today.,video,9:16,road,vid_wardrobe:Video|wardrobe:Noun
ad_02180,2024-05,71.17,123.81,25847,205,3,premium armwarmers built to gear,gear further in our new armwarmers.,image,1:1,road,img_armwarmers:Image|gear:Verb
ad_02181,2024-05,540.77,6238.88,11713,175,5,the baselayer 21 you need to layer,"Built for the long haul. Our premium baselayer combines technical fabrics with a refined fit so you can 5 layer harder and go further, no matter what the forecast brings this season.",video,4:5,gravel,vid_baselayer:Video|baselayer:Noun|your spring wardrobe:Phrase
ad_02182,2024-05,292.67,2887.75,10441,149,5,descend further in our bibs,"Lightweight and breathable, this bibs keeps you comfortable from the first pedal stroke to the last. Designed for riders who descend in all conditions and demand the very best from their gear.",video,4:5,road,vid_bibs:Video|bibs:Noun|new arrivals:Phrase
ad_02183,2024-05,38.36,98.88,19097,248,6,tights for every push,Our tights lets you push better.,image,1:1,adventure,img_tights:Image|tights:Noun|push:Verb|new arrivals:Phrase
ad_02184,2024-05,229.64,1398.55,14953,158,3,premium shorts built to descend,Built to descend. Premium shorts.,video,4:5,gravel,vid_shorts:Video|shorts:Noun|descend:Verb
ad_02185,2024-05,165.58,245.88,37911,172,2,premium gloves built to shred,Ride ready. Try our gloves today.,video,9:16,sale,vid_gloves:Video
ad_02186,2024-05,277.63,287.59,16598,67,1,premium armwarmers built 6 to conquer,"Lightweight and breathable, this armwarmers keeps you comfortable from the first pedal stroke to the last. Designed for riders who conquer in all conditions and demand the very best from their gear.",image,1:1,sale,img_armwarmers:Image|conquer:Verb
ad_02187,2024-05,80.27,243.01,19831,229,5,the jacket you need to descend,"Engineered for performance on every terrain. Our jacket is designed to help you descend with total confidence, whether you are on a mountain pass or a city commute through changing weather.",image,1:1,accessories,img_jacket:Image|jacket:Noun|descend:Verb|trail tested:Phrase
ad_02188,2024-05,91.36,116.77,16473,76,1,the bibs you need to pedal,pedal further in our new bibs.,image,4:5,sale,img_bibs:Image|bibs:Noun|pedal:Verb
ad_02189,2024-05,107.66,275.43,12566,121,2,ride further in our jacket,"Lightweight and breathable, this jacket keeps you comfortable from the first pedal stroke to the last. Designed for riders who ride in all conditions and demand the very best from their gear.",image,9:16,mountain,img_jacket:Image|ride:Verb|your spring wardrobe:Phrase
ad_02190,2024-05,434.02,678.1,11081,64,1,gear 14 further in our wardrobe,Built to gear. Premium wardrobe.,image,1:1,accessories,img_wardrobe:Image|wardrobe:Noun
ad_02191,2024-05,466.66,1317.99,14713,146,3,new shorts collection,Ride ready. Try our shorts today.,image,1:1,adventure,img_shorts:Image|ride in comfort:Phrase
ad_02192,2024-05,152.65,393.04,9357,74,1,new bibs collection,"Engineered for performance on every terrain. Our bibs is designed to help you conquer with total confidence, whether you are on a mountain pass or a city commute through changing weather.",image,1:1,road,img_bibs:Image|conquer:Verb|gear up for summer:Phrase
ad_02193,2024-05,145.53,394.61,9860,56,1,the armwarmers you need to cruise,Our armwarmers lets you cruise better.,video,1:1,commute,vid_armwarmers:Video|cruise:Verb
ad_02194,2024-05,76.41,337.45,19580,177,4,baselayer for every gear,Ride 4 ready. Try our baselayer today. 🔥,image,1:1,accessories,img_baselayer:Image|baselayer:Noun|all day comfort:Phrase
ad_02195,2024-05,93.49,239.89,13951,80,1,race further 29 in our jacket,"Built for the long haul. Our premium jacket combines technical fabrics with a refined fit so you can race harder and go further, no matter what the forecast brings this season. ❄️",image,1:1,urban,img_jacket:Image|jacket:Noun
ad_02196,2024-05,135.38,551.78,29557,261,6,the tights you need to pedal,Our tights 23 lets you pedal better.,image,4:5,accessories,img_tights:Image|tights:Noun
ad_02197,2024-05,162.05,1173.15,30990,487,15,cap for every cruise,"Lightweight and breathable, 9 this cap keeps you comfortable from the first pedal stroke to the last. Designed for riders who cruise in all conditions and demand the very best from their gear. ⛰️",image,1:1,adventure,img_cap:Image|cap:Noun|ride in comfort:Phrase
ad_02198,2024-05,253.7,1397.28,22412,263,6,race further in our shorts,Our shorts lets you race better.,video,1:1,gravel,vid_shorts:Video|lightweight layers:Phrase
ad_02199,2024-05,232.39,1070.86,8163,126,4,the jacket you need to race,Built to race. Premium jacket.,video,9:16,adventure,vid_jacket:Video|jacket:Noun|race:Verb|trail tested:Phrase
ad_02200,2024-05,299.49,283.25,9943,49,0,17 pedal further in our shell,Ride ready. Try our shell today.,image,9:16,commute,img_shell:Image|shell:Noun|new arrivals:Phrase
ad_02201,2024-05,197.58,518.23,41126,428,9,new cap collection,Ride ready. Try our cap today.,video,9:16,mountain,vid_cap:Video|climb:Verb
ad_02202,2024-05,250.05,858.16,10251,89,2,the bibs you need to conquer,Our bibs lets you conquer better.,video,1:1,gravel,vid_bibs:Video|conquer:Verb
ad_02203,2024-05,285.46,429.31,10209,44,0,push further in our jersey,"Lightweight and breathable, this jersey keeps you comfortable from the first pedal stroke 25 to the last. Designed for riders who push in all conditions and demand the very best from their gear.",image,1:1,sale,img_jersey:Image|push:Verb
ad_02204,2024-05,366.62,2911.76,11365,137,4,jersey for every race,"Lightweight and breathable, this jersey keeps you comfortable from the first pedal stroke to the last. Designed for riders who race in all conditions and demand the very best from their gear.",video,4:5,road,vid_jersey:Video|race:Verb|lightweight layers:Phrase
ad_02205,2024-05,67.09,203.74,13231,141,3,new jacket collection,Built to push. Premium jacket. 🚴,image,1:1,mountain,img_jacket:Image|jacket:Noun
ad_02206,2024-05,324.99,1318.02,39158,343,5,jersey for every conquer,16 Ride ready. Try our jersey today.,image,4:5,accessories,img_jersey:Image|jersey:Noun|conquer:Verb
ad_02207,2024-05,55.61,177.48,20440,106,1,socks 25 for every gear,"Built for the long haul. Our premium socks combines technical fabrics with a refined fit so you can gear harder and go further, no matter what the forecast brings this season. ⛰️",video,4:5,sale,vid_socks:Video|gear:Verb
ad_02208,2024-05,252.25,536.27,10978,90,1,the cap you need to cruise,Our cap lets you cruise better.,image,1:1,accessories,img_cap:Image|cap:Noun|cruise:Verb|your spring wardrobe:Phrase
ad_02209,2024-05,259.7,491.33,8011,56,1,cruise further in our tights,"Engineered for performance on every terrain. Our tights is designed to help you cruise with total confidence, whether you are on a mountain pass or a city commute through changing weather.",image,1:1,casual,img_tights:Image|cruise:Verb
ad_02210,2024-05,202.5,490.34,17548,129,2,19 baselayer for every climb,28 Built to climb. Premium baselayer.,image,4:5,casual,img_baselayer:Image|baselayer:Noun
ad_02211,2024-05,288.55,596.72,25682,212,4,premium vest built to push,Our vest lets you push better.,image,9:16,mountain,img_vest:Image|vest:Noun
ad_02212,2024-05,130.35,360.4,4428,32,1,climb further in our jacket,Ride ready. Try our jacket today.,image,4:5,adult,img_jacket:Image|jacket:Noun|lightweight layers:Phrase
ad_02213,2024-05,188.51,468.08,6524,66,1,baselayer for every push,Ride ready. Try our baselayer today. 🔥,image,1:1,mountain,img_baselayer:Image
ad_02214,2024-05,78.98,300.17,11985,126,3,sprint further in our wardrobe,sprint further in our new wardrobe.,image,4:5,adventure,img_wardrobe:Image|wardrobe:Noun
ad_02215,2024-05,498.81,1371.03,13008,79,1,the wardrobe you need to ride,Built to ride. Premium wardrobe.,video,1:1,commute,vid_wardrobe:Video|wardrobe:Noun
ad_02216,2024-05,154.16,339.99,15514,107,1,kit for 15 every ride,Our kit lets you ride better.,image,4:5,commute,img_kit:Image|kit:Noun|ride:Verb|race day ready:Phrase
ad_02217,2024-05,108.97,355.35,18288,174,4,wardrobe for every train,Our wardrobe lets you train better.,image,4:5,mountain,img_wardrobe:Image|train:Verb|lightweight layers:Phrase
ad_02218,2024-05,327.14,1426.21,11781,140,4,train further in our jacket,train further in our new jacket.,image,4:5,road,img_jacket:Image|jacket:Noun|train:Verb|race day ready:Phrase
ad_02219,2024-05,275.41,794.36,14495,97,1,the tights you need to shred,Built to shred. Premium tights. ❄️,image,4:5,adult,img_tights:Image
ad_02220,2024-05,80.42,172.59,18519,188,4,shell for every push,Built to push. Premium shell.,image,9:16,adventure,img_shell:Image|shell:Noun
ad_02221,2024-05,70.76,260.7,30340,278,7,new socks collection,explore further in our new socks.,image,4:5,mountain,img_socks:Image|socks:Noun|your spring wardrobe:Phrase
ad_02222,2024-05,282.35,544.91,26229,173,3,premium gloves built 16 to train,"Built for the long haul. Our premium gloves combines technical fabrics with a refined fit so you can train harder and go further, no matter what the forecast brings this season.",image,1:1,accessories,img_gloves:Image
ad_02223,2024-05,108.3,265.47,36183,258,4,explore further 17 in our kit,Our kit lets you explore better.,video,1:1,commute,vid_kit:Video|kit:Noun|adventure awaits:Phrase
ad_02224,2024-05,79.63,329.72,21609,177,3,new wardrobe collection,"Lightweight and 7 breathable, this wardrobe keeps you comfortable from the first pedal stroke to the last. Designed for riders who push in all conditions and demand the very best from their gear.",image,9:16,road,img_wardrobe:Image|wardrobe:Noun
ad_02225,2024-05,233.21,269.24,15947,69,1,the vest you need to explore,Our vest lets you explore better. ❄️,image,1:1,sale,img_vest:Image|vest:Noun|explore:Verb
ad_02226,2024-05,66.53,348.56,18688,275,7,15 new shell collection,Our shell lets you 7 pedal better.,image,4:5,adventure,img_shell:Image|shell:Noun|pedal:Verb|adventure awaits:Phrase
ad_02227,2024-05,111.66,372.48,27798,205,3,race 23 further in our baselayer,"Engineered for performance on every terrain. Our baselayer is designed to help 15 you race with total confidence, whether you are on a mountain pass or a city commute through changing weather.",image,4:5,casual,img_baselayer:Image|baselayer:Noun|race:Verb
ad_02228,2024-05,114.36,226.99,26184,183,3,layer 11 further in our socks,Built to layer. Premium socks.,video,1:1,accessories,vid_socks:Video|socks:Noun|layer:Verb
ad_02229,2024-05,43.87,147.2,6949,60,1,jacket for every sprint,Ride ready. Try our jacket today.,video,1:1,adult,vid_jacket:Video|jacket:Noun|sprint:Verb
ad_02230,2024-05,189.69,575.82,11730,110,2,premium 12 wardrobe built to train,3 Ride ready. Try our wardrobe today.,image,4:5,accessories,img_wardrobe:Image|cold weather essentials:Phrase
ad_02231,2024-05,111.72,142.94,20673,93,1,wardrobe for every push,push further in our new wardrobe.,image,1:1,sale,img_wardrobe:Image|wardrobe:Noun|built to last:Phrase
ad_02232,2024-05,171.75,684.82,33378,363,8,tights for every layer,Our tights lets you layer better.,image,4:5,adventure,img_tights:Image|tights:Noun|layer:Verb
ad_02233,2024-05,120.4,648.71,36679,531,15,the jersey you need to sprint,"Engineered for performance on every terrain. Our jersey is designed to help you sprint with total confidence, whether you are on a mountain pass or a city commute through changing weather.",video,9:16,accessories,vid_jersey:Video|jersey:Noun|cold weather essentials:Phrase
ad_02234,2024-05,174.56,285.98,25655,201,3,17 the bibs you need to climb,"Engineered for performance on every terrain. Our bibs is designed to help you climb with total confidence, whether you are on a mountain pass or a city commute through changing weather. 🚴",image,9:16,commute,img_bibs:Image|bibs:Noun|climb:Verb|gravel ready:Phrase
ad_02235,2024-05,74.91,850.0,36623,579,19,socks for every cruise,Ride ready. 14 Try our socks today.,video,4:5,road,vid_socks:Video|race day ready:Phrase
ad_02236,2024-05,65.88,131.85,18187,130,2,new tights collection,Built to conquer. Premium tights.,image,1:1,urban,img_tights:Image|tights:Noun
ad_02237,2024-05,99.28,506.1,6548,61,1,conquer further in our socks,Our socks lets you conquer better.,video,4:5,road,vid_socks:Video|socks:Noun|conquer:Verb
ad_02238,2024-05,172.54,827.08,19064,187,4,premium shell built to pedal,"Built for the long haul. Our premium shell combines technical fabrics with a refined fit so you can pedal harder and go further, no matter what the forecast brings this season.",image,4:5,mountain,img_shell:Image|shell:Noun|pedal:Verb
ad_02239,2024-05,71.44,282.42,11508,122,3,new wardrobe collection,ride further in our new wardrobe.,video,1:1,accessories,vid_wardrobe:Video|wardrobe:Noun|ride:Verb|ride in comfort:Phrase
ad_02240,2024-05,278.91,523.27,72848,533,7,the jacket you need to layer,"Lightweight and breathable, this jacket keeps you comfortable from the first pedal stroke to the last. Designed for riders who layer in all conditions and demand the very best from their gear.",image,9:16,adult,img_jacket:Image|jacket:Noun|layer:Verb
ad_02241,2024-05,113.05,162.44,27218,103,1,20 the wardrobe you need to cruise,cruise further in our new wardrobe. ❄️,image,4:5,sale,img_wardrobe:Image|wardrobe:Noun
ad_02242,2024-05,236.47,837.21,10307,89,1,new shell collection,descend further in our new shell.,video,9:16,road,vid_shell:Video|shell:Noun
ad_02243,2024-05,128.99,892.0,10004,124,4,new bibs collection,Built to conquer. Premium bibs.,video,4:5,adventure,vid_bibs:Video|bibs:Noun|conquer:Verb
ad_02244,2024-05,157.46,269.97,14013,95,1,5 shell for every push,Our shell lets 12 you push better.,image,9:16,road,img_shell:Image|push:Verb|all day comfort:Phrase
ad_02245,2024-05,68.71,158.1,7884,64,1,cap for every train,27 train further in our new cap.,image,1:1,gravel,img_cap:Image|cap:Noun|train:Verb
ad_02246,2024-05,82.3,157.69,22803,140,2,new 23 jersey collection,"Built for the long haul. Our premium jersey combines technical fabrics with a refined fit so you can layer harder and go further, no matter what the forecast brings this season.",video,9:16,commute,vid_jersey:Video|jersey:Noun|layer:Verb
ad_02247,2024-05,158.67,162.7,15071,66,1,the vest 2 you need to shred,Built to shred. Premium vest.,image,1:1,commute,img_vest:Image|vest:Noun|shred:Verb
ad_02248,2024-05,247.07,1817.4,13946,215,7,the jacket you need to descend,Our 14 jacket lets you descend better.,video,1:1,accessories,vid_jacket:Video|jacket:Noun|descend:Verb|race day ready:Phrase
ad_02249,2024-05,222.54,364.5,15293,96,1,the cap you need to climb,climb further in our new cap.,image,1:1,adult,img_cap:Image|cap:Noun|climb:Verb
ad_02250,2024-05,144.36,1122.46,32269,444,11,cruise further in our cap,Ride 8 ready. Try our cap today.,video,4:5,accessories,vid_cap:Video|cap:Noun|cruise:Verb
ad_02251,2024-05,195.71,508.92,12614,133,3,new socks collection,Built to cruise. Premium socks.,image,9:16,gravel,img_socks:Image|socks:Noun|race day ready:Phrase
ad_02252,2024-05,119.49,276.22,19146,146,2,27 new shell collection,sprint further in our new shell. ⛰️,image,4:5,road,img_shell:Image|shell:Noun
ad_02253,2024-05,96.33,337.08,30289,215,4,26 new jacket collection,"Built for the long haul. Our premium jacket combines technical fabrics with a refined fit so you can cruise harder and go further, no matter what the forecast 16 brings this season. ⛰️",image,1:1,accessories,img_jacket:Image|jacket:Noun
ad_02254,2024-05,354.87,2662.37,40736,534,13,premium 23 armwarmers built to gear,"Built for the long haul. Our premium armwarmers combines technical fabrics with a refined fit so you can gear 10 harder and go further, no matter what the forecast brings this season. 🔥",video,1:1,mountain,vid_armwarmers:Video|armwarmers:Noun
ad_02255,2024-05,132.61,449.77,9706,64,1,the bibs 9 you need to sprint,"Engineered for performance on every terrain. Our bibs is 24 designed to help you sprint with total confidence, whether you are on a mountain pass or a city commute through changing weather.",video,1:1,commute,vid_bibs:Video|bibs:Noun|sprint:Verb
ad_02256,2024-05,247.15,2603.6,14806,246,9,shorts for every explore,"Lightweight and breathable, this shorts keeps you comfortable from the first pedal stroke to the last. Designed for riders who explore in all conditions and demand the very best from their gear.",video,4:5,adventure,vid_shorts:Video|explore:Verb
ad_02257,2024-05,357.32,800.26,20652,160,3,layer further in our jacket,Ride ready. Try our jacket today. 🚴,image,1:1,urban,img_jacket:Image
ad_02258,2024-05,58.23,132.06,42607,261,4,new armwarmers collection,12 Ride ready. Try our armwarmers today. ☀️,image,1:1,casual,img_armwarmers:Image|shred:Verb
ad_02259,2024-05,125.84,95.57,30789,123,1,7 new gloves collection,Ride ready. Try our gloves today.,image,9:16,commute,img_gloves:Image|gloves:Noun
ad_02260,2024-05,521.34,3713.71,8698,85,2,shred further in our tights,"Engineered for performance on every terrain. Our tights is designed to help you shred with total confidence, whether you are on a mountain pass or a city commute through changing weather.",video,4:5,casual,vid_tights:Video|tights:Noun|shred:Verb|your spring wardrobe:Phrase
ad_02261,2024-05,136.91,372.86,8637,81,2,conquer further in our shell,conquer further in our new shell.,image,9:16,mountain,img_shell:Image|shell:Noun|all day comfort:Phrase
ad_02262,2024-05,117.88,274.43,30515,212,3,race further in our socks,Built 18 to race. Premium socks.,image,9:16,gravel,img_socks:Image
ad_02263,2024-05,220.75,426.69,6166,34,0,the jacket you need to train,Ride ready. Try our jacket today.,video,1:1,sale,vid_jacket:Video|train:Verb|gear up for summer:Phrase
ad_02264,2024-05,128.0,253.22,9322,74,1,premium cap built 27 to cruise,Built to cruise. 16 Premium cap.,image,1:1,gravel,img_cap:Image|cap:Noun|cruise:Verb
ad_02265,2024-05,68.81,155.31,46081,270,5,climb further in our shell,Ride ready. Try our shell today. 🌧️,video,9:16,sale,vid_shell:Video|shell:Noun|climb:Verb|cold weather essentials:Phrase
ad_02266,2024-05,173.45,561.03,18263,221,5,the bibs you need to sprint,sprint further 20 in our new bibs. 💪,image,9:16,road,img_bibs:Image|bibs:Noun|sprint:Verb|race day ready:Phrase
ad_02267,2024-05,124.98,468.19,9847,77,1,the jacket you need to push,Built to 7 push. Premium jacket.,image,4:5,commute,img_jacket:Image|jacket:Noun|ride in comfort:Phrase
ad_02268,2024-05,111.99,566.61,23567,178,3,the jacket you need to push,push further in our new jacket.,video,4:5,commute,vid_jacket:Video|jacket:Noun|push:Verb|all day comfort:Phrase
ad_02269,2024-05,254.87,591.55,12665,78,1,the gloves you need to conquer,Built to conquer. Premium gloves.,video,1:1,commute,vid_gloves:Video|gloves:Noun|conquer:Verb
ad_02270,2024-05,117.27,1427.26,25688,363,10,bibs for every race,"Lightweight and breathable, this bibs keeps you comfortable from the first pedal stroke to the last. Designed for riders who race in all conditions and demand the very best from their gear. 💪",video,4:5,mountain,vid_bibs:Video|race:Verb
ad_02271,2024-05,186.52,405.21,16815,85,1,the baselayer you need to climb,Ride ready. Try our baselayer today. 🌧️,image,4:5,commute,img_baselayer:Image|baselayer:Noun|climb:Verb
ad_02272,2024-05,313.21,630.79,9459,79,1,shred further in our cap,Our cap lets you 27 shred better.,image,9:16,urban,img_cap:Image|shred:Verb
ad_02273,2024-05,257.1,766.67,19809,192,4,premium vest built to gear,gear further in our new vest. 🏔️,video,9:16,road,vid_vest:Video|vest:Noun|gear:Verb
ad_02274,2024-05,74.86,135.26,18809,153,3,layer further in our jacket,Built to layer. Premium jacket.,image,9:16,adventure,img_jacket:Image|layer:Verb
ad_02275,2024-05,200.4,907.23,12310,103,2,gear further in our shell,Ride ready. Try our shell today.,video,4:5,commute,vid_shell:Video|shell:Noun
ad_02276,2024-05,310.19,778.83,7245,59,1,race further in our kit,Built to race. Premium kit.,image,1:1,road,img_kit:Image|kit:Noun
ad_02277,2024-05,322.65,2099.33,10885,156,4,shell for every pedal,"Lightweight and breathable, this shell keeps you comfortable from the first pedal stroke to the last. Designed for 7 riders who pedal in all conditions and demand the very best from their gear.",video,1:1,gravel,vid_shell:Video|shell:Noun
ad_02278,2024-05,62.65,445.18,14138,190,5,vest for every gear,Built to gear. Premium vest.,video,4:5,gravel,vid_vest:Video|vest:Noun|gear:Verb|new arrivals:Phrase
ad_02279,2024-05,184.89,1297.83,16769,212,6,premium socks built to pedal,"Engineered for performance on every terrain. Our socks is designed to help you pedal with total confidence, whether you are on a mountain pass or a city commute through changing weather.",image,4:5,mountain,img_socks:Image|socks:Noun|pedal:Verb|adventure awaits:Phrase
ad_02280,2024-05,468.35,2157.93,7290,85,1,the jacket you need to train,train further in our new jacket. 💪,video,4:5,casual,vid_jacket:Video|jacket:Noun|train:Verb
ad_02281,2024-05,82.24,327.03,20953,175,4,jersey for every descend,Our jersey lets you descend better.,image,4:5,mountain,img_jersey:Image|jersey:Noun
ad_02282,2024-05,2856.9,8171.9,19283,178,4,the shell you need to sprint,sprint further in our new shell.,video,9:16,road,vid_shell:Video
ad_02283,2024-05,346.82,730.04,10091,60,1,26 shell for every descend,Ride ready. Try our 18 shell today.,video,1:1,sale,vid_shell:Video|shell:Noun
ad_02284,2024-05,338.39,1989.3,13419,145,4,climb further in our socks,Our socks lets you climb better.,video,4:5,adult,vid_socks:Video|climb:Verb|cold weather essentials:Phrase
ad_02285,2024-05,260.08,1103.71,31582,333,7,10 premium bibs built to explore,Built to explore. Premium bibs.,video,4:5,road,vid_bibs:Video|bibs:Noun|explore:Verb|all day comfort:Phrase
ad_02286,2024-05,106.14,356.93,10883,118,2,29 the kit you need to pedal,Our kit lets you pedal better.,video,1:1,mountain,vid_kit:Video|kit:Noun
ad_02287,2024-05,162.54,604.63,25438,287,8,jacket for every race,Ride ready. Try our jacket today.,video,1:1,mountain,vid_jacket:Video|jacket:Noun|race:Verb
ad_02288,2024-05,300.01,558.53,20718,136,2,the vest you need 14 to push,Ride ready. Try our vest today.,image,4:5,casual,img_vest:Image|vest:Noun|push:Verb|ride in comfort:Phrase
ad_02289,2024-05,103.97,628.49,9438,101,2,the kit you need to layer,Our kit lets you layer better.,video,4:5,casual,vid_kit:Video|kit:Noun
ad_02290,2024-05,73.46,172.98,17784,138,2,the kit you need to descend,4 Ride ready. Try our kit today.,image,1:1,casual,img_kit:Image|kit:Noun|descend:Verb
ad_02291,2024-05,357.74,2389.1,22358,238,5,new shell collection,"Lightweight and breathable, this shell keeps you comfortable from the first pedal stroke to the last. Designed for riders who sprint in all conditions and demand the 9 very best from their gear. 💪",image,4:5,mountain,img_shell:Image|shell:Noun|sprint:Verb
ad_02292,2024-05,62.34,275.41,27297,273,6,the armwarmers you need to push,push further in our new armwarmers.,video,4:5,casual,vid_armwarmers:Video|armwarmers:Noun
ad_02293,2024-05,168.38,636.08,16918,191,4,the gloves you need to pedal,pedal further in our new gloves.,video,1:1,road,vid_gloves:Video|gloves:Noun
ad_02294,2024-05,463.23,1533.15,22815,239,5,the tights you need to descend,Our tights lets 22 you descend better.,image,1:1,mountain,img_tights:Image|tights:Noun
ad_02295,2024-05,206.25,275.76,20512,147,2,5 premium shell built to push,push further in our new shell.,image,1:1,accessories,img_shell:Image|shell:Noun
ad_02296,2024-05,261.24,1709.56,10807,191,6,the bibs 12 you need to train,Built to train. Premium bibs.,video,4:5,mountain,vid_bibs:Video|bibs:Noun|train:Verb|gravel ready:Phrase
ad_02297,2024-05,218.28,1011.13,13915,178,5,new cap collection,race further in our new cap.,video,9:16,adventure,vid_cap:Video
ad_02298,2024-05,310.96,233.17,28004,134,1,race further 22 in our shorts,Our shorts lets you race better.,image,9:16,adult,img_shorts:Image|shorts:Noun|race:Verb
ad_02299,2024-05,274.71,380.01,15815,69,1,the kit you need to gear,Ride ready. Try our kit today.,image,1:1,commute,img_kit:Image|kit:Noun|gear:Verb
ad_02300,2024-05,229.37,548.01,16335,137,2,the wardrobe you need to train,Built to train. Premium wardrobe.,video,9:16,urban,vid_wardrobe:Video|wardrobe:Noun|train:Verb
ad_02301,2024-05,283.0,2794.35,16518,195,6,the socks you need to explore,"Built 18 for the long haul. Our premium socks combines technical fabrics with a refined fit so you can explore harder and go further, no matter what the forecast brings this season.",video,4:5,gravel,vid_socks:Video|socks:Noun|explore:Verb
ad_02302,2024-05,240.88,1231.57,27550,239,5,baselayer for every climb,climb further in our new baselayer.,video,4:5,urban,vid_baselayer:Video|baselayer:Noun|climb:Verb
ad_02303,2024-05,144.98,806.21,8964,159,4,27 baselayer for every sprint,Ride ready. Try our baselayer today.,video,4:5,adventure,vid_baselayer:Video|sprint:Verb
ad_02304,2024-05,139.54,276.73,21026,146,2,new bibs collection,Ride 14 ready. Try our bibs today.,image,9:16,road,img_bibs:Image|pedal:Verb
ad_02305,2024-05,220.04,614.84,15570,142,2,socks for every sprint,Ride ready. Try our socks today.,video,1:1,casual,vid_socks:Video|sprint:Verb
ad_02306,2024-05,207.57,624.19,12201,131,3,conquer further in our gloves,"Engineered for performance on every terrain. Our gloves is designed to help you conquer with total confidence, whether you are on a mountain pass or a city commute through changing weather.",image,1:1,mountain,img_gloves:Image|conquer:Verb|built to last:Phrase
ad_02307,2024-05,127.45,262.09,23100,238,5,the baselayer you need to pedal,Ride ready. Try our baselayer today.,image,1:1,adventure,img_baselayer:Image|pedal:Verb
ad_02308,2024-05,142.56,1101.04,39884,425,11,5 premium jersey built to explore,"Built for the long haul. Our premium jersey combines technical 6 fabrics with a refined fit so you can explore harder and go further, no matter what the forecast brings this season.",video,1:1,road,vid_jersey:Video|jersey:Noun|explore:Verb|all day comfort:Phrase
ad_02309,2024-05,56.15,150.23,15685,126,2,premium bibs built to train,train further in our new bibs.,video,1:1,commute,vid_bibs:Video|bibs:Noun|train:Verb
ad_02310,2024-05,129.06,376.24,11330,63,1,the tights you need to train,"Lightweight and breathable, this tights keeps you comfortable from the first pedal stroke to the last. Designed for riders who train in all conditions and demand the very best from their gear.",image,4:5,sale,img_tights:Image|tights:Noun|all day comfort:Phrase
ad_02311,2024-05,166.24,650.12,17913,174,4,premium bibs built to pedal,pedal further in our new bibs.,image,4:5,road,img_bibs:Image|bibs:Noun|pedal:Verb|trail tested:Phrase
ad_02312,2024-05,225.49,1361.65,21151,293,7,premium wardrobe built to descend,"Lightweight and breathable, this wardrobe keeps you comfortable from the first pedal stroke to the last. Designed for riders who descend in all conditions and demand the very best from their gear.",video,1:1,casual,vid_wardrobe:Video|wardrobe:Noun|descend:Verb|all day comfort:Phrase
ad_02313,2024-05,190.18,417.11,20856,160,3,premium cap built to pedal,Built to pedal. Premium cap.,image,1:1,urban,img_cap:Image|cap:Noun|cold weather essentials:Phrase
ad_02314,2024-05,215.65,1920.29,17515,302,11,conquer further in our jacket,Ride ready. Try our jacket today.,video,4:5,adventure,vid_jacket:Video|jacket:Noun|conquer:Verb|cold weather essentials:Phrase
ad_02315,2024-05,59.32,227.52,19840,221,6,shred further in our vest,Ride ready. Try our vest today.,image,4:5,adventure,img_vest:Image|vest:Noun
ad_02316,2024-05,86.75,226.1,20830,146,2,premium tights built to train,train further in our new tights.,image,4:5,casual,img_tights:Image|train:Verb|built to last:Phrase
ad_02317,2024-05,81.07,110.93,21857,107,1,vest for 3 every cruise,19 cruise further in our new vest.,image,1:1,commute,img_vest:Image|vest:Noun|cruise:Verb
ad_02318,2024-05,154.12,782.12,12223,144,3,new bibs collection,"Lightweight and breathable, this bibs keeps you comfortable from the first pedal stroke to the last. Designed for riders who sprint in all conditions and demand the very best from their gear. ☀️",image,4:5,casual,img_bibs:Image|bibs:Noun|sprint:Verb|trail tested:Phrase
ad_02319,2024-05,254.11,1469.72,29102,212,3,tights for every sprint,"Lightweight and breathable, this tights keeps you comfortable from the first 12 pedal stroke to the last. Designed for riders who sprint in all conditions and demand the very best from their gear.",video,4:5,sale,vid_tights:Video|sprint:Verb
ad_02320,2024-05,269.01,747.56,9346,62,1,premium shell built to race,race further in our new shell.,image,4:5,commute,img_shell:Image|new arrivals:Phrase
ad_02321,2024-05,126.06,793.38,10615,88,2,the jacket you 16 need to shred,"Engineered for performance on every terrain. Our jacket is designed to help you shred with total confidence, whether you are on a mountain pass or a city commute through changing weather.",video,4:5,casual,vid_jacket:Video
ad_02322,2024-05,166.73,863.09,12259,121,3,the armwarmers you need to climb,"Built for the long haul. Our premium armwarmers combines technical fabrics with a refined fit so you can climb harder and go further, no matter what the forecast brings this season.",video,1:1,urban,vid_armwarmers:Video|climb:Verb
ad_02323,2024-05,595.56,3223.79,32362,436,14,28 jersey for every gear,"Engineered for performance on every terrain. Our jersey is designed to help you gear with total confidence, whether you are on a mountain pass or a city commute through changing weather.",video,1:1,mountain,vid_jersey:Video|jersey:Noun|new arrivals:Phrase
ad_02324,2024-05,261.91,857.17,9874,96,2,new 13 jacket collection,Our jacket lets you train better. 🔥,image,4:5,adventure,img_jacket:Image|train:Verb
ad_02325,2024-05,80.31,97.86,23095,93,1,the armwarmers you need to conquer,conquer further in our new armwarmers. 🌧️,image,9:16,sale,img_armwarmers:Image|armwarmers:Noun|built to last:Phrase
ad_02326,2024-05,195.17,976.67,10922,153,4,new jersey collection,"Built for the long haul. Our premium jersey combines technical fabrics with a refined fit so you can descend harder and go further, no matter what the forecast brings this season.",image,4:5,adventure,img_jersey:Image|jersey:Noun|descend:Verb
ad_02327,2024-05,92.41,157.9,20285,133,2,the socks you need 15 to race,Built to race. Premium socks.,image,4:5,road,img_socks:Image|socks:Noun|race:Verb
ad_02328,2024-05,347.99,525.51,36039,187,2,explore further in our kit,Our kit lets you explore better.,image,9:16,commute,img_kit:Image|kit:Noun|gear up for summer:Phrase
ad_02329,2024-05,170.94,389.1,8229,65,1,new vest collection,Built to sprint. Premium vest. 🔥,image,1:1,urban,img_vest:Image|vest:Noun
ad_02330,2024-05,262.71,366.47,14581,55,0,new 24 jersey collection,Our jersey lets you descend better. 💪,image,4:5,sale,img_jersey:Image|jersey:Noun|descend:Verb
ad_02331,2024-05,124.24,227.61,12596,92,1,sprint further in our cap,Ride ready. Try our cap today.,image,1:1,adult,img_cap:Image|cap:Noun
ad_02332,2024-05,210.58,1072.87,11750,143,3,premium jersey built 16 to conquer,conquer 22 further in our new jersey.,image,4:5,mountain,img_jersey:Image|jersey:Noun|cold weather essentials:Phrase
ad_02333,2024-05,240.82,910.79,16389,163,3,new shorts collection,Ride ready. Try 20 our shorts today.,image,4:5,gravel,img_shorts:Image|shorts:Noun|descend:Verb
ad_02334,2024-05,134.28,322.25,29331,216,3,new shell collection,Ride ready. Try our shell today. ☀️,image,1:1,casual,img_shell:Image|shell:Noun|climb:Verb
ad_02335,2024-05,160.93,263.2,20678,129,1,wardrobe for every layer,Ride ready. Try our wardrobe today.,image,9:16,commute,img_wardrobe:Image|wardrobe:Noun|adventure awaits:Phrase
ad_02336,2024-05,185.11,768.25,15933,185,5,new armwarmers collection,Our armwarmers lets you push better.,video,1:1,gravel,vid_armwarmers:Video
ad_02337,2024-06,188.58,382.59,12653,62,1,9 new tights collection,shred further in our new tights.,video,4:5,sale,vid_tights:Video|shred:Verb
ad_02338,2024-06,164.66,597.66,4857,59,2,wardrobe for every shred,8 Built to shred. Premium wardrobe.,image,9:16,adventure,img_wardrobe:Image|shred:Verb|lightweight layers:Phrase
ad_02339,2024-06,212.75,1242.04,22016,300,7,armwarmers for every descend,descend further 26 in our new armwarmers.,video,9:16,accessories,vid_armwarmers:Video|descend:Verb|race day ready:Phrase
ad_02340,2024-06,196.04,1028.94,14745,148,3,baselayer for every climb,Built 13 to climb. Premium baselayer.,image,4:5,urban,img_baselayer:Image|all day comfort:Phrase
ad_02341,2024-06,171.42,286.42,5678,25,0,wardrobe for every pedal,Ride ready. Try our wardrobe today.,image,4:5,sale,img_wardrobe:Image
ad_02342,2024-06,194.57,262.21,21830,182,3,10 jersey for every climb,Our jersey lets you climb better.,image,9:16,mountain,img_jersey:Image|climb:Verb|trail tested:Phrase
ad_02343,2024-06,271.25,1870.52,21913,293,10,premium shorts built to conquer,Built to conquer. Premium shorts.,video,4:5,mountain,vid_shorts:Video|shorts:Noun|conquer:Verb|cold weather essentials:Phrase
ad_02344,2024-06,146.73,1003.09,8433,102,3,new kit collection,12 explore further in our new kit.,video,1:1,adult,vid_kit:Video|kit:Noun|race day ready:Phrase
ad_02345,2024-06,411.19,751.58,11257,75,1,premium shorts built to gear,"Engineered for performance on every terrain. Our shorts is designed to help you gear with total confidence, whether you are on a mountain pass or a city commute through changing weather.",image,1:1,adult,img_shorts:Image|shorts:Noun|gear:Verb
ad_02346,2024-06,616.12,1716.38,12805,75,1,descend 4 further in our vest,Ride ready. Try our 26 vest today. 🌧️,video,9:16,commute,vid_vest:Video|vest:Noun|descend:Verb|built to last:Phrase
ad_02347,2024-06,150.3,1196.66,12489,162,5,bibs for every gear,Ride ready. Try our bibs today. 🌧️,video,4:5,gravel,vid_bibs:Video|bibs:Noun|gear:Verb
ad_02348,2024-06,787.57,6100.86,24306,391,13,11 the baselayer you need to gear,"Built for the long haul. Our premium baselayer combines technical fabrics with a refined fit so you can gear harder and go further, no matter what the forecast brings this season.",image,4:5,adventure,img_baselayer:Image|baselayer:Noun|gravel ready:Phrase
ad_02349,2024-06,60.63,208.48,12063,81,1,premium shorts built to race,"Built for the long haul. Our premium shorts combines technical fabrics with a refined fit so you can race harder and go further, no matter what the forecast brings 14 this season.",image,9:16,accessories,img_shorts:Image|shorts:Noun|race:Verb
ad_02350,2024-06,156.89,151.62,13311,82,1,climb further 3 in our armwarmers,climb further in our new armwarmers.,image,1:1,road,img_armwarmers:Image|armwarmers:Noun|climb:Verb
ad_02351,2024-06,129.07,484.28,21565,169,3,new jersey collection,Our jersey lets you climb better.,video,1:1,road,vid_jersey:Video|jersey:Noun|climb:Verb
ad_02352,2024-06,244.15,740.39,18299,143,2,bibs 19 for every gear,Ride 26 ready. Try our bibs today. ❄️,video,9:16,road,vid_bibs:Video|gear:Verb
ad_02353,2024-06,177.02,771.41,21978,343,11,layer further 19 in our kit,Ride ready. Try our kit today.,image,4:5,adventure,img_kit:Image|kit:Noun|layer:Verb|race day ready:Phrase
ad_02354,2024-06,148.84,333.98,5434,37,1,premium armwarmers built 20 to sprint,Our armwarmers lets you sprint better.,video,1:1,commute,vid_armwarmers:Video|armwarmers:Noun|sprint:Verb|cold weather essentials:Phrase
ad_02355,2024-06,269.2,230.45,24637,168,2,new 17 jersey collection,Ride ready. Try our jersey today.,image,9:16,accessories,img_jersey:Image|jersey:Noun|train:Verb|gear up for summer:Phrase
ad_02356,2024-06,374.89,1682.96,10318,106,3,the tights you need to push,Our tights lets you push better. ☀️,image,4:5,gravel,img_tights:Image|tights:Noun|gear up for summer:Phrase
ad_02357,2024-06,370.97,739.82,11756,68,1,new 18 armwarmers collection,Built to layer. Premium armwarmers. 🚴,video,1:1,sale,vid_armwarmers:Video|armwarmers:Noun|layer:Verb|trail tested:Phrase
ad_02358,2024-06,96.97,173.47,37307,222,3,premium bibs built to conquer,Our bibs lets you conquer better.,image,4:5,adult,img_bibs:Image|bibs:Noun|conquer:Verb
ad_02359,2024-06,170.01,877.06,28632,286,8,bibs for 29 every push,Built to push. 4 Premium bibs. 🌧️,image,4:5,gravel,img_bibs:Image|bibs:Noun|push:Verb|gravel ready:Phrase
ad_02360,2024-06,144.4,932.97,24707,316,8,new bibs collection,"Engineered for performance on every terrain. Our bibs is designed to help you sprint with total confidence, whether you are on a mountain pass or a city commute through changing weather.",video,1:1,adult,vid_bibs:Video|bibs:Noun|sprint:Verb|gravel ready:Phrase
ad_02361,2024-06,165.97,718.7,51021,542,16,push 10 further in our cap,"Lightweight and breathable, this cap keeps you comfortable from the first pedal stroke to the last. Designed for riders who push in all conditions and demand the very best from their gear.",video,1:1,gravel,vid_cap:Video|cap:Noun|push:Verb|your spring wardrobe:Phrase
ad_02362,2024-06,411.69,679.08,17412,116,1,jacket for every ride,ride further in 28 our new jacket.,image,9:16,commute,img_jacket:Image|ride:Verb
ad_02363,2024-06,129.22,657.69,12278,131,3,train further in our baselayer,Ride 9 ready. Try our baselayer today.,image,4:5,casual,img_baselayer:Image|baselayer:Noun|train:Verb|race day ready:Phrase
ad_02364,2024-06,103.44,564.85,29619,414,12,new shorts collection,Built to push. Premium shorts.,video,9:16,adventure,vid_shorts:Video
ad_02365,2024-07,125.53,1027.35,8245,91,2,pedal further in our baselayer,"Lightweight and breathable, this baselayer keeps you comfortable from the first pedal stroke to the last. Designed for riders who pedal in all conditions and demand the very best from their gear.",video,4:5,commute,vid_baselayer:Video|gear up for summer:Phrase
ad_02366,2024-07,80.85,255.15,11164,84,1,pedal further in our wardrobe,"Engineered for performance on every terrain. Our wardrobe is designed to help you pedal with total confidence, whether you are on a mountain pass or a city commute through changing weather.",image,4:5,road,img_wardrobe:Image|wardrobe:Noun
ad_02367,2024-07,210.7,969.88,18488,198,4,new bibs collection,gear further in our new bibs. 🏔️,image,4:5,mountain,img_bibs:Image|bibs:Noun
ad_02368,2024-07,666.47,448.0,15720,72,1,the jacket you need 3 to cruise,Ride ready. Try our jacket today.,image,9:16,sale,img_jacket:Image|cruise:Verb
ad_02369,2024-07,77.35,196.22,9677,85,2,the jacket you need to sprint,Our jacket lets you sprint better.,image,1:1,casual,img_jacket:Image|all day comfort:Phrase
ad_02370,2024-07,106.93,387.33,16454,170,4,new 4 kit collection,Ride ready. Try our kit today.,video,9:16,adventure,vid_kit:Video|kit:Noun|gear up for summer:Phrase
ad_02371,2024-07,494.75,2648.57,11220,168,4,new shell collection,climb further in our new shell.,image,4:5,adventure,img_shell:Image|shell:Noun|new arrivals:Phrase
ad_02372,2024-07,196.84,601.23,35739,225,3,the shorts you need to explore,Built to explore. Premium shorts. ❄️,image,4:5,commute,img_shorts:Image
ad_02373,2024-07,233.46,560.87,28809,202,3,new tights collection,"Built for the long haul. Our premium tights combines technical fabrics with a refined fit so you can layer harder and go further, no matter what the forecast brings this season.",image,9:16,casual,img_tights:Image
ad_02374,2024-07,255.49,1891.14,28483,278,6,conquer further in our cap,"Lightweight and breathable, this cap keeps you comfortable from the first pedal stroke to the last. Designed for riders 11 who conquer in all conditions and demand the very best from their gear. ☀️",video,1:1,accessories,vid_cap:Video|cap:Noun|conquer:Verb|new arrivals:Phrase
ad_02375,2024-07,148.22,304.59,15388,94,1,the 28 jersey you need to gear,gear further in 25 our new jersey.,image,4:5,road,img_jersey:Image|jersey:Noun
ad_02376,2024-07,206.98,624.79,19315,205,4,bibs for every push,Ride ready. Try our bibs today.,image,1:1,mountain,img_bibs:Image|bibs:Noun|new arrivals:Phrase
ad_02377,2024-07,227.53,903.33,11474,131,3,11 new shorts collection,layer further in our new shorts.,video,9:16,adventure,vid_shorts:Video|shorts:Noun
ad_02378,2024-07,384.75,466.22,13501,71,1,cruise further in our kit,Our kit lets you cruise better.,image,1:1,road,img_kit:Image|kit:Noun|cruise:Verb
ad_02379,2024-07,234.45,1272.84,17141,167,4,new shell collection,"Built for the long haul. Our premium shell combines technical fabrics with a refined fit so you can gear harder and go further, no matter what the forecast brings this season.",video,4:5,road,vid_shell:Video|shell:Noun|gear:Verb
ad_02380,2024-07,184.99,750.44,17790,119,2,premium wardrobe built to explore,Built 18 to explore. Premium wardrobe.,video,1:1,adult,vid_wardrobe:Video|wardrobe:Noun|explore:Verb
ad_02381,2024-07,142.06,959.02,17496,193,4,new gloves collection,Ride 16 ready. Try our gloves today.,image,4:5,mountain,img_gloves:Image|new arrivals:Phrase
ad_02382,2024-07,88.66,390.65,15598,122,2,wardrobe for every train,Built to train. Premium wardrobe.,video,4:5,adult,vid_wardrobe:Video|wardrobe:Noun
ad_02383,2024-07,193.98,296.28,9513,60,1,premium jersey 15 built to cruise,cruise further in our new jersey.,image,1:1,road,img_jersey:Image|jersey:Noun|trail tested:Phrase
ad_02384,2024-07,67.52,179.39,26298,255,5,new baselayer collection,"Built for the long haul. Our premium baselayer combines technical fabrics with a refined fit so you can conquer harder and go further, no matter what the forecast brings this season.",image,9:16,mountain,img_baselayer:Image
ad_02385,2024-07,142.34,551.91,6886,72,1,the socks you need to cruise,Built to cruise. Premium socks.,image,4:5,urban,img_socks:Image|socks:Noun|cruise:Verb|adventure awaits:Phrase
ad_02386,2024-07,130.12,913.47,13462,148,4,baselayer for every explore,explore further in our new baselayer.,video,4:5,urban,vid_baselayer:Video|baselayer:Noun|gear up for summer:Phrase
ad_02387,2024-07,97.82,484.28,32950,321,8,wardrobe for every train,Our wardrobe 2 lets you train better.,image,4:5,gravel,img_wardrobe:Image|wardrobe:Noun|train:Verb
ad_02388,2024-07,218.83,333.38,22631,144,2,the bibs you need to ride,Our bibs lets you ride better.,image,1:1,road,img_bibs:Image|bibs:Noun
ad_02389,2024-07,69.48,100.68,4955,29,0,new 8 armwarmers collection,shred further in our new armwarmers.,image,1:1,urban,img_armwarmers:Image|armwarmers:Noun
ad_02390,2024-07,39.64,46.49,11958,76,1,conquer further in our shell,Our shell lets you conquer better.,image,9:16,commute,img_shell:Image|shell:Noun
ad_02391,2024-07,396.29,661.0,7171,45,1,premium vest built to train,Ride ready. Try our vest today.,image,4:5,sale,img_vest:Image|train:Verb
ad_02392,2024-07,189.85,1193.27,20079,209,5,premium vest built to descend,"Engineered for performance on every terrain. Our vest is designed to help you descend with total confidence, whether you are on a mountain pass or a city commute through changing weather.",video,4:5,accessories,vid_vest:Video|vest:Noun
ad_02393,2024-07,381.42,829.58,26845,175,2,armwarmers for every layer,Ride ready. Try our armwarmers today.,image,4:5,road,img_armwarmers:Image|layer:Verb
ad_02394,2024-07,78.93,485.92,16608,138,3,new baselayer collection,Ride ready. Try our baselayer today. 🚴,video,4:5,road,vid_baselayer:Video|baselayer:Noun
ad_02395,2024-07,332.8,1430.35,9848,99,2,ride further in our tights,"Built for the long haul. Our premium tights combines technical fabrics with a refined fit so you can ride harder and go further, no matter what the forecast brings this season.",video,9:16,casual,vid_tights:Video|tights:Noun|ride:Verb|ride in comfort:Phrase
ad_02396,2024-07,510.88,1099.99,3942,28,0,train further in our kit,"Lightweight and breathable, this kit keeps you comfortable from the first pedal stroke to the last. Designed for riders who train in all conditions and demand the very best from their gear.",image,9:16,accessories,img_kit:Image|train:Verb|gravel ready:Phrase
ad_02397,2024-07,317.26,834.95,28684,217,3,premium 17 vest built to race,"Engineered for performance on every terrain. Our vest is designed to help you race with total confidence, whether you are on a mountain pass or a city commute through changing weather. 🚴",video,1:1,sale,vid_vest:Video|vest:Noun|race:Verb
ad_02398,2024-07,170.57,649.44,35970,226,4,the vest you need to gear,"Lightweight and breathable, this vest keeps you comfortable from the first pedal stroke to the last. Designed for riders who gear in all conditions and demand the very best from their gear.",image,4:5,accessories,img_vest:Image
ad_02399,2024-07,174.78,1352.29,9894,153,4,ride further in our socks,"Lightweight and breathable, this socks keeps you comfortable from the first pedal stroke to the last. Designed for riders who ride in 22 all conditions and demand the very best from their gear.",video,9:16,mountain,vid_socks:Video|socks:Noun|ride:Verb|gear up for summer:Phrase
ad_02400,2024-07,130.72,331.59,19399,197,4,new 8 baselayer collection,Ride ready. Try our baselayer today.,video,1:1,road,vid_baselayer:Video|descend:Verb|all day comfort:Phrase
ad_02401,2024-07,212.57,997.9,13494,112,2,premium shell built to pedal,Built to pedal. 24 Premium shell. 🏔️,image,4:5,sale,img_shell:Image|shell:Noun|built to last:Phrase
ad_02402,2024-08,144.17,304.18,17013,102,1,new socks collection,Ride ready. Try our socks today.,image,4:5,road,img_socks:Image
ad_02403,2024-08,70.8,157.65,19769,165,3,conquer further in our baselayer,conquer further in our new baselayer.,image,1:1,commute,img_baselayer:Image|baselayer:Noun|gravel ready:Phrase
ad_02404,2024-11,440.46,572.66,34797,150,1,6 cap for every explore,Ride ready. Try our cap today.,video,9:16,accessories,vid_cap:Video|cap:Noun
ad_02405,2024-11,385.42,1005.7,38571,231,3,race further 7 in our armwarmers,race further in our new armwarmers.,video,4:5,casual,vid_armwarmers:Video|armwarmers:Noun|race:Verb|your spring wardrobe:Phrase
ad_02406,2024-11,806.77,2229.72,28325,160,2,cap for every pedal,Built to pedal. 25 Premium cap.,image,4:5,road,img_cap:Image|cap:Noun|pedal:Verb|built to last:Phrase
ad_02407,2024-11,163.35,460.83,21569,128,1,race further in our tights,race further in our 11 new tights.,video,1:1,accessories,vid_tights:Video|tights:Noun
ad_02408,2024-11,223.58,580.75,16061,92,1,shred further 22 in our baselayer,Our baselayer lets you shred better.,video,4:5,road,vid_baselayer:Video|baselayer:Noun|your spring wardrobe:Phrase
ad_02409,2024-11,244.68,833.92,28468,232,4,shred further in our baselayer,Built to 28 shred. Premium baselayer.,image,4:5,commute,img_baselayer:Image|baselayer:Noun|shred:Verb
ad_02410,2024-11,96.37,206.62,20826,182,3,the bibs you need to ride,"Lightweight and breathable, this bibs keeps you comfortable from the first pedal stroke to the last. Designed for riders who ride in all conditions and demand the very best from their gear.",image,9:16,commute,img_bibs:Image|bibs:Noun|ride:Verb|race day ready:Phrase
ad_02411,2024-11,81.11,70.09,15261,54,0,premium wardrobe built 8 to explore,Ride ready. Try our wardrobe today.,image,1:1,adult,img_wardrobe:Image|wardrobe:Noun|explore:Verb
ad_02412,2024-11,187.87,250.87,31153,145,2,the cap you need to descend,Built to descend. Premium cap.,image,1:1,accessories,img_cap:Image|cap:Noun|gravel ready:Phrase
ad_02413,2024-11,150.09,213.36,14539,57,0,premium armwarmers built to descend,13 Our armwarmers lets you descend better.,image,4:5,adventure,img_armwarmers:Image|descend:Verb|adventure awaits:Phrase
ad_02414,2024-11,71.29,65.68,11485,24,0,12 vest for every pedal,"Built for the long haul. Our premium vest combines technical fabrics with a refined fit so you can pedal harder and go further, no matter what the forecast brings this season.",image,4:5,adventure,img_vest:Image|vest:Noun|pedal:Verb
ad_02415,2024-11,213.91,416.45,4272,24,0,the wardrobe you need to shred,Built to shred. Premium wardrobe.,image,4:5,casual,img_wardrobe:Image|wardrobe:Noun|shred:Verb|built to last:Phrase
ad_02416,2024-11,129.49,140.04,7742,40,0,the shell you need 15 to conquer,conquer further in our new shell.,video,1:1,urban,vid_shell:Video|shell:Noun|conquer:Verb
ad_02417,2024-11,211.11,80.68,21133,49,0,8 new jersey collection,pedal further in our new jersey.,image,9:16,adventure,img_jersey:Image|jersey:Noun
ad_02418,2024-11,286.63,805.37,5827,36,0,new shell collection,9 Our shell lets you train better.,image,4:5,adult,img_shell:Image|shell:Noun|built to last:Phrase
ad_02419,2024-11,67.06,100.77,9472,40,0,the jersey you need to cruise,"Lightweight and breathable, this jersey keeps you comfortable from the first pedal stroke to the last. Designed for riders who cruise in all conditions and demand the very best from their gear.",image,1:1,gravel,img_jersey:Image|jersey:Noun
ad_02420,2024-11,123.49,303.35,32086,162,2,the wardrobe you need 15 to train,Our 16 wardrobe lets you train better.,video,9:16,gravel,vid_wardrobe:Video|all day comfort:Phrase
ad_02421,2024-11,302.39,1713.08,20593,155,2,sprint further in our gloves,"Built for the long haul. Our premium gloves combines technical fabrics with a refined fit so you can sprint harder and go further, no matter what the forecast brings this season.",video,4:5,urban,vid_gloves:Video|gloves:Noun|new arrivals:Phrase
ad_02422,2024-11,160.81,447.91,31455,177,2,push further 5 in our cap,Our cap lets you 10 push better.,image,4:5,commute,img_cap:Image|push:Verb|new arrivals:Phrase
ad_02423,2024-11,360.27,2339.64,11409,69,1,new shell collection,"Lightweight and breathable, this shell keeps you comfortable from the first pedal stroke to the last. Designed for riders who conquer in all conditions 18 and demand the very best from their gear.",video,4:5,urban,vid_shell:Video|shell:Noun
ad_02424,2024-11,348.77,1231.13,9774,74,1,new shorts collection,Built to climb. 10 Premium shorts. 🚴,video,1:1,accessories,vid_shorts:Video
ad_02425,2024-11,32.63,50.29,12934,42,0,new 12 tights collection,cruise further in our new tights.,video,4:5,sale,vid_tights:Video|tights:Noun|cruise:Verb|built to last:Phrase
ad_02426,2024-11,145.95,120.1,21819,46,0,explore further in our jacket,Our jacket lets you 24 explore better.,image,9:16,adventure,img_jacket:Image|lightweight layers:Phrase
ad_02427,2024-11,72.88,53.23,7835,36,0,premium socks built to push,Built to push. Premium socks.,image,9:16,accessories,img_socks:Image|push:Verb
ad_02428,2024-11,126.44,322.54,17112,86,1,kit 16 for every descend,descend further 7 in our new kit.,video,1:1,road,vid_kit:Video|kit:Noun
ad_02429,2024-11,213.0,258.18,35883,123,1,premium shorts 9 built to cruise,cruise further in our new shorts. ❄️,image,4:5,mountain,img_shorts:Image|shorts:Noun|your spring wardrobe:Phrase
ad_02430,2024-11,165.11,375.28,7696,44,0,kit for every pedal,"Lightweight and breathable, this kit keeps you comfortable from the first pedal stroke to the last. Designed 23 for riders who pedal in all conditions and demand the very best from their gear.",image,9:16,urban,img_kit:Image|kit:Noun|your spring wardrobe:Phrase
ad_02431,2024-11,140.13,165.39,21002,62,0,premium 4 shell built to gear,"Built for the long haul. Our premium shell combines technical fabrics with a refined fit so you can gear harder and go further, no matter what the forecast brings this season.",video,1:1,adventure,vid_shell:Video|shell:Noun
ad_02432,2024-11,77.03,89.1,23969,80,1,premium wardrobe built to sprint,Ride ready. Try our wardrobe today.,image,4:5,mountain,img_wardrobe:Image|wardrobe:Noun|sprint:Verb
ad_02433,2024-11,152.82,485.37,28269,223,4,armwarmers for every climb,climb further in our new armwarmers.,video,9:16,commute,vid_armwarmers:Video|armwarmers:Noun|climb:Verb|ride in comfort:Phrase
ad_02434,2024-11,117.11,119.76,13259,55,0,10 cruise further in our kit,Our kit lets you cruise better.,image,1:1,casual,img_kit:Image|kit:Noun
ad_02435,2024-11,752.13,1530.06,13616,78,1,premium 3 jersey built to climb,Built to climb. Premium jersey. ⛰️,image,4:5,commute,img_jersey:Image|jersey:Noun
ad_02436,2024-11,154.23,212.12,13826,59,1,premium bibs built to race,race further in our new bibs.,image,1:1,mountain,img_bibs:Image|bibs:Noun|new arrivals:Phrase
ad_02437,2024-11,228.88,331.07,18921,107,1,new wardrobe collection,Built to pedal. Premium wardrobe.,image,4:5,casual,img_wardrobe:Image|wardrobe:Noun|pedal:Verb
ad_02438,2024-11,396.27,458.25,10413,43,0,premium shell built to gear,Ride ready. Try our shell today.,image,9:16,casual,img_shell:Image|shell:Noun|gear:Verb
ad_02439,2024-11,243.22,581.12,8156,44,0,4 cruise further in our socks,cruise further in our new socks.,video,4:5,accessories,vid_socks:Video|socks:Noun|cruise:Verb|your spring wardrobe:Phrase
ad_02440,2024-11,73.76,296.06,7512,50,1,the socks you need to shred,"Engineered for performance on every terrain. Our socks is designed to help you shred with total confidence, whether you are on a mountain pass or a city commute through changing weather.",video,9:16,commute,vid_socks:Video|socks:Noun
ad_02441,2024-11,54.52,88.44,24242,108,1,new jacket collection,"Engineered for performance on every terrain. Our jacket is designed to help you pedal with total confidence, whether you are on a mountain pass or a city commute through changing weather.",image,1:1,mountain,img_jacket:Image|ride in comfort:Phrase
ad_02442,2024-11,158.65,241.0,35495,132,1,bibs for every train,train further in our new bibs.,image,4:5,mountain,img_bibs:Image|bibs:Noun
ad_02443,2024-11,176.97,350.72,15274,90,1,explore further in our baselayer,explore 18 further in our new baselayer.,image,1:1,commute,img_baselayer:Image|baselayer:Noun|explore:Verb
ad_02444,2024-11,132.18,207.37,8223,33,0,shorts for every train,"Built for the long haul. Our premium shorts combines technical fabrics with a refined fit so you can train harder and go further, no matter what the forecast brings this season.",video,9:16,adventure,vid_shorts:Video|shorts:Noun|lightweight layers:Phrase
ad_02445,2024-11,134.37,133.26,39537,134,1,premium tights built to ride,Built to ride. Premium tights.,image,4:5,sale,img_tights:Image|tights:Noun
ad_02446,2024-11,59.48,99.95,10504,35,0,premium cap built to shred,Ride ready. Try our cap today.,video,4:5,adventure,vid_cap:Video|cap:Noun
ad_02447,2024-11,70.19,74.42,8569,46,0,tights for every conquer,Our tights lets you conquer better.,image,1:1,road,img_tights:Image|cold weather essentials:Phrase
ad_02448,2024-11,176.92,277.4,34620,175,2,premium jacket built to cruise,Our jacket lets you cruise better. 🔥,image,1:1,urban,img_jacket:Image|jacket:Noun|your spring wardrobe:Phrase
ad_02449,2024-11,136.11,251.48,7532,26,0,cruise further in our jersey,Built to cruise. Premium jersey.,video,4:5,adventure,vid_jersey:Video|jersey:Noun|cruise:Verb
ad_02450,2024-11,147.99,477.02,19098,161,3,vest for every push,Ride ready. Try our vest today.,video,1:1,commute,vid_vest:Video|vest:Noun|push:Verb
ad_02451,2024-11,146.3,291.53,22444,100,1,new baselayer collection,Ride ready. 26 Try our baselayer today.,video,1:1,adventure,vid_baselayer:Video|baselayer:Noun|trail tested:Phrase
ad_02452,2024-11,67.49,74.49,13542,67,1,6 train further in our jacket,Built to train. Premium jacket.,image,1:1,urban,img_jacket:Image|all day comfort:Phrase
ad_02453,2024-11,169.74,255.42,26469,102,1,new jacket collection,"Engineered for performance on every terrain. Our jacket is designed to help you conquer with total confidence, whether you are on a mountain pass or a city commute through changing weather.",image,1:1,accessories,img_jacket:Image|jacket:Noun|conquer:Verb
ad_02454,2024-11,281.56,495.01,35781,211,3,new cap collection,"Lightweight and breathable, this cap keeps you comfortable from the first pedal stroke to the last. Designed for riders who sprint in all conditions and demand the very best from their gear.",image,9:16,commute,img_cap:Image|cap:Noun
ad_02455,2024-11,116.44,268.47,22770,165,3,new bibs collection,"Engineered for performance on every terrain. Our bibs is designed to help you gear with total confidence, whether you are on a mountain pass or a city commute through changing weather.",image,1:1,commute,img_bibs:Image|bibs:Noun|gear:Verb|built to last:Phrase
ad_02456,2024-11,134.03,297.69,15298,89,1,new wardrobe collection,gear 4 further in our new wardrobe. ⛰️,image,9:16,commute,img_wardrobe:Image|wardrobe:Noun
ad_02457,2024-11,161.35,384.95,15741,70,1,the gloves you need to race,Our gloves lets you race better.,video,4:5,sale,vid_gloves:Video|race:Verb|gravel ready:Phrase
ad_02458,2024-11,413.14,707.3,16011,80,1,the jersey you need to climb,Built to climb. Premium jersey.,image,4:5,road,img_jersey:Image|climb:Verb|gear up for summer:Phrase
ad_02459,2024-11,91.58,223.97,14845,80,1,the baselayer you need to sprint,Built to 11 sprint. Premium baselayer.,image,4:5,road,img_baselayer:Image|baselayer:Noun
ad_02460,2024-11,253.54,259.38,11901,51,0,new vest collection,Built to layer. Premium vest. ☀️,image,9:16,gravel,img_vest:Image
ad_02461,2024-11,156.26,387.4,14651,77,1,the armwarmers you need to ride,Built to ride. Premium armwarmers. 🏔️,image,4:5,urban,img_armwarmers:Image|ride:Verb|your spring wardrobe:Phrase
ad_02462,2024-11,36.07,59.29,32629,154,2,wardrobe for every climb,"Built for the long haul. Our premium wardrobe combines technical fabrics 13 with a refined fit so you can climb harder and go further, no matter what the forecast brings this season.",image,9:16,accessories,img_wardrobe:Image|climb:Verb
ad_02463,2024-11,182.4,333.98,19226,125,2,layer further in our shorts,Our shorts lets you layer better.,video,1:1,gravel,vid_shorts:Video|shorts:Noun
ad_02464,2024-11,205.82,233.68,14441,70,1,15 new baselayer collection,"Lightweight and breathable, this baselayer keeps you comfortable from the first pedal stroke to the last. Designed for riders who climb in all conditions and demand the very best from their gear. ☀️",image,1:1,road,img_baselayer:Image|baselayer:Noun|climb:Verb|gear up for summer:Phrase
ad_02465,2024-11,179.99,748.04,18814,112,2,jacket for every ride,Our jacket lets you ride better.,video,4:5,adult,vid_jacket:Video|jacket:Noun|lightweight layers:Phrase
ad_02466,2024-11,187.71,87.31,12184,29,0,premium jacket built to cruise,Built to cruise. Premium jacket.,image,9:16,adventure,img_jacket:Image|cruise:Verb|gravel ready:Phrase
ad_02467,2024-11,174.41,108.43,16980,51,0,premium jersey built to train,Our jersey lets you train better.,image,9:16,sale,img_jersey:Image|train:Verb
ad_02468,2024-11,258.23,177.61,8667,20,0,the cap you need to layer,layer further in our new cap. ❄️,image,1:1,adventure,img_cap:Image|cap:Noun|layer:Verb
ad_02469,2024-11,126.8,240.49,5251,27,0,wardrobe for every pedal,Built 6 to pedal. Premium wardrobe. ☀️,image,1:1,road,img_wardrobe:Image|wardrobe:Noun|pedal:Verb
ad_02470,2024-11,124.96,369.85,11552,78,1,premium bibs built to gear,"Engineered for performance on every terrain. Our bibs is designed to help you gear with total confidence, whether you are on a mountain pass or a city commute through changing weather. 💪",image,1:1,commute,img_bibs:Image|bibs:Noun|gear:Verb|new arrivals:Phrase
ad_02471,2024-11,353.58,795.32,12679,86,1,wardrobe for every descend,Our wardrobe lets you descend better.,video,1:1,road,vid_wardrobe:Video|descend:Verb|lightweight layers:Phrase
ad_02472,2024-11,195.55,391.51,37347,199,3,17 new jersey collection,Ride ready. Try our 2 jersey today.,video,1:1,gravel,vid_jersey:Video|jersey:Noun|push:Verb|ride in comfort:Phrase
ad_02473,2024-11,207.34,374.88,19916,75,1,cruise further in our jersey,Built to cruise. Premium jersey. 🌧️,image,4:5,mountain,img_jersey:Image|jersey:Noun
ad_02474,2024-11,322.55,1230.56,18415,122,2,armwarmers for every climb,Built 19 to climb. Premium armwarmers.,video,9:16,road,vid_armwarmers:Video|armwarmers:Noun|cold weather essentials:Phrase
ad_02475,2024-11,400.36,1375.58,64382,419,7,the wardrobe you need to sprint,Built to sprint. 18 Premium wardrobe. ❄️,video,1:1,road,vid_wardrobe:Video|sprint:Verb|built to last:Phrase
ad_02476,2024-11,185.5,660.01,32496,209,3,premium gloves built to race,"Engineered for performance on every terrain. Our gloves is designed to help you race with total confidence, whether you are on a 12 mountain pass or a city commute through changing weather.",image,4:5,casual,img_gloves:Image|gloves:Noun|race:Verb
ad_02477,2024-11,110.97,201.89,11498,70,1,the gloves you need to conquer,Built to conquer. Premium gloves.,video,9:16,road,vid_gloves:Video|gloves:Noun
ad_02478,2024-11,350.66,1144.96,20837,163,3,shorts for every shred,"Engineered for performance on every terrain. Our shorts is designed to help you shred with total confidence, whether you are on a mountain pass or a city commute through changing weather.",video,1:1,casual,vid_shorts:Video|shorts:Noun|shred:Verb|gravel ready:Phrase
ad_02479,2024-11,220.16,1966.81,12803,149,4,premium gloves built to ride,"Engineered for performance on every terrain. Our gloves is designed to help you ride with total confidence, whether you are on a mountain pass or a city commute through changing weather. 🚴",video,4:5,commute,vid_gloves:Video|gloves:Noun|adventure awaits:Phrase
ad_02480,2024-11,155.25,653.9,37789,344,6,new jacket collection,"Engineered for performance on every terrain. Our jacket is designed to help you climb with total confidence, whether you are on a mountain pass or a city commute through changing weather.",video,9:16,commute,vid_jacket:Video|jacket:Noun|climb:Verb|your spring wardrobe:Phrase
ad_02481,2024-11,72.95,150.67,19456,62,1,premium kit built to gear,Built to gear. Premium kit.,video,4:5,adventure,vid_kit:Video|kit:Noun|lightweight layers:Phrase
ad_02482,2024-11,142.37,151.5,27369,116,1,wardrobe for every shred,Built to shred. Premium wardrobe.,image,9:16,accessories,img_wardrobe:Image|gravel ready:Phrase
ad_02483,2024-11,115.88,178.21,20641,109,1,new cap collection,Our cap lets you ride better.,image,1:1,road,img_cap:Image|cap:Noun|ride:Verb|all day comfort:Phrase
ad_02484,2024-11,222.27,321.01,6651,37,0,armwarmers for every push,Ride ready. Try our armwarmers today.,image,9:16,commute,img_armwarmers:Image|armwarmers:Noun
ad_02485,2024-11,186.35,427.93,27182,143,2,gloves for every pedal,"Lightweight and breathable, this gloves keeps you comfortable from the first pedal stroke to the last. Designed for riders who pedal in all conditions and demand the very best from their gear.",image,4:5,accessories,img_gloves:Image|gloves:Noun
ad_02486,2024-11,182.2,163.72,21649,60,0,the vest you 19 need to cruise,Our vest lets you cruise better.,image,4:5,sale,img_vest:Image|vest:Noun
ad_02487,2024-11,165.09,230.08,17507,61,0,premium gloves built to ride,"Built for the long haul. Our premium gloves combines technical fabrics with a refined fit so you can ride harder and go further, no matter what the forecast brings this season.",video,1:1,adventure,vid_gloves:Video|gloves:Noun|ride:Verb
ad_02488,2024-11,212.18,387.49,7896,40,0,jacket for every ride,Ride ready. Try our jacket today.,video,1:1,mountain,vid_jacket:Video|jacket:Noun|ride:Verb|gear up for summer:Phrase
ad_02489,2024-11,254.9,164.12,18787,52,0,23 new socks collection,Our socks lets you layer better.,image,1:1,mountain,img_socks:Image|socks:Noun|layer:Verb
ad_02490,2024-11,187.26,376.44,10609,52,1,the kit you need to cruise,Ride ready. Try our kit today.,image,4:5,road,img_kit:Image|cruise:Verb|trail tested:Phrase
ad_02491,2024-11,167.48,251.46,5258,17,0,jacket for every sprint,sprint further in our new jacket.,video,1:1,adventure,vid_jacket:Video|adventure awaits:Phrase
ad_02492,2024-11,177.25,394.61,6999,31,0,the bibs you need to conquer,Ride ready. Try our bibs today.,video,1:1,mountain,vid_bibs:Video
ad_02493,2024-11,154.08,218.59,9864,47,0,the jacket you need to layer,layer further 24 in our new jacket.,image,1:1,road,img_jacket:Image|layer:Verb
ad_02494,2024-11,430.2,626.61,21395,87,1,premium socks built to shred,Ride ready. Try our socks today.,image,4:5,mountain,img_socks:Image|socks:Noun|shred:Verb|built to last:Phrase
ad_02495,2024-11,216.72,580.5,8857,50,1,jersey for every gear,24 Ride ready. Try our jersey today.,video,1:1,accessories,vid_jersey:Video|gear:Verb
ad_02496,2024-11,183.64,225.5,5484,22,0,jersey for every descend,Built to 23 descend. Premium jersey.,image,9:16,accessories,img_jersey:Image|jersey:Noun|descend:Verb|lightweight layers:Phrase
ad_02497,2024-11,339.99,753.69,14515,50,0,the bibs you need to shred,Ride ready. Try 14 our bibs today.,video,1:1,adventure,vid_bibs:Video|bibs:Noun|trail tested:Phrase
ad_02498,2024-11,63.6,140.43,16741,93,1,new wardrobe collection,"Built for the long haul. Our 4 premium wardrobe combines technical fabrics with a refined fit so you can cruise harder and go further, no matter what the forecast brings this season.",image,1:1,adult,img_wardrobe:Image|wardrobe:Noun|cruise:Verb|your spring wardrobe:Phrase
ad_02499,2024-11,187.02,256.1,7912,37,0,kit for every shred,Built to shred. Premium kit.,image,1:1,road,img_kit:Image|kit:Noun|shred:Verb|trail tested:Phrase
ad_02500,2024-11,206.68,366.61,47749,196,2,shorts for every sprint,25 Ride ready. Try our shorts today.,image,1:1,gravel,img_shorts:Image|cold weather essentials:Phrase
ad_02501,2024-11,142.91,196.44,13154,65,1,premium vest built to push,push further in our new vest. 🔥,image,1:1,accessories,img_vest:Image|vest:Noun
ad_02502,2024-11,152.9,133.43,26717,77,1,pedal further in our wardrobe,Ride ready. Try our wardrobe today. 🔥,image,1:1,sale,img_wardrobe:Image|wardrobe:Noun
ad_02503,2024-11,212.53,306.2,21605,88,1,the shell you need to train,"Engineered for performance on every terrain. Our shell is designed to help you train with total confidence, whether you are on a mountain pass or a city commute through changing weather. 🏔️",image,9:16,mountain,img_shell:Image
ad_02504,2024-11,266.65,425.24,18218,64,0,the wardrobe you need to train,train further in our new wardrobe.,video,4:5,adventure,vid_wardrobe:Video|wardrobe:Noun|train:Verb
ad_02505,2024-11,116.62,130.79,16411,74,1,push further in our bibs,Our bibs lets you push better.,image,9:16,road,img_bibs:Image|bibs:Noun|gravel ready:Phrase
ad_02506,2024-11,170.73,165.64,13814,42,0,10 new cap collection,gear further in our new cap.,image,4:5,mountain,img_cap:Image|cap:Noun
ad_02507,2024-11,326.2,443.3,9456,33,0,premium cap built to explore,"Lightweight and breathable, this cap keeps you comfortable from the first pedal stroke to the last. Designed for riders who explore in all conditions and demand the very best from their gear.",image,4:5,adventure,img_cap:Image|cap:Noun|explore:Verb|cold weather essentials:Phrase
ad_02508,2024-11,74.73,299.36,19874,121,1,the socks you need to ride,Our socks lets you ride better. 🌧️,video,4:5,mountain,vid_socks:Video
ad_02509,2024-11,145.5,506.87,13370,82,1,the jacket you need to cruise,cruise further in our new jacket.,video,4:5,gravel,vid_jacket:Video|jacket:Noun
ad_02510,2024-11,185.34,204.88,20559,93,1,the jersey you need to ride,Built to ride. Premium jersey.,image,1:1,road,img_jersey:Image|jersey:Noun|ride:Verb
ad_02511,2024-11,187.85,235.31,36283,98,1,the gloves you need to pedal,Built to 19 pedal. Premium gloves.,image,4:5,adventure,img_gloves:Image|gloves:Noun
ad_02512,2024-11,707.88,693.56,9550,47,1,the jacket you need to cruise,Ride ready. Try our jacket today.,image,9:16,casual,img_jacket:Image
ad_02513,2024-11,322.14,274.62,7713,34,0,9 new tights collection,Ride ready. Try our tights today.,image,9:16,road,img_tights:Image|tights:Noun|cold weather essentials:Phrase
ad_02514,2024-11,135.41,213.89,8543,47,1,the jacket you need to train,"Lightweight and breathable, this jacket keeps you comfortable from the first pedal stroke to the last. Designed for riders who train in all conditions and demand the very best from their gear.",image,1:1,adult,img_jacket:Image|jacket:Noun|train:Verb
ad_02515,2024-11,258.56,589.13,41684,203,2,descend further in 10 our socks,"Lightweight and breathable, this socks keeps you comfortable from the first pedal stroke to the last. Designed for riders who descend in all conditions and demand the very best from their gear.",video,1:1,accessories,vid_socks:Video|socks:Noun
ad_02516,2024-11,269.1,1180.58,10736,67,1,the shorts you need to layer,layer further in our new shorts. 🚴,video,4:5,accessories,vid_shorts:Video|your spring wardrobe:Phrase
ad_02517,2024-11,134.23,324.63,9530,52,1,sprint 19 further in our gloves,Ride ready. Try our gloves today. 🏔️,video,4:5,accessories,vid_gloves:Video|sprint:Verb
ad_02518,2024-11,422.86,1546.31,9706,59,1,bibs for every conquer,"Engineered for performance on every terrain. Our bibs is designed to help you conquer with total confidence, whether you are on a 12 mountain pass or a city commute through changing weather.",video,1:1,mountain,vid_bibs:Video|bibs:Noun
ad_02519,2024-11,330.37,1402.0,5618,36,0,premium jacket built to cruise,"Engineered for performance on every terrain. Our jacket is designed to help you cruise with total confidence, whether you are on a mountain pass or a city commute through changing weather.",video,4:5,mountain,vid_jacket:Video|built to last:Phrase
ad_02520,2024-11,109.4,112.26,22751,59,0,tights for 13 every gear,Ride 18 ready. Try our tights today.,video,1:1,adventure,vid_tights:Video|tights:Noun
ad_02521,2024-11,45.81,82.13,8956,34,0,new shorts collection,Ride ready. Try our shorts today.,video,4:5,adventure,vid_shorts:Video|shorts:Noun
ad_02522,2024-11,64.65,431.21,16147,95,2,the shorts you need to ride,"Lightweight and breathable, this shorts keeps you comfortable from the first pedal stroke to the last. Designed for riders who ride in all conditions 18 and demand the very best from their gear. 🚴",video,1:1,gravel,vid_shorts:Video|shorts:Noun|ride:Verb|all day comfort:Phrase
ad_02523,2024-11,234.83,463.75,26297,125,1,the socks you need to train,Built to train. Premium socks.,video,9:16,accessories,vid_socks:Video|socks:Noun
ad_02524,2024-11,34.59,15.64,21179,58,0,gloves for 10 every descend,descend further in our new gloves.,image,9:16,mountain,img_gloves:Image
ad_02525,2024-11,142.05,265.07,14411,87,1,10 shred further in our bibs,"Engineered 8 for performance on every terrain. Our bibs is designed to help you shred with total confidence, whether you are on a mountain pass or a city commute through changing weather. 🔥",image,1:1,casual,img_bibs:Image|bibs:Noun|shred:Verb|gravel ready:Phrase
ad_02526,2024-11,320.08,1182.91,7272,43,1,climb further in our jacket,"Lightweight and breathable, this jacket keeps you comfortable from the first pedal stroke to the last. Designed for riders who 19 climb in all conditions and demand the very best from their gear.",image,4:5,urban,img_jacket:Image|jacket:Noun|climb:Verb|lightweight layers:Phrase
ad_02527,2024-11,503.5,720.8,19291,73,0,conquer further in our bibs,"Built for the long haul. Our premium bibs combines technical fabrics with a refined fit so you can conquer harder and go further, no matter what the forecast brings this season. 🌧️",video,9:16,adventure,vid_bibs:Video|bibs:Noun
ad_02528,2024-11,105.87,156.01,25836,110,1,2 the wardrobe you need to shred,Ride ready. Try our wardrobe today.,image,4:5,casual,img_wardrobe:Image
ad_02529,2024-11,204.32,205.49,6078,17,0,premium tights built to push,"Lightweight and breathable, this tights keeps you comfortable from the first pedal stroke to the last. Designed for riders who push in all conditions and demand the very best from their gear. 🏔️",image,9:16,sale,img_tights:Image|tights:Noun|push:Verb
ad_02530,2024-11,178.48,344.74,15131,77,1,jacket for every climb,Our jacket lets you climb better.,video,1:1,gravel,vid_jacket:Video|jacket:Noun
ad_02531,2024-11,108.07,153.29,11704,54,1,the jacket you need to push,Our jacket lets you push better.,image,1:1,adult,img_jacket:Image|jacket:Noun|cold weather essentials:Phrase
ad_02532,2024-11,283.25,245.44,5198,18,0,shorts 29 for every cruise,cruise further in our new shorts. 🔥,image,1:1,road,img_shorts:Image|shorts:Noun|cruise:Verb
ad_02533,2024-11,103.89,198.67,14062,75,1,new 23 cap collection,"Engineered for performance on every terrain. Our cap is designed to help you gear with total confidence, whether you are on a mountain pass or a city commute through changing weather.",video,9:16,urban,vid_cap:Video|cap:Noun|gear:Verb|built to last:Phrase
ad_02534,2024-11,120.29,96.76,14722,40,0,shell for every explore,Ride ready. Try our shell today. 🚴,image,1:1,adventure,img_shell:Image|shell:Noun|explore:Verb|cold weather essentials:Phrase
ad_02535,2024-11,254.89,876.97,19451,137,2,armwarmers for every ride,Our armwarmers lets you 2 ride better.,video,1:1,casual,vid_armwarmers:Video|armwarmers:Noun
ad_02536,2024-11,418.32,380.97,23105,107,1,new tights collection,Our tights lets you climb better.,image,9:16,accessories,img_tights:Image
ad_02537,2024-11,98.03,236.73,38114,271,4,the jersey you need to layer,Ride ready. Try our jersey today. ☀️,video,1:1,casual,vid_jersey:Video
ad_02538,2024-11,580.19,960.24,20540,96,1,the 15 shorts you need to layer,Our shorts lets you layer better. 🏔️,video,1:1,urban,vid_shorts:Video|layer:Verb
ad_02539,2024-11,306.29,702.6,6486,56,1,new jersey collection,"Engineered for performance on every terrain. Our jersey is designed to help you sprint with total confidence, whether you are on a mountain pass or a city commute through changing weather. 💪",image,1:1,commute,img_jersey:Image|jersey:Noun|sprint:Verb|built to last:Phrase
ad_02540,2024-11,64.99,126.61,28865,184,3,premium bibs built to race,race further in our new bibs.,image,4:5,commute,img_bibs:Image|race:Verb
ad_02541,2024-11,53.7,74.09,16310,54,0,train further 23 in our shell,"Built for the long haul. Our premium shell combines technical fabrics with a refined fit so you can train harder and go further, no matter what the forecast brings this season.",video,1:1,adventure,vid_shell:Video|shell:Noun|lightweight layers:Phrase
ad_02542,2024-11,431.24,473.76,15870,73,1,the baselayer you need to shred,shred further in our new baselayer.,image,1:1,accessories,img_baselayer:Image|baselayer:Noun|shred:Verb|gear up for summer:Phrase
ad_02543,2024-11,364.14,1030.51,23729,149,2,9 cruise further in our jersey,"Engineered for performance on every terrain. Our jersey is designed to help you cruise with total confidence, whether you are on a mountain pass or a city 6 commute through changing weather.",image,4:5,casual,img_jersey:Image|jersey:Noun
ad_02544,2024-11,268.09,359.66,17052,81,1,cruise further in our jersey,cruise further in our new jersey.,image,9:16,casual,img_jersey:Image|jersey:Noun|gear up for summer:Phrase
ad_02545,2024-11,111.32,185.35,23491,147,2,new 29 gloves collection,Built to sprint. Premium gloves.,video,9:16,adult,vid_gloves:Video|built to last:Phrase
ad_02546,2024-11,112.64,120.29,4759,20,0,new baselayer collection,"Lightweight and breathable, this baselayer keeps you comfortable from the first pedal stroke to the last. Designed for riders who climb in all conditions and demand the very best from their gear. 🚴",image,9:16,mountain,img_baselayer:Image|baselayer:Noun|climb:Verb
ad_02547,2024-11,402.59,1442.35,18004,98,1,bibs for every push,Our bibs lets you push better.,video,4:5,gravel,vid_bibs:Video|bibs:Noun
ad_02548,2024-11,137.52,408.15,30073,165,2,premium jacket built to shred,Our jacket lets you shred better.,video,4:5,mountain,vid_jacket:Video|jacket:Noun|shred:Verb|adventure awaits:Phrase
ad_02549,2024-11,204.67,975.85,4689,31,0,the baselayer you need to race,"Built for the long haul. Our premium baselayer combines technical fabrics with a refined fit so you can race harder and go further, no matter what the forecast brings this season.",video,4:5,accessories,vid_baselayer:Video|race:Verb
ad_02550,2024-11,208.49,212.53,14713,61,0,cruise further in our wardrobe,Our wardrobe lets you cruise better.,image,9:16,urban,img_wardrobe:Image|wardrobe:Noun|cruise:Verb|cold weather essentials:Phrase
ad_02551,2024-11,391.51,1120.87,29545,171,2,race further in our gloves,"Built for the long haul. Our premium gloves combines technical fabrics with a refined fit so you can race harder and go further, no matter what the forecast brings this season.",video,4:5,sale,vid_gloves:Video|gloves:Noun|race:Verb
ad_02552,2024-11,139.39,121.15,10344,43,0,9 premium vest built to descend,Our vest lets you descend better.,image,9:16,adult,img_vest:Image|vest:Noun|descend:Verb|lightweight layers:Phrase
ad_02553,2024-11,270.87,758.73,14472,68,1,premium tights built to cruise,"Lightweight and breathable, this tights keeps you comfortable from the first pedal stroke to the last. Designed for riders who cruise in all conditions and demand the very best from their gear. ☀️",image,4:5,gravel,img_tights:Image
ad_02554,2024-11,393.48,1440.68,23992,179,2,new armwarmers collection,Our armwarmers lets you conquer better. 💪,video,4:5,gravel,vid_armwarmers:Video|armwarmers:Noun|conquer:Verb|gear up for summer:Phrase
ad_02555,2024-11,76.58,60.75,16268,58,0,premium gloves built 29 to descend,Built to descend. Premium gloves.,image,9:16,adult,img_gloves:Image|gloves:Noun|descend:Verb|lightweight layers:Phrase
ad_02556,2024-11,163.1,183.11,16526,72,1,wardrobe for every sprint,"Engineered for performance on every terrain. Our wardrobe is designed to help you sprint with total confidence, whether you are on a mountain pass or a city commute through changing weather.",image,9:16,gravel,img_wardrobe:Image|sprint:Verb
ad_02557,2024-11,95.88,82.04,35522,119,1,the tights you need to gear,Ride ready. Try our tights today.,image,9:16,mountain,img_tights:Image|tights:Noun|gear:Verb|lightweight layers:Phrase
ad_02558,2024-11,101.77,160.22,6298,23,0,push further in our socks,"Engineered for performance on every terrain. Our socks is designed to help you push with total confidence, whether you are on a mountain pass or a city commute through changing weather.",image,1:1,gravel,img_socks:Image|socks:Noun|push:Verb
ad_02559,2024-11,475.33,607.67,14088,54,0,26 new shell collection,9 Our shell lets you pedal better. 🏔️,image,9:16,gravel,img_shell:Image|new arrivals:Phrase
ad_02560,2024-11,70.87,209.43,9281,62,1,the tights you need to train,Ride ready. Try our tights today. ⛰️,video,1:1,adult,vid_tights:Video|tights:Noun
ad_02561,2024-11,144.92,55.94,20918,46,0,cap for 28 every ride,Ride ready. Try our cap today.,image,9:16,adventure,img_cap:Image
ad_02562,2024-11,117.81,766.91,13981,93,2,sprint further in our shell,"Engineered for performance on every terrain. Our shell is designed to help you sprint with total 10 confidence, whether you are on a mountain pass or a city commute through changing weather.",video,4:5,gravel,vid_shell:Video|gear up for summer:Phrase
ad_02563,2024-11,425.36,1503.75,8829,55,1,gloves for every climb,Ride ready. Try our gloves today.,video,1:1,commute,vid_gloves:Video|gloves:Noun
ad_02564,2024-11,62.15,80.83,13022,53,0,climb further in our bibs,6 Our bibs lets you climb better. 🌧️,image,1:1,mountain,img_bibs:Image|climb:Verb
ad_02565,2024-11,173.07,106.02,27846,80,0,new jersey collection,Our jersey lets you sprint better.,image,9:16,adventure,img_jersey:Image|sprint:Verb|all day comfort:Phrase
ad_02566,2024-11,243.16,813.57,11905,85,1,jersey 19 for every ride,"Built for the long 20 haul. Our premium jersey combines technical fabrics with a refined fit so you can ride harder and go further, no matter what the forecast brings this season.",image,4:5,casual,img_jersey:Image|jersey:Noun|lightweight layers:Phrase
ad_02567,2024-11,122.16,489.7,17897,118,1,new socks collection,"Built for the long haul. Our premium socks combines technical fabrics with a refined fit so you can explore harder and go further, no matter what the forecast brings this season.",video,1:1,accessories,vid_socks:Video|ride in comfort:Phrase
ad_02568,2024-11,209.98,990.01,31513,261,5,push further in our baselayer,"Engineered for performance on every terrain. Our baselayer is designed to help you push with total confidence, whether you are on a mountain pass 10 or a city commute through changing weather. 💪",image,4:5,commute,img_baselayer:Image|baselayer:Noun
ad_02569,2024-11,135.14,129.59,12238,42,0,premium baselayer built 8 to sprint,Our baselayer lets you sprint better. ❄️,image,1:1,accessories,img_baselayer:Image|baselayer:Noun
ad_02570,2024-11,242.43,225.6,28460,91,1,new cap collection,Ride ready. Try our cap today.,image,1:1,mountain,img_cap:Image|descend:Verb
ad_02571,2024-11,139.22,211.9,19305,93,1,new baselayer collection,pedal further in our new baselayer.,image,4:5,gravel,img_baselayer:Image
ad_02572,2024-11,338.8,458.78,18348,63,0,layer further in our jacket,"Engineered for performance on every terrain. Our jacket is designed to help you layer with total confidence, whether you are on a mountain pass or a city commute through changing weather.",video,9:16,adventure,vid_jacket:Video|jacket:Noun
ad_02573,2024-11,436.26,1441.3,20960,91,1,the tights you need to descend,descend further in our new tights.,video,4:5,mountain,vid_tights:Video
ad_02574,2024-11,59.68,107.64,26867,157,2,the tights you need to descend,Our tights lets you descend better.,image,4:5,adult,img_tights:Image
ad_02575,2024-11,167.61,141.14,9785,23,0,layer further in our wardrobe,Ride ready. Try our wardrobe today.,image,4:5,adventure,img_wardrobe:Image|wardrobe:Noun|layer:Verb
ad_02576,2024-11,255.15,184.6,26077,96,1,explore further 21 in our shell,Built to explore. Premium shell.,image,1:1,road,img_shell:Image|shell:Noun
ad_02577,2024-11,454.78,1828.53,41299,297,4,the vest you need to push,3 Our vest lets you push better.,video,4:5,urban,vid_vest:Video|push:Verb
ad_02578,2024-11,249.06,333.78,12025,53,0,cap for every sprint,Built to sprint. Premium cap.,image,1:1,gravel,img_cap:Image|cap:Noun|gravel ready:Phrase
ad_02579,2024-11,108.4,238.47,22245,134,2,new shell collection,push further in our new shell.,video,9:16,gravel,vid_shell:Video|shell:Noun|adventure awaits:Phrase
ad_02580,2024-11,134.42,1033.55,11870,100,2,premium armwarmers built to pedal,"6 Lightweight and breathable, this armwarmers keeps you comfortable from the first pedal stroke to the last. Designed for riders who pedal in all conditions and demand the very best from their gear.",video,4:5,accessories,vid_armwarmers:Video|armwarmers:Noun|cold weather essentials:Phrase
ad_02581,2024-11,82.76,140.82,14720,48,0,kit for every train,Our kit lets you train better.,video,4:5,adventure,vid_kit:Video|kit:Noun|train:Verb
ad_02582,2024-11,491.47,907.04,12166,47,0,premium armwarmers built to climb,climb 11 further in our new armwarmers.,video,1:1,sale,vid_armwarmers:Video|armwarmers:Noun
ad_02583,2024-11,127.85,422.36,17051,87,1,gloves for 8 every pedal,Ride ready. Try our gloves today. 🚴,video,4:5,road,vid_gloves:Video|gloves:Noun|pedal:Verb|ride in comfort:Phrase
ad_02584,2024-11,240.59,580.67,17054,118,2,premium tights built to climb,Ride ready. Try our tights today.,video,1:1,commute,vid_tights:Video|climb:Verb
ad_02585,2024-11,162.65,173.38,9571,30,0,pedal further in our wardrobe,"Engineered for performance on every terrain. Our wardrobe is designed to help you pedal with total confidence, whether you are on a mountain pass or a city commute through changing weather.",image,1:1,sale,img_wardrobe:Image|wardrobe:Noun
ad_02586,2024-11,212.12,297.05,37042,196,3,tights for every train,train further in our new tights. ❄️,image,9:16,casual,img_tights:Image|tights:Noun|trail tested:Phrase
ad_02587,2024-11,104.03,430.23,22377,179,3,the socks you need to ride,Built to ride. Premium socks. 🏔️,video,4:5,adult,vid_socks:Video|socks:Noun|lightweight layers:Phrase
ad_02588,2024-11,209.61,201.37,25273,109,1,the 20 shorts you need to conquer,Our shorts lets you conquer better.,image,4:5,accessories,img_shorts:Image|shorts:Noun
ad_02589,2024-11,221.62,364.45,16153,79,1,premium socks built to shred,Built to shred. Premium socks.,video,9:16,mountain,vid_socks:Video|shred:Verb|gravel ready:Phrase
ad_02590,2024-11,207.91,122.16,12085,28,0,the bibs you need to cruise,cruise further in our new bibs.,image,9:16,adventure,img_bibs:Image|bibs:Noun|cruise:Verb|trail tested:Phrase
ad_02591,2024-11,354.91,1298.57,30219,247,5,socks for every push,Built to push. Premium socks.,video,1:1,commute,vid_socks:Video
ad_02592,2024-11,432.38,502.07,18340,49,0,new 21 shorts collection,Ride ready. Try our shorts today.,video,4:5,adventure,vid_shorts:Video|shorts:Noun|explore:Verb
ad_02593,2024-11,345.11,448.73,16929,81,1,gear further 7 in our armwarmers,24 gear further in our new armwarmers. 🌧️,image,1:1,road,img_armwarmers:Image|armwarmers:Noun
ad_02594,2024-11,127.02,132.88,18987,46,0,the socks you need to race,race further in our new socks.,image,4:5,adventure,img_socks:Image|race:Verb
ad_02595,2024-11,212.82,282.45,10010,39,0,premium shell built to train,Ride ready. Try our shell today.,image,4:5,sale,img_shell:Image|shell:Noun|built to last:Phrase
ad_02596,2024-11,100.63,120.9,23323,121,1,the jersey you need to pedal,Ride ready. Try our jersey today.,image,9:16,casual,img_jersey:Image|jersey:Noun|adventure awaits:Phrase
ad_02597,2024-11,269.65,680.13,13802,88,1,train further in our cap,Ride ready. Try our cap today.,image,4:5,commute,img_cap:Image|cap:Noun
ad_02598,2024-11,160.94,406.56,13324,79,1,shred further in our jacket,"Lightweight and breathable, this jacket keeps you comfortable from the first pedal stroke to the last. Designed for riders who shred in all conditions and demand the very best from their gear.",image,1:1,casual,img_jacket:Image|jacket:Noun|gear up for summer:Phrase
ad_02599,2024-11,292.65,249.44,12127,32,0,premium jacket built to race,race further in our new jacket.,image,4:5,adventure,img_jacket:Image|jacket:Noun|race:Verb
ad_02600,2024-11,308.53,1319.56,6083,51,1,18 premium kit built to shred,2 Built to shred. Premium kit.,video,1:1,commute,vid_kit:Video|kit:Noun|race day ready:Phrase
ad_02601,2024-11,105.53,98.78,12847,43,0,premium baselayer 4 built to climb,Built to climb. Premium baselayer. 🚴,image,9:16,adult,img_baselayer:Image|baselayer:Noun|climb:Verb|cold weather essentials:Phrase
ad_02602,2024-11,284.66,657.59,21203,109,1,premium vest built to descend,Ride ready. Try our vest today.,image,4:5,accessories,img_vest:Image|vest:Noun|cold weather essentials:Phrase
ad_02603,2024-11,103.24,143.26,11286,45,0,new 2 baselayer collection,Built to shred. Premium baselayer.,video,1:1,gravel,vid_baselayer:Video|baselayer:Noun|shred:Verb
ad_02604,2024-11,220.02,106.79,29692,65,0,the 23 wardrobe you need to layer,Our wardrobe lets you layer better.,image,9:16,mountain,img_wardrobe:Image|wardrobe:Noun|layer:Verb
ad_02605,2024-11,330.62,628.18,18695,103,2,the baselayer you 29 need to cruise,Built to cruise. Premium baselayer.,image,4:5,commute,img_baselayer:Image|baselayer:Noun|cruise:Verb|race day ready:Phrase
ad_02606,2024-11,369.34,1563.5,7570,45,1,new socks collection,"Engineered for performance on every terrain. Our socks is designed to help you train with total confidence, whether you are on a mountain pass or a city commute through changing weather.",video,4:5,mountain,vid_socks:Video|socks:Noun
ad_02607,2024-11,550.65,3673.11,32530,330,8,17 the socks you need to climb,"Engineered for performance on every terrain. Our 6 socks is designed to help you climb with total confidence, whether you are on a mountain pass or a city commute through changing weather. 🚴",video,1:1,commute,vid_socks:Video|gravel ready:Phrase
ad_02608,2024-11,212.82,314.71,15939,112,2,explore further in our wardrobe,Ride ready. Try our wardrobe today. ❄️,image,9:16,adult,img_wardrobe:Image|explore:Verb|all day comfort:Phrase
ad_02609,2024-11,150.83,449.54,14845,87,1,the socks you need to cruise,"Built for the long haul. Our premium socks combines technical fabrics with a refined fit so you can cruise harder and go further, no matter what the forecast brings this season.",image,4:5,casual,img_socks:Image|socks:Noun
ad_02610,2024-11,238.92,377.86,22925,75,0,new tights collection,push further in our new tights.,video,1:1,adventure,vid_tights:Video|tights:Noun
ad_02611,2024-11,108.37,294.61,10161,61,1,push further in our gloves,Our gloves lets you 10 push better.,image,4:5,urban,img_gloves:Image|push:Verb|gravel ready:Phrase
ad_02612,2024-11,137.93,200.25,18679,89,1,the gloves you need to gear,gear further in our new gloves.,video,9:16,mountain,vid_gloves:Video
ad_02613,2024-11,515.61,563.28,26457,77,0,premium vest 28 built to cruise,Ride ready. Try our vest today.,video,1:1,adventure,vid_vest:Video|vest:Noun
ad_02614,2024-11,107.93,179.46,13569,78,1,new shell collection,"Lightweight and breathable, this shell keeps you comfortable from the first pedal stroke to the last. Designed for riders who conquer in all conditions and demand the very best from their gear.",image,1:1,urban,img_shell:Image
ad_02615,2024-11,202.83,418.63,16346,90,1,the socks you 10 need to race,race further in our new socks.,video,1:1,adult,vid_socks:Video
ad_02616,2024-11,150.88,576.46,13838,97,1,the gloves 23 you need to shred,shred further in 11 our new gloves.,video,4:5,casual,vid_gloves:Video|gloves:Noun|shred:Verb|built to last:Phrase
ad_02617,2024-11,118.97,171.42,11001,51,0,premium shell built to push,Our shell lets you push better.,image,4:5,road,img_shell:Image|push:Verb
ad_02618,2024-11,202.02,395.19,15255,53,0,premium tights built to explore,"Built for 13 the long haul. Our premium tights combines technical fabrics with a refined fit so you can explore harder and go further, no matter what the forecast brings this season.",image,4:5,adventure,img_tights:Image|tights:Noun
ad_02619,2024-11,158.34,247.82,15784,81,1,premium bibs built to sprint,Our bibs lets you sprint better.,image,4:5,accessories,img_bibs:Image|sprint:Verb|cold weather essentials:Phrase
ad_02620,2024-11,62.96,207.6,13844,81,1,the bibs you need to sprint,Ride ready. Try our bibs today. 💪,video,1:1,adult,vid_bibs:Video|bibs:Noun
ad_02621,2024-11,244.18,225.1,25686,89,1,5 shred further in our gloves,Built to shred. Premium gloves.,image,1:1,road,img_gloves:Image
ad_02622,2024-11,145.27,558.85,12135,68,1,premium jersey built to layer,"Built for the long haul. Our premium jersey combines technical fabrics with a refined fit so you can layer harder and go further, no matter what the forecast brings this season. 🔥",video,4:5,sale,vid_jersey:Video|layer:Verb|gravel ready:Phrase
ad_02623,2024-11,487.78,1027.92,37373,143,1,new 13 bibs collection,Ride 23 ready. Try our bibs today.,video,1:1,sale,vid_bibs:Video|bibs:Noun|cruise:Verb|race day ready:Phrase
ad_02624,2024-11,249.41,251.25,11139,51,0,premium shell built to climb,Built to climb. Premium shell.,image,9:16,casual,img_shell:Image|climb:Verb
ad_02625,2024-11,54.64,101.85,8110,45,1,new armwarmers collection,Ride ready. Try our armwarmers today.,image,4:5,road,img_armwarmers:Image|armwarmers:Noun
ad_02626,2024-11,204.8,610.75,10969,63,1,premium cap built to layer,"Lightweight and breathable, this cap keeps you comfortable from the first pedal stroke to the last. Designed for riders who layer in all conditions and demand the very best from their gear.",video,1:1,road,vid_cap:Video
ad_02627,2024-11,158.38,153.47,15457,55,0,17 the shell you need to descend,Built to descend. Premium shell.,image,4:5,urban,img_shell:Image|shell:Noun|descend:Verb
ad_02628,2024-11,201.32,335.05,10098,55,1,premium tights built to climb,climb further in our new tights.,image,1:1,commute,img_tights:Image
ad_02629,2024-11,227.31,327.88,9791,52,1,premium kit built to train,Ride ready. Try our kit today.,image,1:1,casual,img_kit:Image|kit:Noun|train:Verb|built to last:Phrase
ad_02630,2024-11,288.79,1021.69,10312,74,1,new jersey collection,Built to gear. Premium jersey.,video,4:5,road,vid_jersey:Video|gear:Verb|gravel ready:Phrase
ad_02631,2024-11,247.64,325.29,16293,50,0,26 shred further in our shell,shred further in our new shell.,video,4:5,adventure,vid_shell:Video|shell:Noun|shred:Verb|gravel ready:Phrase
ad_02632,2024-11,406.9,703.88,37215,162,2,the shell you need to sprint,Ride ready. Try our shell today.,image,4:5,urban,img_shell:Image|shell:Noun|sprint:Verb
ad_02633,2024-11,194.6,361.05,8189,46,1,premium shorts built to cruise,Our shorts lets 20 you cruise better.,image,1:1,urban,img_shorts:Image|built to last:Phrase
ad_02634,2024-11,114.62,202.82,21590,71,1,the jacket you need to explore,explore further in our new jacket. ☀️,video,1:1,adventure,vid_jacket:Video
ad_02635,2024-11,147.67,654.01,12692,77,1,premium vest built to layer,Ride ready. Try our vest today.,video,4:5,road,vid_vest:Video|vest:Noun|your spring wardrobe:Phrase
ad_02636,2024-11,147.87,144.58,11109,43,0,shorts for every race,Our shorts 10 lets you race better.,image,1:1,mountain,img_shorts:Image|shorts:Noun|race:Verb
ad_02637,2024-11,281.01,273.52,15932,77,1,premium shell 14 built to sprint,"Built for the long haul. Our premium shell combines technical fabrics with a refined fit so you can sprint harder and go further, no matter what the forecast brings this season.",image,1:1,casual,img_shell:Image|sprint:Verb
ad_02638,2024-11,183.44,196.02,19400,72,1,shorts for 8 every race,"Lightweight and breathable, this shorts keeps you comfortable from the first pedal stroke to the last. Designed for riders who race in all conditions and demand the very best from their gear. 🔥",image,9:16,urban,img_shorts:Image|shorts:Noun
ad_02639,2024-11,506.89,411.55,24168,76,1,28 armwarmers for every conquer,Our armwarmers lets you conquer better.,image,4:5,mountain,img_armwarmers:Image|conquer:Verb
ad_02640,2024-11,269.89,2100.08,16982,163,3,new armwarmers collection,"Engineered 13 for performance on every terrain. Our armwarmers is designed to help you descend with total confidence, whether you are on a mountain pass or a city commute through changing weather. ❄️",video,4:5,accessories,vid_armwarmers:Video|armwarmers:Noun
ad_02641,2024-11,153.89,298.23,14970,118,2,jacket for every shred,shred further in our new jacket.,video,9:16,commute,vid_jacket:Video|jacket:Noun|shred:Verb
ad_02642,2024-11,118.95,88.7,18869,81,1,15 new cap collection,Built to layer. Premium cap.,image,9:16,commute,img_cap:Image|layer:Verb
ad_02643,2024-12,125.2,154.59,4947,18,0,new jacket collection,Our jacket lets you climb better.,image,1:1,urban,img_jacket:Image|jacket:Noun
ad_02644,2025-01,327.4,351.43,15734,77,1,new jersey collection,Our jersey lets you pedal better.,image,9:16,gravel,img_jersey:Image|jersey:Noun|pedal:Verb|all day comfort:Phrase
ad_02645,2025-01,244.26,450.43,13801,73,1,jersey for 4 every conquer,Built to conquer. Premium jersey.,video,4:5,urban,vid_jersey:Video|jersey:Noun|conquer:Verb
ad_02646,2025-01,289.22,788.74,10597,46,1,shorts for every climb,climb further in our 16 new shorts.,image,4:5,sale,img_shorts:Image|shorts:Noun|climb:Verb|built to last:Phrase
ad_02647,2025-01,322.49,659.72,12406,75,1,premium shorts built to push,Ride ready. Try our shorts today. 🔥,image,4:5,adult,img_shorts:Image|shorts:Noun|push:Verb
ad_02648,2025-01,145.89,847.86,9015,54,1,the baselayer you need to conquer,"Built for the long haul. Our premium baselayer combines technical fabrics with a refined fit so you can conquer harder and go further, no matter what the forecast brings this season. 💪",video,4:5,casual,vid_baselayer:Video|conquer:Verb
ad_02649,2025-01,221.25,574.13,7161,74,1,race further in our baselayer,Built to race. Premium baselayer.,image,4:5,adventure,img_baselayer:Image|baselayer:Noun|race:Verb
