ad_id,date,spend,revenue,impressions,clicks,purchases,headline,body,media_type,aspect_ratio,category,labels
ad_00000,2023-01,58.06,116.71,26572,147,1,shorts for every explore,explore further 29 in our new shorts. 🚴,video,9:16,commute,vid_shorts:Video|shorts:Noun
ad_00001,2023-01,195.86,797.82,6130,47,1,cruise further in our shorts,"Engineered for performance on every terrain. Our shorts is designed to help you cruise with total confidence, whether you are on a mountain pass or a city commute through 11 changing weather.",video,4:5,gravel,vid_shorts:Video|shorts:Noun|lightweight layers:Phrase
ad_00002,2023-01,156.21,311.05,12621,65,1,premium shell built to cruise,Ride ready. Try our shell today.,image,1:1,mountain,img_shell:Image|cruise:Verb|your spring wardrobe:Phrase
ad_00003,2023-01,178.61,1440.26,13082,96,2,19 new tights collection,Ride ready. Try our tights today. ❄️,image,4:5,commute,img_tights:Image|tights:Noun|layer:Verb|built to last:Phrase
ad_00004,2023-01,131.61,273.72,14980,86,1,shred further in our kit,Our kit lets you shred better.,image,1:1,accessories,img_kit:Image
ad_00005,2023-01,120.57,283.8,38318,182,2,the jacket you need to race,Ride ready. Try our jacket today.,image,1:1,accessories,img_jacket:Image|jacket:Noun|race:Verb
ad_00006,2023-01,86.36,104.5,10870,50,1,new kit collection,"Lightweight and breathable, this kit keeps you comfortable from the first pedal stroke to the last. Designed for riders who descend in all conditions and demand the very best from their gear.",video,4:5,commute,vid_kit:Video|kit:Noun|descend:Verb
ad_00007,2023-01,177.11,768.24,35658,248,3,premium jacket built to climb,climb further 15 in our new jacket.,image,1:1,accessories,img_jacket:Image|jacket:Noun|all day comfort:Phrase
ad_00008,2023-01,292.58,963.02,15175,98,2,12 new cap collection,Built to explore. Premium cap.,video,4:5,road,vid_cap:Video|cap:Noun|explore:Verb|adventure awaits:Phrase
ad_00009,2023-01,124.23,723.92,35825,297,5,push further in our jacket,Our jacket lets you push better. 🌧️,image,4:5,accessories,img_jacket:Image|jacket:Noun|cold weather essentials:Phrase
ad_00010,2023-01,137.17,309.39,13975,75,1,13 tights for every climb,"Engineered for performance on every terrain. Our tights is designed to help you climb with total confidence, whether you are on a mountain pass or a city commute through changing weather.",video,4:5,road,vid_tights:Video|tights:Noun|climb:Verb
ad_00011,2023-01,109.89,194.99,13180,66,1,3 premium armwarmers built to conquer,Built to conquer. Premium armwarmers.,video,1:1,urban,vid_armwarmers:Video|armwarmers:Noun|conquer:Verb
ad_00012,2023-01,91.99,118.38,16142,90,1,wardrobe for every sprint,Built to sprint. Premium wardrobe.,video,9:16,road,vid_wardrobe:Video|gravel ready:Phrase
ad_00013,2023-01,144.99,410.75,31153,239,4,new 28 shorts collection,"Built 12 for the long haul. Our premium shorts combines technical fabrics with a refined fit so you can gear harder and go further, no matter what the forecast brings this season.",video,1:1,urban,vid_shorts:Video|shorts:Noun
ad_00014,2023-01,205.25,406.47,17671,119,1,premium shell built to descend,"Lightweight and breathable, this shell keeps you comfortable from the first pedal stroke to the last. Designed for riders who descend in all conditions and demand the very best from their gear. 🔥",image,1:1,road,img_shell:Image|shell:Noun|descend:Verb
ad_00015,2023-01,355.22,1761.16,18127,104,2,new shorts collection,Built to descend. 21 Premium shorts.,image,4:5,mountain,img_shorts:Image|descend:Verb|ride in comfort:Phrase
ad_00016,2023-01,81.7,216.74,22446,177,3,bibs for every cruise,Built to cruise. Premium bibs.,video,4:5,adventure,vid_bibs:Video|cruise:Verb
ad_00017,2023-01,164.04,208.01,10516,51,1,shell for every climb,Ride ready. Try our shell today.,video,1:1,adult,vid_shell:Video|climb:Verb
ad_00018,2023-01,338.73,1225.87,19319,148,3,new wardrobe collection,Ride ready. Try 10 our wardrobe today.,image,1:1,road,img_wardrobe:Image
ad_00019,2023-01,82.35,189.23,11926,73,1,new jacket collection,"Built for the long haul. Our premium jacket combines technical fabrics with a refined fit so you can explore harder and go further, no matter what the forecast brings this season.",image,4:5,mountain,img_jacket:Image|gravel ready:Phrase
ad_00020,2023-01,357.28,1442.89,34070,272,4,new jersey collection,"Lightweight and breathable, this jersey keeps you comfortable 8 from the first pedal stroke to the last. Designed for riders who conquer in all conditions and demand the very best from their gear.",image,1:1,road,img_jersey:Image|jersey:Noun|conquer:Verb|your spring wardrobe:Phrase
ad_00021,2023-01,128.37,447.42,20128,134,2,premium 21 socks built to pedal,Our socks lets you pedal better.,image,1:1,adult,img_socks:Image|socks:Noun
ad_00022,2023-01,255.99,533.72,23084,157,2,premium jacket 14 built to gear,9 gear further in our new jacket.,video,1:1,adult,vid_jacket:Video|jacket:Noun|gear:Verb
ad_00023,2023-01,146.57,467.22,5889,46,1,wardrobe for every shred,Built to shred. 25 Premium wardrobe.,image,9:16,accessories,img_wardrobe:Image
ad_00024,2023-01,219.99,369.52,23246,144,2,ride further in our gloves,ride further in our new gloves.,video,9:16,adult,vid_gloves:Video|gloves:Noun|your spring wardrobe:Phrase
ad_00025,2023-01,438.67,1960.09,14939,144,3,premium gloves built to gear,gear further in our new gloves.,image,4:5,adventure,img_gloves:Image|gloves:Noun|gear:Verb
ad_00026,2023-01,155.32,495.05,7958,54,1,the gloves you need to cruise,cruise further in our new gloves.,video,4:5,casual,vid_gloves:Video|gloves:Noun|ride in comfort:Phrase
ad_00027,2023-01,303.75,240.07,17120,63,0,armwarmers for every explore,"Lightweight and breathable, this armwarmers keeps you comfortable from the first pedal stroke to the last. Designed 13 for riders who explore in all conditions and demand the very best from their gear.",video,1:1,mountain,vid_armwarmers:Video|explore:Verb
ad_00028,2023-01,196.98,499.23,7642,65,1,gloves for every ride,ride further in our new gloves.,image,9:16,road,img_gloves:Image|gloves:Noun|race day ready:Phrase
ad_00029,2023-01,104.24,541.77,22160,222,5,shred further in our gloves,Our gloves lets you shred better.,image,4:5,gravel,img_gloves:Image|gloves:Noun
ad_00030,2023-01,153.08,380.92,33440,210,3,wardrobe for every layer,Ride ready. Try our wardrobe today.,image,1:1,accessories,img_wardrobe:Image|wardrobe:Noun
ad_00031,2023-01,147.44,1799.19,6669,78,2,kit 29 for every pedal,Our kit lets you 7 pedal better.,image,4:5,adventure,img_kit:Image|kit:Noun
ad_00032,2023-01,71.61,93.13,16083,77,1,cap for every explore,explore further in our new cap.,video,9:16,commute,vid_cap:Video|cap:Noun
ad_00033,2023-01,220.02,853.35,15034,80,1,4 new shorts collection,gear further in our new shorts.,image,4:5,mountain,img_shorts:Image|shorts:Noun|gear:Verb|all day comfort:Phrase
ad_00034,2023-01,247.92,305.5,6037,33,0,train further in our bibs,train further in our new bibs.,video,9:16,accessories,vid_bibs:Video|bibs:Noun
ad_00035,2023-01,271.99,794.44,25817,128,2,the vest 23 you need to pedal,Built 12 to pedal. Premium vest. 🔥,video,1:1,sale,vid_vest:Video|vest:Noun
ad_00036,2023-01,393.94,912.08,22323,122,2,premium tights built to train,Our tights lets you train better.,image,1:1,accessories,img_tights:Image|tights:Noun
ad_00037,2023-01,296.09,1608.2,44962,296,4,7 premium wardrobe built to conquer,Built to conquer. 9 Premium wardrobe. 🔥,video,4:5,road,vid_wardrobe:Video
ad_00038,2023-01,116.34,851.1,20923,174,4,27 the bibs you need to race,Ride ready. Try our bibs today.,image,4:5,adult,img_bibs:Image|bibs:Noun|gear up for summer:Phrase
ad_00039,2023-01,132.18,307.81,10520,71,1,premium armwarmers built 21 to pedal,pedal further in our new armwarmers.,video,1:1,accessories,vid_armwarmers:Video|armwarmers:Noun|gravel ready:Phrase
ad_00040,2023-01,276.32,333.2,21114,142,2,new vest collection,"Built for the long haul. Our premium vest combines technical fabrics with a refined fit so you can descend harder and go further, no matter what the forecast brings this season.",video,1:1,gravel,vid_vest:Video|vest:Noun|descend:Verb
ad_00041,2023-01,211.06,897.56,31037,248,5,jersey for every layer,Our jersey lets you layer better.,image,1:1,adventure,img_jersey:Image|jersey:Noun|layer:Verb|adventure awaits:Phrase
ad_00042,2023-01,165.28,608.29,12940,98,2,the socks you need to layer,layer further in 8 our new socks.,image,1:1,casual,img_socks:Image
ad_00043,2023-01,98.84,305.31,25003,200,3,bibs for every climb,Built to climb. Premium bibs.,image,9:16,gravel,img_bibs:Image
ad_00044,2023-01,121.5,340.35,5029,31,0,new kit collection,"Built for the long haul. Our premium kit combines technical fabrics with a refined fit so you can ride harder and go further, no matter what the forecast brings this season.",image,4:5,road,img_kit:Image|kit:Noun|all day comfort:Phrase
ad_00045,2023-01,236.99,865.5,34134,238,4,new jersey collection,Ride ready. Try our jersey today. 💪,image,1:1,adult,img_jersey:Image|push:Verb|gear up for summer:Phrase
ad_00046,2023-01,51.82,175.99,24361,170,3,premium tights built to cruise,cruise further in our new tights.,image,4:5,urban,img_tights:Image|cruise:Verb
ad_00047,2023-01,41.03,346.01,4575,48,1,premium 10 wardrobe built to explore,Ride ready. 16 Try our wardrobe today.,image,1:1,gravel,img_wardrobe:Image|wardrobe:Noun
ad_00048,2023-01,253.24,1670.83,19769,212,4,premium bibs 10 built to gear,Our bibs lets you gear better.,image,4:5,casual,img_bibs:Image|bibs:Noun|gear:Verb
ad_00049,2023-01,121.3,290.29,6047,56,1,the tights you need to gear,"Engineered for performance on every terrain. Our tights is designed to help you gear with total confidence, whether you are on a mountain pass or a city commute through changing weather.",image,1:1,adventure,img_tights:Image|tights:Noun
ad_00050,2023-01,221.28,693.74,12028,66,1,new 16 wardrobe collection,Our wardrobe lets you explore better.,video,4:5,road,vid_wardrobe:Video|explore:Verb
ad_00051,2023-01,430.23,853.25,22924,108,1,the cap you need to train,Our cap lets you train better.,video,4:5,sale,vid_cap:Video|cap:Noun|train:Verb|all day comfort:Phrase
ad_00052,2023-01,90.97,310.39,15253,110,1,new baselayer collection,Our baselayer lets you 17 gear better. ⛰️,video,4:5,adult,vid_baselayer:Video|baselayer:Noun|gear:Verb
ad_00053,2023-01,61.35,118.19,30602,128,1,race further in our jersey,Our jersey lets you race better.,image,1:1,mountain,img_jersey:Image
ad_00054,2023-01,141.53,241.61,16855,72,1,the vest 4 you need to gear,Our vest lets you gear better.,video,9:16,sale,vid_vest:Video|vest:Noun
ad_00055,2023-01,110.77,849.71,16023,131,3,baselayer for every ride,27 Our baselayer lets you ride better. 🌧️,image,4:5,road,img_baselayer:Image|baselayer:Noun
ad_00056,2023-01,164.53,504.61,28276,196,3,premium kit built 24 to climb,climb further in our new kit.,video,4:5,road,vid_kit:Video|climb:Verb|adventure awaits:Phrase
ad_00057,2023-01,230.7,587.24,13790,56,1,wardrobe for every conquer,Ride ready. Try our wardrobe today.,image,4:5,mountain,img_wardrobe:Image|wardrobe:Noun|conquer:Verb
ad_00058,2023-01,203.23,369.65,16122,78,1,push further in our shell,Ride ready. 12 Try our shell today.,video,1:1,commute,vid_shell:Video|shell:Noun|push:Verb
ad_00059,2023-01,171.75,674.48,17221,206,5,new shell collection,Built to descend. Premium shell.,image,9:16,adventure,img_shell:Image|shell:Noun|descend:Verb|your spring wardrobe:Phrase
ad_00060,2023-01,315.2,678.35,15784,85,1,the socks you need 16 to train,train further in our new socks. 💪,video,9:16,urban,vid_socks:Video
ad_00061,2023-01,249.82,481.14,29162,206,2,premium armwarmers built 5 to shred,"Lightweight and breathable, this armwarmers keeps you comfortable from the first pedal stroke to the last. Designed for riders who shred in all conditions and demand the very best from their gear. 💪",image,9:16,commute,img_armwarmers:Image|armwarmers:Noun|shred:Verb
ad_00062,2023-01,149.83,596.25,11697,79,1,the jacket you need to shred,Our jacket lets you shred better.,image,4:5,urban,img_jacket:Image|jacket:Noun|shred:Verb
ad_00063,2023-01,244.56,1669.06,10779,140,4,premium wardrobe built to descend,Built to descend. Premium wardrobe.,image,4:5,gravel,img_wardrobe:Image|wardrobe:Noun|your spring wardrobe:Phrase
ad_00064,2023-01,66.09,95.24,9602,48,1,conquer further in our jersey,Ride ready. Try our jersey today.,video,9:16,commute,vid_jersey:Video|race day ready:Phrase
ad_00065,2023-01,316.26,504.59,5595,30,0,the gloves you need to train,"Lightweight and breathable, this gloves keeps you comfortable from the first pedal stroke to the last. Designed for riders who train in all conditions and demand the very best from their gear.",image,1:1,mountain,img_gloves:Image|train:Verb|your spring wardrobe:Phrase
ad_00066,2023-01,169.29,1511.73,34283,301,7,premium tights built to conquer,Our 17 tights lets you conquer better. 💪,image,4:5,commute,img_tights:Image|tights:Noun|gear up for summer:Phrase
ad_00067,2023-01,81.28,582.56,10406,108,2,premium jacket built 19 to push,"Built for the long haul. Our premium jacket combines technical fabrics with a refined fit so 5 you can push harder and go further, no matter what the forecast brings this season.",image,4:5,casual,img_jacket:Image|jacket:Noun|push:Verb|new arrivals:Phrase
ad_00068,2023-01,130.1,255.96,14490,115,2,conquer further in our vest,Built to 17 conquer. Premium vest.,video,9:16,adventure,vid_vest:Video|vest:Noun|conquer:Verb
ad_00069,2023-01,311.33,2586.93,35579,233,3,11 premium socks built to conquer,Our 20 socks lets you conquer better. ⛰️,image,4:5,mountain,img_socks:Image|socks:Noun|conquer:Verb|trail tested:Phrase
ad_00070,2023-01,105.4,457.87,15208,136,3,tights for every explore,"Lightweight and breathable, this tights keeps you comfortable from the first pedal stroke to the last. Designed for riders who explore in all conditions and demand the very best from their gear.",image,4:5,adventure,img_tights:Image|gravel ready:Phrase
ad_00071,2023-01,213.72,249.96,21115,93,1,gear further in our cap,Ride ready. Try our cap today.,video,1:1,sale,vid_cap:Video|gear:Verb
ad_00072,2023-01,283.04,713.36,8024,60,1,jacket for every cruise,Ride 10 ready. Try our jacket today. ❄️,video,1:1,casual,vid_jacket:Video|jacket:Noun|cruise:Verb
ad_00073,2023-01,169.52,424.26,32850,254,4,climb further in our jacket,"Lightweight and breathable, this jacket keeps you comfortable from the first pedal stroke to the last. Designed for riders who climb in all conditions and demand the very best from their gear. 🔥",video,4:5,adventure,vid_jacket:Video|jacket:Noun|climb:Verb
ad_00074,2023-01,99.44,174.31,15363,96,1,premium tights built to explore,Ride ready. Try our tights today. 🌧️,video,1:1,accessories,vid_tights:Video
ad_00075,2023-01,160.77,587.09,9812,85,1,the gloves 11 you need to race,"Built for the long haul. Our premium gloves combines technical fabrics with a refined fit so you can race harder and go further, no matter what the forecast brings this season.",image,1:1,gravel,img_gloves:Image|gloves:Noun|race:Verb
ad_00076,2023-01,71.71,348.24,9809,106,2,new jacket collection,Ride ready. Try our jacket today.,image,4:5,gravel,img_jacket:Image
ad_00077,2023-01,124.6,587.48,38007,284,6,wardrobe for every ride,Ride ready. Try our wardrobe today. ❄️,image,1:1,road,img_wardrobe:Image|wardrobe:Noun|lightweight layers:Phrase
ad_00078,2023-01,85.97,144.25,12179,76,1,premium baselayer built to descend,Built to descend. Premium baselayer.,video,1:1,adult,vid_baselayer:Video|new arrivals:Phrase
ad_00079,2023-01,162.42,509.79,9919,64,1,the cap you need to pedal,19 pedal further in our new cap.,video,4:5,road,vid_cap:Video|pedal:Verb|race day ready:Phrase
ad_00080,2023-01,78.0,107.99,13148,73,1,kit for every shred,Ride ready. Try our kit today.,video,1:1,urban,vid_kit:Video|kit:Noun
ad_00081,2023-01,175.63,827.74,16701,128,2,new jersey collection,Our 17 jersey lets you sprint better.,image,4:5,urban,img_jersey:Image|jersey:Noun|sprint:Verb
ad_00082,2023-01,329.65,1187.49,17614,164,4,premium jacket built 17 to push,push further in our new jacket.,image,9:16,adventure,img_jacket:Image|jacket:Noun|push:Verb
ad_00083,2023-01,342.31,744.98,20388,154,2,premium shell built to ride,Ride ready. Try our shell today.,image,1:1,accessories,img_shell:Image|shell:Noun|ride:Verb|cold weather essentials:Phrase
ad_00084,2023-01,79.13,108.33,18360,129,2,the baselayer you need to descend,"Built for the long haul. Our premium baselayer combines technical fabrics with a refined fit so you can descend harder and go further, no matter what the forecast brings this season. ❄️",video,9:16,urban,vid_baselayer:Video|baselayer:Noun|lightweight layers:Phrase
ad_00085,2023-01,112.02,692.19,22564,207,4,22 vest for every climb,Built to climb. Premium vest. ❄️,video,4:5,gravel,vid_vest:Video|vest:Noun|gravel ready:Phrase
ad_00086,2023-01,278.66,883.24,14245,121,2,the 16 socks you need to cruise,cruise further in our new socks. 🌧️,image,9:16,road,img_socks:Image|socks:Noun|cruise:Verb
ad_00087,2023-01,254.87,1803.08,46010,357,6,premium vest built 2 to explore,Our vest lets you explore better.,image,4:5,commute,img_vest:Image|vest:Noun|new arrivals:Phrase
ad_00088,2023-01,115.49,321.2,12789,85,1,conquer further in our armwarmers,Ride ready. Try our armwarmers today.,image,1:1,urban,img_armwarmers:Image|armwarmers:Noun
ad_00089,2023-01,124.77,376.86,32104,243,5,the vest you need to conquer,conquer further in our new vest. ☀️,image,1:1,urban,img_vest:Image|vest:Noun|conquer:Verb|new arrivals:Phrase
ad_00090,2023-01,175.51,215.75,12101,87,1,the vest you need to layer,"Lightweight and breathable, this vest keeps you comfortable from the first pedal stroke to the last. Designed for riders who layer in all conditions and demand the very best from their gear.",video,1:1,gravel,vid_vest:Video
ad_00091,2023-01,55.61,203.58,7996,49,1,the cap you need to descend,descend further 14 in our new cap.,image,1:1,urban,img_cap:Image|cap:Noun
ad_00092,2023-01,228.95,822.56,7094,46,1,descend further in our cap,descend further 20 in our new cap.,image,9:16,commute,img_cap:Image|cap:Noun|descend:Verb|ride in comfort:Phrase
ad_00093,2023-01,319.95,1684.64,19006,181,3,wardrobe for every ride,Our wardrobe lets you ride better.,image,4:5,casual,img_wardrobe:Image|wardrobe:Noun
ad_00094,2023-01,132.27,179.89,29188,148,2,new kit collection,Our kit lets you descend better. 🚴,video,1:1,adult,vid_kit:Video
ad_00095,2023-01,71.29,503.16,9182,93,2,new shorts collection,layer further in our new shorts.,image,4:5,adventure,img_shorts:Image|shorts:Noun
ad_00096,2023-01,389.9,542.17,10528,42,0,new jacket collection,"Lightweight and breathable, this jacket keeps you comfortable from the first pedal stroke to the last. Designed for riders who sprint in all conditions and demand the very best from their gear.",video,4:5,mountain,vid_jacket:Video|jacket:Noun
ad_00097,2023-01,190.56,362.97,19803,160,2,the kit you need 7 to conquer,"Built for the long haul. Our premium kit combines technical fabrics with a refined fit so you can conquer harder and go further, no matter what the forecast brings this season.",video,1:1,casual,vid_kit:Video|kit:Noun|conquer:Verb|lightweight layers:Phrase
ad_00098,2023-01,255.62,1212.96,16305,91,1,the wardrobe you 23 need to explore,Our wardrobe lets you explore better.,image,4:5,sale,img_wardrobe:Image|wardrobe:Noun|explore:Verb
ad_00099,2023-01,75.61,221.23,12182,88,1,the shell you need to shred,Built to shred. 2 Premium shell.,image,9:16,casual,img_shell:Image|shell:Noun|shred:Verb
ad_00100,2023-01,75.78,108.12,8612,73,1,premium jacket built to layer,"Engineered for performance on every terrain. Our jacket is designed to help you layer with total confidence, whether you are on a mountain pass or a city commute through changing weather.",video,1:1,gravel,vid_jacket:Video
ad_00101,2023-01,214.17,356.33,19055,108,2,socks for every climb,"Engineered for performance on every terrain. Our socks is designed to help you climb with total confidence, whether you are on a mountain pass or a city commute through changing weather.",video,4:5,road,vid_socks:Video|socks:Noun|climb:Verb|ride in comfort:Phrase
ad_00102,2023-01,309.47,1665.99,22629,213,6,premium armwarmers built to descend,"Engineered for performance on every terrain. Our armwarmers is designed to help you descend with total confidence, whether you are on a mountain pass or a city commute through changing weather. ☀️",image,4:5,adventure,img_armwarmers:Image|armwarmers:Noun
ad_00103,2023-01,84.84,134.86,20877,130,2,sprint further in our tights,"Engineered for performance on every terrain. Our tights is designed to help you sprint with total confidence, whether you are on a mountain pass or a city commute through changing weather. 🌧️",image,9:16,accessories,img_tights:Image|tights:Noun
ad_00104,2023-01,157.16,241.04,16544,106,1,premium shell built to descend,Ride ready. Try our shell today.,video,1:1,adult,vid_shell:Video|shell:Noun|ride in comfort:Phrase
ad_00105,2023-01,64.46,198.26,9630,43,1,new jersey collection,Built to explore. Premium jersey.,image,4:5,mountain,img_jersey:Image|jersey:Noun
ad_00106,2023-01,109.66,677.52,19107,167,3,7 new jersey collection,Our jersey lets you cruise better.,image,4:5,commute,img_jersey:Image
ad_00107,2023-01,143.18,617.74,18406,129,2,wardrobe for every descend,Our wardrobe lets you descend better. 🌧️,image,4:5,road,img_wardrobe:Image|wardrobe:Noun|descend:Verb
ad_00108,2023-01,223.99,602.71,8467,54,1,vest for every climb,climb further in our new vest. 🚴,image,1:1,accessories,img_vest:Image|climb:Verb|trail tested:Phrase
ad_00109,2023-01,47.22,97.87,14036,87,1,shred further in our vest,Our vest lets 14 you shred better.,video,9:16,gravel,vid_vest:Video|vest:Noun
ad_00110,2023-01,368.91,1243.49,19609,181,4,premium 15 vest built to race,"Lightweight and breathable, this vest keeps you comfortable from the first 20 pedal stroke to the last. Designed for riders who race in all conditions and demand the very best from their gear.",video,4:5,casual,vid_vest:Video|vest:Noun|race:Verb|your spring wardrobe:Phrase
ad_00111,2023-01,150.81,308.4,15700,113,2,pedal further in our jacket,pedal further in our new jacket.,image,9:16,adult,img_jacket:Image|lightweight layers:Phrase
ad_00112,2023-01,363.2,1876.87,6126,61,2,the vest you need to climb,Built to climb. Premium vest.,image,4:5,adventure,img_vest:Image|climb:Verb|adventure awaits:Phrase
ad_00113,2023-01,254.05,808.82,11853,96,2,descend further in our kit,Ride ready. Try our kit today.,image,1:1,casual,img_kit:Image|kit:Noun|all day comfort:Phrase
ad_00114,2023-01,278.58,2030.51,11465,103,2,the shorts you need 17 to ride,Ride ready. Try 24 our shorts today.,image,4:5,accessories,img_shorts:Image|shorts:Noun
ad_00115,2023-01,561.43,2131.86,21594,206,4,new 29 jersey collection,Our jersey lets you cruise better. ☀️,image,9:16,accessories,img_jersey:Image|jersey:Noun|cruise:Verb|ride in comfort:Phrase
ad_00116,2023-01,104.52,271.69,59857,353,6,the vest you need to race,Built to race. Premium vest. 🏔️,image,1:1,sale,img_vest:Image|vest:Noun|trail tested:Phrase
ad_00117,2023-01,181.2,269.03,17457,95,1,21 new socks collection,"Engineered for performance on every terrain. Our socks is designed to help you layer with total confidence, whether you are on a mountain 29 pass or a city commute through changing weather.",video,9:16,accessories,vid_socks:Video
ad_00118,2023-01,92.19,175.91,8969,54,1,wardrobe for every explore,explore further in our new wardrobe.,image,9:16,accessories,img_wardrobe:Image|explore:Verb
ad_00119,2023-01,157.12,524.19,15067,109,2,new shorts collection,"Lightweight and breathable, this shorts keeps you comfortable from the first pedal stroke to the last. Designed for riders who race in all conditions and demand the very best from their gear.",image,4:5,urban,img_shorts:Image|shorts:Noun|race:Verb|lightweight layers:Phrase
ad_00120,2023-01,257.33,1015.59,16413,125,3,new jacket collection,Ride ready. Try our jacket today.,image,4:5,casual,img_jacket:Image|jacket:Noun|race:Verb
ad_00121,2023-01,328.56,788.33,23833,137,1,new vest collection,Ride ready. Try our vest today.,image,4:5,mountain,img_vest:Image|vest:Noun|gear:Verb
ad_00122,2023-01,132.82,521.11,30381,230,6,new socks collection,Ride ready. Try our socks today.,image,1:1,gravel,img_socks:Image|socks:Noun|gravel ready:Phrase
ad_00123,2023-01,81.08,286.52,32730,179,3,new wardrobe collection,10 Our wardrobe lets you pedal better. ❄️,video,4:5,urban,vid_wardrobe:Video|wardrobe:Noun|pedal:Verb
ad_00124,2023-01,174.57,646.77,21357,138,2,premium kit 11 built to sprint,sprint further in our new kit.,video,4:5,commute,vid_kit:Video|kit:Noun|built to last:Phrase
ad_00125,2023-01,100.18,197.73,16320,126,2,the jacket you need to ride,"Built for the long haul. Our premium jacket combines technical fabrics with a refined fit so you can ride harder and go further, no matter what the forecast brings this season.",video,4:5,gravel,vid_jacket:Video|jacket:Noun|ride in comfort:Phrase
ad_00126,2023-01,118.11,273.74,34277,263,3,premium cap built to shred,Ride ready. Try our cap today.,image,9:16,commute,img_cap:Image|cap:Noun|shred:Verb|gravel ready:Phrase
ad_00127,2023-01,249.97,679.58,13722,145,2,new shorts collection,Ride 28 ready. Try our shorts today.,video,1:1,adventure,vid_shorts:Video|shorts:Noun|gear:Verb
ad_00128,2023-01,223.56,696.28,16777,103,2,the jersey you need to gear,"Built for the long haul. Our premium jersey combines technical fabrics with a refined fit so you can gear harder and go further, no matter what the forecast brings this season.",image,4:5,accessories,img_jersey:Image|jersey:Noun|gear:Verb|lightweight layers:Phrase
ad_00129,2023-01,275.57,723.84,14455,93,1,train further in our vest,Ride 15 ready. Try our vest today.,video,4:5,road,vid_vest:Video|vest:Noun|train:Verb
ad_00130,2023-01,136.45,734.97,5624,42,1,premium socks built to descend,descend further in 13 our new socks.,image,4:5,urban,img_socks:Image|descend:Verb
ad_00131,2023-01,306.04,627.51,30835,206,2,baselayer for every pedal,Built to pedal. 9 Premium baselayer.,video,1:1,accessories,vid_baselayer:Video|baselayer:Noun|pedal:Verb
ad_00132,2023-01,168.5,504.87,22886,191,4,the armwarmers you 5 need to cruise,"Engineered for performance on every terrain. Our armwarmers is designed to help you cruise with total confidence, whether you are on a mountain pass or a city commute through changing weather.",image,9:16,adventure,img_armwarmers:Image
ad_00133,2023-03,140.87,255.15,4992,33,0,the shorts you need 23 to explore,Ride ready. Try our shorts today.,video,9:16,urban,vid_shorts:Video
ad_00134,2023-03,86.4,383.02,26941,208,3,the jersey you need to layer,"Lightweight and breathable, this jersey keeps you comfortable from the first pedal stroke to the last. Designed for riders who layer in all conditions and demand the very best from their gear. ❄️",image,4:5,casual,img_jersey:Image|layer:Verb
ad_00135,2023-03,47.67,169.13,14028,120,2,baselayer 26 for every sprint,sprint further in our new baselayer.,video,1:1,adult,vid_baselayer:Video|race day ready:Phrase
ad_00136,2023-03,65.36,242.27,26764,221,4,gloves for every sprint,Built to sprint. Premium gloves.,image,1:1,adult,img_gloves:Image|gloves:Noun
ad_00137,2023-03,190.11,578.47,16957,139,2,sprint 15 further in our kit,Our kit lets you 26 sprint better.,video,9:16,casual,vid_kit:Video|kit:Noun
ad_00138,2023-03,96.91,301.64,8282,59,1,kit for every gear,Our kit lets you gear better.,image,1:1,mountain,img_kit:Image|kit:Noun|your spring wardrobe:Phrase
ad_00139,2023-03,62.25,257.54,16543,114,2,new vest collection,Ride ready. Try our vest today.,image,4:5,commute,img_vest:Image|vest:Noun|cruise:Verb|built to last:Phrase
ad_00140,2023-03,129.89,715.35,10418,100,2,jacket for every cruise,Built to cruise. Premium jacket.,image,4:5,accessories,img_jacket:Image|jacket:Noun
ad_00141,2023-03,197.59,380.74,8858,44,0,jacket for every pedal,Our jacket lets you pedal better.,video,4:5,mountain,vid_jacket:Video|jacket:Noun|all day comfort:Phrase
ad_00142,2023-03,214.3,375.62,25186,126,1,new socks collection,Built to ride. Premium socks.,image,9:16,commute,img_socks:Image|socks:Noun|ride:Verb
ad_00143,2023-03,164.19,469.33,19857,190,5,push further 5 in our armwarmers,"Engineered for performance on every terrain. Our armwarmers is designed to help you push with total confidence, whether you are on a mountain pass or a city commute through changing weather. ⛰️",video,9:16,adventure,vid_armwarmers:Video|armwarmers:Noun
ad_00144,2023-03,161.06,445.99,34521,291,4,the shell you need to sprint,Ride ready. Try our shell today. 🚴,video,4:5,adult,vid_shell:Video|shell:Noun|sprint:Verb
ad_00145,2023-03,120.94,232.52,13404,73,1,cruise further in our jacket,cruise further in our new jacket.,video,1:1,commute,vid_jacket:Video|cruise:Verb|gear up for summer:Phrase
ad_00146,2023-03,244.36,1552.97,10088,218,8,the gloves you need to push,"Built for the long haul. Our premium gloves combines technical fabrics with a refined fit so you can push harder and go further, no matter what the forecast brings this season.",image,4:5,adventure,img_gloves:Image|gloves:Noun|push:Verb|gear up for summer:Phrase
ad_00147,2023-03,150.24,362.31,22470,149,2,the wardrobe you need to sprint,Our wardrobe lets you sprint better.,image,9:16,urban,img_wardrobe:Image|wardrobe:Noun
ad_00148,2023-03,159.58,716.18,10761,109,2,the 5 shell you need to pedal,Our shell lets you pedal better.,video,4:5,accessories,vid_shell:Video|shell:Noun
ad_00149,2023-03,311.38,1361.75,13981,158,4,new vest collection,Built to push. Premium vest.,image,1:1,road,img_vest:Image|vest:Noun|push:Verb|lightweight layers:Phrase
ad_00150,2023-03,268.66,787.54,21228,147,2,premium baselayer 25 built to sprint,"Engineered for performance on every terrain. Our baselayer is designed to help you sprint with total confidence, whether you are on a mountain pass or a city commute 26 through changing weather. 🔥",video,1:1,gravel,vid_baselayer:Video|sprint:Verb
ad_00151,2023-03,149.52,190.61,15330,90,1,premium socks built to train,"Engineered for performance on every terrain. Our socks is designed to help you train with total confidence, whether you are on a mountain pass or a city commute through changing weather.",video,1:1,adult,vid_socks:Video|socks:Noun|all day comfort:Phrase
ad_00152,2023-03,137.29,546.9,12787,164,4,gloves for every layer,Our gloves lets you layer better.,image,9:16,adventure,img_gloves:Image|layer:Verb
ad_00153,2023-03,136.65,709.32,8097,94,2,the shell you need to ride,ride 17 further in our new shell.,image,1:1,gravel,img_shell:Image|ride:Verb|new arrivals:Phrase
ad_00154,2023-03,49.68,185.0,26081,223,4,premium socks built to explore,Ride ready. Try our socks today.,image,1:1,adult,img_socks:Image|socks:Noun
ad_00155,2023-03,322.61,1761.36,13579,183,5,the gloves you need to push,Our gloves lets you push better. 🚴,image,9:16,adventure,img_gloves:Image|gloves:Noun|push:Verb
ad_00156,2023-03,110.77,359.4,22238,190,3,the cap you need to climb,Our cap lets you climb better.,image,9:16,sale,img_cap:Image|cap:Noun
ad_00157,2023-03,278.97,1481.48,20817,171,3,the kit you need 24 to gear,gear 5 further in our new kit.,image,9:16,casual,img_kit:Image|kit:Noun
ad_00158,2023-03,171.27,304.84,28174,205,3,premium gloves built to climb,Built to climb. Premium gloves.,video,1:1,accessories,vid_gloves:Video|gloves:Noun
ad_00159,2023-03,385.03,1387.97,14512,127,2,premium shorts built to pedal,pedal further in our new shorts.,video,4:5,sale,vid_shorts:Video|shorts:Noun|pedal:Verb|built to last:Phrase
ad_00160,2023-03,229.52,866.56,13721,112,2,new kit collection,"Lightweight and breathable, this kit keeps you comfortable from the first pedal stroke to the last. Designed for riders who climb in all conditions and demand the very best from their gear.",image,4:5,gravel,img_kit:Image
ad_00161,2023-03,288.76,483.31,9381,66,1,the kit you need to pedal,Ride ready. Try our kit today.,image,9:16,urban,img_kit:Image|kit:Noun|pedal:Verb
ad_00162,2023-03,117.1,913.87,12447,133,3,the 3 bibs you need to push,Our bibs lets you push better.,image,4:5,sale,img_bibs:Image|push:Verb
ad_00163,2023-03,77.25,353.58,19363,129,2,premium kit built to descend,Our kit 11 lets you descend better.,image,4:5,mountain,img_kit:Image|kit:Noun|descend:Verb|trail tested:Phrase
ad_00164,2023-03,182.52,484.87,10851,86,2,new shell collection,push further in 18 our new shell.,video,1:1,casual,vid_shell:Video
ad_00165,2023-03,52.88,685.01,19119,308,7,26 new vest collection,sprint further in 26 our new vest. ☀️,image,4:5,road,img_vest:Image
ad_00166,2023-03,126.16,776.09,34002,285,6,jersey for every cruise,cruise further in our 13 new jersey.,image,4:5,commute,img_jersey:Image|jersey:Noun|new arrivals:Phrase
ad_00167,2023-03,81.83,86.69,13068,63,1,descend further in our socks,"Lightweight and breathable, this socks keeps you comfortable from 7 the first pedal stroke to the last. Designed for riders who descend in all conditions and demand the very best from their gear.",video,9:16,urban,vid_socks:Video|socks:Noun|descend:Verb
ad_00168,2023-03,100.94,336.43,8462,66,1,premium tights built to explore,Built to explore. Premium tights.,image,1:1,road,img_tights:Image|tights:Noun
ad_00169,2023-03,238.83,762.74,13277,100,1,new 9 kit collection,"Engineered for performance on every terrain. Our kit is designed to help you gear with total confidence, whether you are on a mountain pass or a city commute through changing weather.",image,1:1,commute,img_kit:Image|kit:Noun|adventure awaits:Phrase
ad_00170,2023-03,229.59,676.16,8016,71,1,new tights collection,Built to 11 gear. Premium tights.,video,1:1,road,vid_tights:Video|tights:Noun|built to last:Phrase
ad_00171,2023-03,151.58,1073.19,31813,344,8,the cap you need to race,4 Ride ready. Try our cap today.,image,4:5,gravel,img_cap:Image|cap:Noun|race:Verb
ad_00172,2023-03,202.42,1109.78,17034,251,7,premium bibs built to train,Our bibs lets you train better.,image,1:1,adventure,img_bibs:Image|bibs:Noun
ad_00173,2023-03,120.77,550.97,11342,89,1,cap for every race,Our cap lets you race better.,image,4:5,urban,img_cap:Image|cap:Noun
ad_00174,2023-03,716.45,1158.85,12340,71,1,premium armwarmers built to push,"Engineered for performance on every terrain. Our armwarmers is designed to help you push with total confidence, whether you are on a mountain pass or a city commute through changing weather. 💪",video,4:5,commute,vid_armwarmers:Video|armwarmers:Noun|push:Verb
ad_00175,2023-03,200.1,473.86,9040,69,1,premium wardrobe built to sprint,"Built for the long haul. Our premium wardrobe combines technical fabrics with a refined fit so you can 12 sprint harder and go further, no matter what the forecast brings this season.",video,4:5,accessories,vid_wardrobe:Video|wardrobe:Noun|sprint:Verb
ad_00176,2023-03,117.23,532.62,27068,348,11,premium wardrobe built to gear,Built to gear. Premium wardrobe.,image,9:16,adventure,img_wardrobe:Image|gear:Verb|new arrivals:Phrase
ad_00177,2023-03,282.46,1117.86,40910,358,6,conquer further in our cap,conquer further in our new cap.,image,4:5,urban,img_cap:Image|conquer:Verb
ad_00178,2023-03,351.58,371.84,7735,46,1,conquer further in our gloves,Our gloves lets you conquer better.,video,1:1,commute,vid_gloves:Video|gloves:Noun|conquer:Verb
ad_00179,2023-03,104.98,242.96,27506,136,2,baselayer for every layer,Our baselayer lets you layer better.,image,4:5,mountain,img_baselayer:Image|baselayer:Noun|layer:Verb
ad_00180,2023-03,71.32,277.71,14438,101,2,premium shell built to cruise,"Lightweight and breathable, this shell keeps you comfortable from the first pedal stroke to the last. Designed for riders who cruise in all conditions and demand 18 the very best from their gear.",image,1:1,road,img_shell:Image|shell:Noun|cruise:Verb|cold weather essentials:Phrase
ad_00181,2023-03,80.32,578.16,30769,226,5,new jersey collection,Our jersey lets you 20 conquer better.,image,4:5,accessories,img_jersey:Image|jersey:Noun|conquer:Verb
ad_00182,2023-03,111.76,179.58,6526,38,0,the shell you need to climb,"Built for the long haul. Our premium shell combines technical fabrics with a refined fit so you can climb harder and go further, no matter what the forecast brings this season. 🏔️",video,1:1,adult,vid_shell:Video|shell:Noun
ad_00183,2023-03,161.7,560.26,18274,172,4,pedal further in our jacket,"Lightweight and breathable, this jacket keeps you comfortable from the first pedal stroke to the last. Designed for riders who pedal in all conditions and demand the very best from their gear.",video,4:5,adventure,vid_jacket:Video|jacket:Noun|cold weather essentials:Phrase
ad_00184,2023-03,62.86,231.83,13314,101,2,jacket for every pedal,Our jacket lets you pedal better. 💪,video,4:5,road,vid_jacket:Video|jacket:Noun|pedal:Verb|trail tested:Phrase
ad_00185,2023-03,129.98,567.93,22699,197,3,9 layer further in our bibs,"Built for the long haul. Our premium bibs combines technical fabrics with a refined fit so you can layer harder and go further, no matter what the forecast brings this season.",image,4:5,casual,img_bibs:Image|layer:Verb
ad_00186,2023-03,147.46,308.39,16833,139,2,cruise further in our cap,cruise further in our new cap.,video,1:1,road,vid_cap:Video|cap:Noun
ad_00187,2023-03,203.01,1023.29,16509,164,3,16 new cap collection,Our cap lets you pedal better. ⛰️,video,4:5,gravel,vid_cap:Video|pedal:Verb
ad_00188,2023-03,241.14,820.2,15484,83,1,the jacket you need to conquer,24 Ride ready. Try our jacket today.,image,9:16,mountain,img_jacket:Image|adventure awaits:Phrase
ad_00189,2023-03,212.56,903.11,35656,507,14,new jacket collection,Our jacket lets you descend better.,image,9:16,adventure,img_jacket:Image|descend:Verb|gravel ready:Phrase
ad_00190,2023-03,489.62,871.28,14959,126,2,new baselayer collection,cruise further in our new baselayer.,video,1:1,accessories,vid_baselayer:Video
ad_00191,2023-03,322.08,631.12,25151,118,2,cruise further in 24 our baselayer,"Lightweight and breathable, this baselayer keeps you comfortable from the first pedal stroke to the last. Designed for riders who cruise in all conditions and demand the very best from their gear.",image,9:16,mountain,img_baselayer:Image|baselayer:Noun|race day ready:Phrase
ad_00192,2023-03,190.85,1333.44,22354,223,5,cruise further in our shell,Built to cruise. Premium shell. 🌧️,image,4:5,casual,img_shell:Image|shell:Noun|cold weather essentials:Phrase
ad_00193,2023-03,93.32,186.35,25462,143,2,the shorts you need to shred,Our shorts lets you shred better.,image,1:1,commute,img_shorts:Image|shorts:Noun|shred:Verb
ad_00194,2023-03,111.39,595.06,9830,97,2,bibs for every push,push further in our new bibs. 🚴,image,4:5,accessories,img_bibs:Image|push:Verb
ad_00195,2023-03,70.89,122.2,23251,211,3,premium 21 baselayer built to explore,"Lightweight and breathable, this baselayer keeps you comfortable from the first pedal stroke to the last. Designed for riders who explore in all conditions and demand the very best from their gear.",video,9:16,urban,vid_baselayer:Video|baselayer:Noun|your spring wardrobe:Phrase
ad_00196,2023-03,183.15,189.79,19321,96,1,the socks you need to cruise,"Engineered for performance on every terrain. Our socks is designed to help you cruise with total confidence, whether you are on a mountain pass or a city commute through changing weather. 🚴",video,1:1,commute,vid_socks:Video|cruise:Verb
ad_00197,2023-03,203.8,813.2,9007,58,1,premium shorts built to layer,Our shorts lets you layer better.,image,4:5,urban,img_shorts:Image|layer:Verb|trail tested:Phrase
ad_00198,2023-03,285.45,787.07,14681,116,2,sprint further in our shorts,"Lightweight and breathable, this shorts keeps you comfortable from the first pedal stroke to the last. Designed for riders who 6 sprint in all conditions and demand the very best from their gear.",video,4:5,gravel,vid_shorts:Video|shorts:Noun|sprint:Verb
ad_00199,2023-03,196.12,1429.49,51414,714,25,premium jacket built to cruise,Ride ready. Try our jacket today.,image,4:5,adventure,img_jacket:Image|jacket:Noun
ad_00200,2023-03,314.41,897.9,13422,90,2,5 new socks collection,"Engineered for performance on every terrain. Our socks is designed to help you ride with total confidence, whether you are on a mountain pass or a city commute through changing weather. ⛰️",image,9:16,casual,img_socks:Image|ride:Verb
ad_00201,2023-03,318.31,530.23,13585,66,1,the bibs you need to explore,"Built for the long haul. Our premium bibs combines technical fabrics with a refined fit so you can explore harder and go further, no matter what the forecast brings this season.",video,4:5,mountain,vid_bibs:Video|bibs:Noun|trail tested:Phrase
ad_00202,2023-03,90.15,878.18,20453,338,11,premium 2 socks built to push,6 Built to push. Premium socks.,image,9:16,adventure,img_socks:Image|socks:Noun|push:Verb|all day comfort:Phrase
ad_00203,2023-03,122.42,809.12,12458,110,3,new cap collection,"Built for the long haul. Our premium cap combines technical fabrics with a refined fit so you can train harder and go further, no matter what 6 the forecast brings this season. 🚴",image,4:5,casual,img_cap:Image
ad_00204,2023-03,165.95,1519.41,17514,271,10,pedal further in our tights,pedal further in our new tights.,image,4:5,adventure,img_tights:Image|tights:Noun
ad_00205,2023-03,109.36,433.64,13044,122,2,pedal further in our shell,pedal further in our new shell. ⛰️,image,9:16,accessories,img_shell:Image|shell:Noun
ad_00206,2023-03,144.36,325.94,19965,137,2,premium gloves built 17 to explore,explore further in our new gloves. ❄️,video,9:16,accessories,vid_gloves:Video|gloves:Noun|explore:Verb
ad_00207,2023-03,200.15,574.83,15829,148,3,premium gloves built to climb,Our gloves lets you climb better.,video,1:1,sale,vid_gloves:Video|gloves:Noun|lightweight layers:Phrase
ad_00208,2023-03,155.16,1189.67,43327,441,12,premium 5 jacket built to explore,Our jacket lets you explore better.,image,4:5,road,img_jacket:Image|explore:Verb
ad_00209,2023-03,167.09,715.97,16706,144,2,25 new gloves collection,Our gloves lets you climb better. ⛰️,image,9:16,gravel,img_gloves:Image|climb:Verb
ad_00210,2023-03,94.89,263.7,14606,107,1,the jersey 28 you need to gear,gear further in our new jersey. 💪,video,1:1,commute,vid_jersey:Video|gear:Verb|new arrivals:Phrase
ad_00211,2023-03,226.37,1406.39,27316,247,4,28 armwarmers for every train,Ride ready. 28 Try our armwarmers today.,image,4:5,commute,img_armwarmers:Image|train:Verb
ad_00212,2023-03,216.65,570.97,8144,49,1,wardrobe for every race,Our wardrobe lets you race better.,image,1:1,urban,img_wardrobe:Image|wardrobe:Noun|race:Verb
ad_00213,2023-03,105.72,909.42,38040,420,9,gear 4 further in our baselayer,Our baselayer lets you gear better.,image,4:5,accessories,img_baselayer:Image|baselayer:Noun
ad_00214,2023-03,76.89,128.36,9960,74,2,new kit collection,"Engineered for performance on every terrain. Our kit is designed to help you layer with total confidence, whether you are on a mountain pass or a city commute through changing weather.",video,1:1,casual,vid_kit:Video|kit:Noun|layer:Verb|gear up for summer:Phrase
ad_00215,2023-03,349.49,1417.14,29636,213,4,new tights collection,climb further in our new tights.,image,4:5,casual,img_tights:Image|tights:Noun
ad_00216,2023-03,476.86,1010.75,33821,312,5,the jacket you need to sprint,Our jacket lets you sprint better.,video,9:16,accessories,vid_jacket:Video|jacket:Noun|gear up for summer:Phrase
ad_00217,2023-03,192.32,454.09,12552,77,1,sprint further in our wardrobe,Built to sprint. Premium wardrobe.,video,4:5,mountain,vid_wardrobe:Video|ride in comfort:Phrase
ad_00218,2023-03,134.47,298.31,13170,59,1,new armwarmers collection,Our armwarmers lets you 8 gear better.,image,9:16,mountain,img_armwarmers:Image|armwarmers:Noun|gear:Verb
ad_00219,2023-03,312.96,971.55,15459,150,3,new bibs collection,ride further in our new bibs.,video,1:1,adventure,vid_bibs:Video|bibs:Noun|ride:Verb
ad_00220,2023-03,221.52,461.23,22277,97,1,premium wardrobe built to cruise,Our wardrobe lets you cruise better.,image,1:1,mountain,img_wardrobe:Image|wardrobe:Noun|cruise:Verb
ad_00221,2023-03,147.21,844.94,9912,96,2,the baselayer you need to race,"12 Built for the long haul. Our premium baselayer combines technical fabrics with a refined fit so you can race harder and go further, no matter what the forecast brings this season.",image,4:5,sale,img_baselayer:Image|baselayer:Noun|race:Verb|race day ready:Phrase
ad_00222,2023-03,298.62,1971.05,15458,181,3,3 cruise further in our shorts,"Built for 16 the long haul. Our premium shorts combines technical fabrics with a refined fit so you can cruise harder and go further, no matter what the forecast brings this season.",video,4:5,sale,vid_shorts:Video|shorts:Noun|ride in comfort:Phrase
ad_00223,2023-03,102.77,988.49,13958,161,5,premium shell built to cruise,Built to cruise. Premium shell. 🏔️,image,4:5,gravel,img_shell:Image|shell:Noun|gear up for summer:Phrase
ad_00224,2023-03,110.37,512.67,9181,98,2,19 bibs for every sprint,sprint further in our new bibs.,image,1:1,adult,img_bibs:Image|bibs:Noun
ad_00225,2023-03,207.78,784.2,9682,99,2,conquer further in our tights,17 Built to conquer. Premium tights.,image,1:1,accessories,img_tights:Image|conquer:Verb
ad_00226,2023-03,178.91,481.69,17407,158,3,ride further 4 in our jersey,Built to ride. Premium jersey.,video,1:1,road,vid_jersey:Video|jersey:Noun|ride:Verb
ad_00227,2023-03,244.86,842.39,17254,100,2,the armwarmers you need to sprint,sprint further in our new armwarmers.,image,4:5,commute,img_armwarmers:Image|armwarmers:Noun
ad_00228,2023-03,341.83,4066.87,11143,146,4,explore further 5 in our jacket,"Lightweight and breathable, this jacket keeps you comfortable from the first pedal stroke to the last. Designed for riders who explore in all conditions and demand the very best 3 from their gear. 🏔️",image,4:5,sale,img_jacket:Image|new arrivals:Phrase
ad_00229,2023-03,65.82,575.47,16986,197,5,the jacket you need to gear,gear 2 further in our new jacket.,image,4:5,road,img_jacket:Image|jacket:Noun|gear:Verb|built to last:Phrase
ad_00230,2023-03,171.0,567.84,11814,119,2,premium baselayer built to gear,"Engineered for performance on every terrain. Our baselayer is designed to help you gear with total confidence, whether you are on a mountain pass or a city commute through changing weather.",image,4:5,road,img_baselayer:Image|baselayer:Noun|gear:Verb|race day ready:Phrase
ad_00231,2023-03,522.68,614.36,31385,146,2,premium baselayer built to gear,"Engineered for performance on every terrain. Our baselayer is designed to help you gear with total confidence, whether you are on a mountain pass or a city commute through changing weather. 🏔️",video,9:16,casual,vid_baselayer:Video|baselayer:Noun|gear:Verb
ad_00232,2023-03,116.79,390.98,15507,140,3,conquer further 25 in our armwarmers,"Lightweight and breathable, this armwarmers keeps you comfortable from the first pedal stroke to the last. Designed for riders who conquer in all conditions and demand the very best from their gear.",image,1:1,road,img_armwarmers:Image|armwarmers:Noun
ad_00233,2023-03,108.8,301.02,28263,222,4,the jersey you need to gear,Ride ready. Try our jersey today.,video,4:5,gravel,vid_jersey:Video|jersey:Noun|gear:Verb
ad_00234,2023-03,43.54,79.61,7004,67,2,premium wardrobe built to ride,"Lightweight and breathable, this wardrobe keeps you comfortable from the first pedal stroke to the last. Designed for riders who ride in all conditions and demand the very best from their gear.",video,1:1,adventure,vid_wardrobe:Video|wardrobe:Noun
ad_00235,2023-03,177.57,263.42,19185,99,1,sprint further in our baselayer,Ride ready. Try our baselayer today.,video,4:5,mountain,vid_baselayer:Video|baselayer:Noun|sprint:Verb
ad_00236,2023-03,236.67,1259.49,21995,208,4,the cap you need to push,25 Our cap lets you push better.,video,4:5,accessories,vid_cap:Video|cap:Noun|adventure awaits:Phrase
ad_00237,2023-03,236.38,296.46,15239,74,1,the jersey you need to descend,"Engineered for performance on every terrain. Our jersey is designed to help you descend with total confidence, whether you are on a mountain pass or a city commute through changing weather. 🌧️",image,9:16,mountain,img_jersey:Image|jersey:Noun|descend:Verb
ad_00238,2023-03,89.67,308.99,12470,97,2,the tights you need to push,Ride ready. Try our tights today.,image,1:1,accessories,img_tights:Image|push:Verb
ad_00239,2023-03,166.18,481.3,15117,118,2,premium shell built to descend,Built to descend. Premium shell.,video,4:5,accessories,vid_shell:Video|shell:Noun
ad_00240,2023-03,190.8,962.81,23665,194,3,new jacket collection,Built to climb. Premium jacket. ⛰️,image,4:5,urban,img_jacket:Image
ad_00241,2023-03,172.36,1446.6,8913,116,3,28 socks for every cruise,"Engineered for performance on every terrain. Our socks is designed to help you cruise with total confidence, whether you are on 19 a mountain pass or a city commute through changing weather.",image,4:5,accessories,img_socks:Image|socks:Noun|new arrivals:Phrase
ad_00242,2023-03,86.61,410.12,23174,134,2,sprint further in our baselayer,Ride 9 ready. Try our baselayer today.,image,4:5,mountain,img_baselayer:Image
ad_00243,2023-03,174.99,452.88,19143,148,2,premium cap built to sprint,Ride ready. Try our cap today.,video,4:5,accessories,vid_cap:Video|cap:Noun
ad_00244,2023-03,102.47,343.67,14330,156,4,cap for every sprint,"Engineered for performance on every terrain. Our cap is designed to help you sprint with total confidence, whether you are on a mountain pass or a city commute through changing weather.",image,1:1,adventure,img_cap:Image|cap:Noun|sprint:Verb
ad_00245,2023-03,54.34,362.36,14640,115,2,new 13 baselayer collection,Our baselayer lets you conquer better. 🏔️,image,4:5,urban,img_baselayer:Image|baselayer:Noun|conquer:Verb
ad_00246,2023-03,251.41,527.46,16839,111,1,new bibs collection,"Engineered for performance on every terrain. Our bibs is designed to help you shred with total confidence, whether you are on a mountain pass or a city commute through changing weather. ❄️",video,4:5,commute,vid_bibs:Video|bibs:Noun|ride in comfort:Phrase
ad_00247,2023-03,181.7,652.33,37415,351,7,the jersey you need to layer,Our jersey lets you layer better.,image,9:16,road,img_jersey:Image|jersey:Noun|cold weather essentials:Phrase
ad_00248,2023-03,238.28,996.94,19429,130,2,armwarmers for every pedal,Ride ready. Try our armwarmers today. ❄️,image,1:1,accessories,img_armwarmers:Image|armwarmers:Noun
ad_00249,2023-03,121.22,544.62,10190,117,2,premium armwarmers built to descend,Our armwarmers lets 23 you descend better.,video,1:1,adventure,vid_armwarmers:Video|descend:Verb
ad_00250,2023-03,243.29,1053.42,13133,126,2,premium kit built 4 to train,Our kit lets you train better.,image,9:16,accessories,img_kit:Image|kit:Noun
ad_00251,2023-03,308.46,1952.67,9212,119,4,new bibs collection,Ride ready. Try our 2 bibs today.,image,9:16,adventure,img_bibs:Image
ad_00252,2023-05,478.53,1003.27,6346,37,0,kit for every sprint,Our kit lets you sprint better.,image,9:16,gravel,img_kit:Image|kit:Noun|sprint:Verb
ad_00253,2023-06,272.23,580.88,9131,65,1,baselayer for every climb,Ride ready. Try our baselayer today.,video,4:5,gravel,vid_baselayer:Video|baselayer:Noun
ad_00254,2023-06,210.44,245.87,17336,59,0,new kit collection,descend further in our new kit.,image,9:16,adventure,img_kit:Image
ad_00255,2023-06,72.99,138.33,30869,210,3,new cap collection,"Engineered for performance on every terrain. Our cap is designed to help you descend with total confidence, whether you are on a mountain pass or a city commute through changing weather.",video,4:5,commute,vid_cap:Video|cap:Noun|gravel ready:Phrase
ad_00256,2023-06,156.71,507.5,26861,233,4,push further in our vest,Ride ready. Try our vest today. ☀️,image,1:1,commute,img_vest:Image|vest:Noun
ad_00257,2023-06,71.15,303.55,9163,65,1,new shell collection,Ride ready. Try our shell today.,image,4:5,gravel,img_shell:Image|shell:Noun
ad_00258,2023-06,102.21,463.41,10957,58,1,premium socks built to cruise,26 Our socks lets you cruise better.,image,4:5,adventure,img_socks:Image|socks:Noun|your spring wardrobe:Phrase
ad_00259,2023-06,539.88,1100.06,10211,67,1,new kit collection,Built to 12 ride. Premium kit.,video,9:16,adult,vid_kit:Video|kit:Noun|gravel ready:Phrase
ad_00260,2023-06,90.42,408.38,4491,44,1,premium jacket built to layer,layer further in our 13 new jacket. 🏔️,video,4:5,commute,vid_jacket:Video|layer:Verb|lightweight layers:Phrase
ad_00261,2023-06,40.97,91.81,15014,89,1,shred further in our socks,Built to 10 shred. Premium socks.,video,1:1,commute,vid_socks:Video|shred:Verb
ad_00262,2023-06,272.11,1867.77,24395,304,8,26 vest for every cruise,"Engineered for performance on every terrain. Our vest is designed to help you cruise with total confidence, whether you are on a mountain pass or a city commute through changing weather.",image,4:5,road,img_vest:Image|vest:Noun|ride in comfort:Phrase
ad_00263,2023-06,111.55,343.13,14391,105,2,kit for every layer,"Engineered for performance on every terrain. Our kit is designed to help you layer with total confidence, whether you are on a mountain pass or a city commute through changing weather.",image,4:5,adult,img_kit:Image|layer:Verb
ad_00264,2023-06,264.84,464.04,8661,31,0,26 new armwarmers collection,"Engineered for performance on every terrain. Our armwarmers is designed to help you descend with total confidence, whether you are on a mountain pass or a city commute through changing weather. ☀️",image,9:16,adventure,img_armwarmers:Image|race day ready:Phrase
ad_00265,2023-06,82.78,169.96,10699,82,1,new vest collection,Built to descend. Premium vest.,video,9:16,mountain,vid_vest:Video|vest:Noun|descend:Verb|gravel ready:Phrase
ad_00266,2023-06,129.38,535.56,13851,148,3,wardrobe for every layer,Our wardrobe lets you layer better. ❄️,video,4:5,mountain,vid_wardrobe:Video|layer:Verb
ad_00267,2023-06,342.35,3600.04,23996,283,6,premium 13 kit built to train,"Built for the long haul. Our premium kit combines technical fabrics with a refined fit so you can train 11 harder and go further, no matter what the forecast brings this season. ❄️",image,4:5,commute,img_kit:Image|kit:Noun|train:Verb|lightweight layers:Phrase
ad_00268,2023-06,75.57,222.29,14900,110,2,cruise further in our tights,Built to cruise. Premium tights. 🔥,video,4:5,urban,vid_tights:Video
ad_00269,2023-06,150.92,448.59,22426,266,6,push further in our jersey,"Lightweight and breathable, this jersey keeps you comfortable from the first pedal stroke to the last. Designed for riders who push in all conditions and demand the very best from their gear.",video,4:5,mountain,vid_jersey:Video|jersey:Noun|push:Verb|built to last:Phrase
ad_00270,2023-06,198.96,1708.79,15676,154,3,the gloves 3 you need to ride,Built to ride. 26 Premium gloves.,image,4:5,adult,img_gloves:Image|gloves:Noun|ride:Verb
ad_00271,2023-06,108.5,313.01,18378,112,2,premium tights built to climb,"Engineered for performance on every terrain. Our tights is designed to help you climb with total confidence, whether you are on a mountain pass or a city commute through changing weather.",image,4:5,commute,img_tights:Image
ad_00272,2023-06,193.16,994.7,10203,91,2,premium vest built to explore,explore further 2 in our new vest.,image,1:1,road,img_vest:Image
ad_00273,2023-06,168.63,350.12,11587,86,1,premium 23 jersey built to cruise,Ride ready. Try our jersey today.,video,1:1,casual,vid_jersey:Video|jersey:Noun|cruise:Verb
ad_00274,2023-06,230.22,772.07,8713,89,2,new jersey collection,Ride ready. Try our jersey today.,image,1:1,road,img_jersey:Image|jersey:Noun
ad_00275,2023-06,504.53,1383.34,22056,168,3,cap for every sprint,sprint further in our new cap.,video,4:5,road,vid_cap:Video|cap:Noun|sprint:Verb|gravel ready:Phrase
ad_00276,2023-06,831.68,2183.45,14114,146,3,premium armwarmers built to cruise,"Engineered for performance on every terrain. Our armwarmers is designed to help you cruise with total confidence, whether you are on a mountain pass or a city commute through changing weather. 🔥",image,9:16,accessories,img_armwarmers:Image|armwarmers:Noun|cruise:Verb|new arrivals:Phrase
ad_00277,2023-06,220.59,2674.89,2702,31,1,23 explore further in our baselayer,Built 28 to explore. Premium baselayer.,image,4:5,accessories,img_baselayer:Image|baselayer:Noun|explore:Verb|trail tested:Phrase
ad_00278,2023-06,156.35,480.57,20767,206,4,new cap collection,conquer further in our new cap.,image,1:1,adult,img_cap:Image|cap:Noun|adventure awaits:Phrase
ad_00279,2023-06,217.65,1076.95,26572,239,4,new vest collection,Built to 16 race. Premium vest.,video,4:5,casual,vid_vest:Video|vest:Noun|new arrivals:Phrase
ad_00280,2023-06,145.32,541.23,10880,92,2,the jacket you need to train,"Lightweight and breathable, this jacket keeps you comfortable from the first pedal stroke to the last. Designed for riders who train in all conditions and demand the very best from their gear.",image,4:5,adult,img_jacket:Image|jacket:Noun|adventure awaits:Phrase
ad_00281,2023-06,64.45,204.65,20758,190,4,the baselayer you 27 need to sprint,Ride ready. Try our baselayer today. 💪,video,9:16,accessories,vid_baselayer:Video|baselayer:Noun|new arrivals:Phrase
ad_00282,2023-06,162.45,510.44,14701,125,3,the gloves you need to descend,Built to descend. Premium gloves.,image,1:1,gravel,img_gloves:Image|gloves:Noun|descend:Verb|built to last:Phrase
ad_00283,2023-06,319.77,927.88,5662,43,1,4 the shell you need to climb,Our shell lets you climb better.,video,1:1,road,vid_shell:Video
ad_00284,2023-06,69.37,90.65,43348,221,2,new bibs collection,"Built for the long haul. Our premium bibs combines technical fabrics with a refined fit so you can train harder and go further, no matter what the forecast brings this season.",image,9:16,adult,img_bibs:Image|bibs:Noun|train:Verb
ad_00285,2023-06,92.53,198.31,14745,119,2,shred further in our vest,Our vest lets you shred better.,video,9:16,accessories,vid_vest:Video|vest:Noun|cold weather essentials:Phrase
ad_00286,2023-06,117.82,178.34,18056,97,1,new bibs collection,Ride ready. Try our bibs today.,video,1:1,urban,vid_bibs:Video
ad_00287,2023-06,208.87,1662.19,11947,101,2,baselayer for 23 every descend,Ride ready. Try 5 our baselayer today. 💪,image,1:1,gravel,img_baselayer:Image|baselayer:Noun
ad_00288,2023-06,695.42,588.12,14084,73,1,new shorts collection,"Lightweight and breathable, this shorts keeps you comfortable from the first pedal stroke to the last. Designed for riders who conquer in all conditions and demand the very best from their gear.",video,1:1,gravel,vid_shorts:Video|conquer:Verb
ad_00289,2023-06,102.79,445.09,17701,165,3,conquer further 15 in our gloves,"Lightweight and breathable, this gloves keeps you comfortable from the first pedal stroke to the last. Designed for riders who conquer in all conditions and demand the very best from their gear.",image,1:1,road,img_gloves:Image|gloves:Noun|trail tested:Phrase
ad_00290,2023-06,176.45,424.35,9694,87,2,new 27 armwarmers collection,"Lightweight and breathable, this armwarmers keeps you comfortable from the first pedal stroke to the last. Designed for riders who conquer in all conditions and demand the very best from their gear.",video,9:16,mountain,vid_armwarmers:Video|armwarmers:Noun|conquer:Verb|new arrivals:Phrase
ad_00291,2023-06,167.63,698.26,38082,186,2,premium 10 jacket built to ride,Our jacket lets you ride better.,image,4:5,adventure,img_jacket:Image|jacket:Noun|built to last:Phrase
ad_00292,2023-07,139.43,361.36,24825,173,3,premium armwarmers built to ride,"Lightweight and breathable, this armwarmers keeps you comfortable from the first pedal stroke to the last. Designed for riders who ride in all conditions and demand the very best from their gear. 🚴",image,1:1,urban,img_armwarmers:Image|armwarmers:Noun|ride:Verb
ad_00293,2023-07,162.34,493.15,21140,153,3,descend further in our cap,Built to descend. Premium cap.,video,4:5,road,vid_cap:Video|cap:Noun|lightweight layers:Phrase
ad_00294,2023-07,126.4,516.93,15209,111,2,descend further in our wardrobe,Our wardrobe lets 8 you descend better.,video,4:5,commute,vid_wardrobe:Video|wardrobe:Noun|descend:Verb|all day comfort:Phrase
ad_00295,2023-08,866.19,3426.95,11158,90,2,premium armwarmers built to race,race further 24 in our new armwarmers.,video,4:5,commute,vid_armwarmers:Video|armwarmers:Noun
ad_00296,2023-08,261.94,423.55,27325,172,2,premium shell built to pedal,Our shell lets you pedal better.,video,9:16,sale,vid_shell:Video|shell:Noun|pedal:Verb
ad_00297,2023-08,127.06,228.28,22156,132,2,gloves 4 for every conquer,Built to conquer. Premium gloves.,video,9:16,adventure,vid_gloves:Video
ad_00298,2023-08,339.84,722.1,13371,95,1,explore 29 further in our jersey,"Built for the long haul. Our premium jersey combines technical fabrics with a refined fit so you can explore harder and go further, no matter what the forecast brings this season.",video,4:5,accessories,vid_jersey:Video|explore:Verb
ad_00299,2023-08,194.87,812.45,9493,98,2,the jacket you need to pedal,Our jacket lets you pedal better. 🚴,video,4:5,mountain,vid_jacket:Video|jacket:Noun|pedal:Verb
ad_00300,2023-08,172.96,1072.08,7425,96,3,the shell 24 you need to train,train further in our new shell.,video,4:5,mountain,vid_shell:Video|shell:Noun|train:Verb|lightweight layers:Phrase
ad_00301,2023-08,149.77,755.78,16561,173,5,28 sprint further in our baselayer,Our baselayer lets you sprint better.,image,1:1,gravel,img_baselayer:Image|sprint:Verb|trail tested:Phrase
ad_00302,2023-08,143.78,424.57,14416,168,3,24 race further in our vest,Built to race. Premium vest.,video,9:16,sale,vid_vest:Video|vest:Noun|cold weather essentials:Phrase
ad_00303,2023-08,80.35,689.7,29535,425,13,ride further in our shell,ride further in our 22 new shell. ☀️,video,4:5,mountain,vid_shell:Video|shell:Noun|ride:Verb|lightweight layers:Phrase
ad_00304,2023-08,61.2,170.64,26813,183,3,the baselayer you need to explore,Ride ready. Try our baselayer today.,image,1:1,accessories,img_baselayer:Image|baselayer:Noun
ad_00305,2023-08,208.67,437.56,16647,98,1,shell for 13 every push,Ride ready. Try our shell today.,video,1:1,adult,vid_shell:Video
ad_00306,2023-08,148.87,596.73,15677,160,4,new 2 jersey collection,Our jersey lets you climb better.,image,9:16,casual,img_jersey:Image|jersey:Noun|climb:Verb|adventure awaits:Phrase
ad_00307,2023-08,282.81,1205.62,9177,72,1,shorts for 15 every cruise,cruise further in 27 our new shorts. 🚴,video,9:16,adult,vid_shorts:Video|shorts:Noun|your spring wardrobe:Phrase
ad_00308,2023-08,97.94,240.5,27751,177,2,new cap collection,conquer further in our new cap.,image,1:1,adult,img_cap:Image|cap:Noun
ad_00309,2023-09,86.45,257.0,15870,122,2,premium cap 12 built to conquer,Built to conquer. Premium cap.,image,1:1,accessories,img_cap:Image|cap:Noun|conquer:Verb
ad_00310,2023-09,266.14,840.2,22096,239,5,gear further in our gloves,Our gloves lets you gear better.,image,1:1,adventure,img_gloves:Image|gloves:Noun|gear:Verb
ad_00311,2023-09,139.93,395.77,29405,245,4,premium shell built to pedal,pedal further in our new shell. 🌧️,video,1:1,mountain,vid_shell:Video|shell:Noun|pedal:Verb|trail tested:Phrase
ad_00312,2023-09,279.15,1918.64,12305,149,4,new baselayer collection,Ride ready. Try our baselayer today.,image,4:5,casual,img_baselayer:Image|baselayer:Noun|adventure awaits:Phrase
ad_00313,2023-09,170.44,338.09,10792,78,1,cap for every cruise,Built to cruise. Premium cap.,video,9:16,commute,vid_cap:Video|cap:Noun|lightweight layers:Phrase
ad_00314,2023-09,515.34,1561.84,56099,323,4,conquer further in our gloves,28 Ride ready. Try our gloves today.,image,1:1,accessories,img_gloves:Image|gloves:Noun|conquer:Verb
ad_00315,2023-09,262.9,404.4,21977,153,2,new baselayer collection,Ride ready. Try our baselayer today.,video,1:1,urban,vid_baselayer:Video|explore:Verb
ad_00316,2023-09,213.61,1031.0,14203,121,2,the 17 bibs you need to descend,"Built for the long haul. Our premium bibs combines technical fabrics with a refined fit so you can descend harder and go further, no matter what the forecast brings this season. ❄️",image,1:1,mountain,img_bibs:Image|bibs:Noun
ad_00317,2023-09,269.96,1271.98,30348,250,5,kit for every shred,Ride ready. Try our kit today.,image,4:5,casual,img_kit:Image
ad_00318,2023-09,141.82,644.23,13994,154,3,new baselayer collection,sprint further in our new baselayer.,image,1:1,urban,img_baselayer:Image|baselayer:Noun|sprint:Verb|cold weather essentials:Phrase
ad_00319,2023-09,62.34,305.74,19212,209,5,new shorts collection,Built to race. Premium shorts.,image,1:1,urban,img_shorts:Image|shorts:Noun|ride in comfort:Phrase
ad_00320,2023-09,207.45,771.0,12288,94,2,new kit collection,Built to train. Premium kit.,image,1:1,commute,img_kit:Image|kit:Noun
ad_00321,2023-09,535.54,4842.58,16188,225,6,new 3 shorts collection,shred further in our 10 new shorts.,image,9:16,adventure,img_shorts:Image|shorts:Noun|ride in comfort:Phrase
ad_00322,2023-09,42.27,188.21,14235,101,1,3 new gloves collection,Built to 2 pedal. Premium gloves.,image,1:1,road,img_gloves:Image
ad_00323,2023-09,221.36,666.91,11210,70,1,sprint further 22 in our gloves,Ride ready. Try our gloves today.,image,1:1,accessories,img_gloves:Image|gloves:Noun|sprint:Verb
ad_00324,2023-09,66.5,147.82,18434,140,2,new jersey collection,conquer further in our new jersey.,video,1:1,casual,vid_jersey:Video|jersey:Noun|new arrivals:Phrase
ad_00325,2023-09,164.73,270.33,11864,85,1,the vest 5 you need to train,"Engineered for performance on every terrain. Our vest is designed to help you train with total confidence, whether you are on a mountain pass or a city commute through changing weather.",video,1:1,sale,vid_vest:Video|train:Verb
ad_00326,2023-09,175.21,781.04,21775,190,3,the kit you need to conquer,21 Our kit lets you conquer better.,image,9:16,urban,img_kit:Image|conquer:Verb|trail tested:Phrase
ad_00327,2023-09,261.5,1585.48,14020,98,2,28 premium socks built to descend,"Lightweight and breathable, this socks keeps you comfortable from the first pedal stroke to the last. Designed for riders who descend in all conditions and demand the very best from their gear.",image,4:5,urban,img_socks:Image|socks:Noun
ad_00328,2023-09,189.5,752.16,6908,84,2,premium gloves built to pedal,Our gloves lets you pedal better.,image,9:16,gravel,img_gloves:Image|gloves:Noun|lightweight layers:Phrase
ad_00329,2023-09,380.86,2810.31,22269,154,2,shred further in 20 our kit,shred further 21 in our new kit.,image,4:5,accessories,img_kit:Image|kit:Noun
ad_00330,2023-09,336.35,2899.15,22456,256,7,16 pedal further in our armwarmers,Ride ready. Try our armwarmers today. ☀️,image,4:5,casual,img_armwarmers:Image
ad_00331,2023-09,148.46,810.12,50378,628,15,the kit 14 you need to train,Our kit lets you train better.,image,9:16,adventure,img_kit:Image|kit:Noun|all day comfort:Phrase
ad_00332,2023-09,322.13,1117.73,16472,150,3,new shell collection,pedal further in our new shell.,image,1:1,casual,img_shell:Image|shell:Noun
ad_00333,2023-09,138.47,371.52,17893,94,1,new shell collection,Ride ready. Try our shell today.,image,1:1,accessories,img_shell:Image|shell:Noun
ad_00334,2023-09,124.89,319.36,20740,197,3,conquer further in our jersey,conquer further in our new jersey.,video,1:1,adventure,vid_jersey:Video|jersey:Noun
ad_00335,2023-09,81.1,398.94,27184,250,5,new jersey collection,Built to gear. Premium jersey.,image,4:5,casual,img_jersey:Image
ad_00336,2023-09,367.05,538.5,26347,209,2,premium wardrobe built to climb,Our wardrobe lets you climb better.,video,9:16,gravel,vid_wardrobe:Video|wardrobe:Noun|climb:Verb
ad_00337,2023-09,139.53,594.03,19147,155,3,the tights you need 14 to cruise,Built to cruise. Premium tights.,image,9:16,gravel,img_tights:Image|tights:Noun
ad_00338,2023-09,39.07,136.03,16059,199,4,the shell you need to climb,Our shell lets you climb better.,image,1:1,mountain,img_shell:Image|shell:Noun|climb:Verb
ad_00339,2023-09,231.26,249.31,24881,152,2,new bibs collection,"Lightweight and breathable, this bibs keeps you comfortable from the first pedal stroke to the last. Designed for riders who ride in all conditions and demand the very best from their gear.",video,9:16,urban,vid_bibs:Video|bibs:Noun
ad_00340,2023-09,128.75,243.41,15728,131,2,the jacket you need to conquer,"Lightweight and breathable, this jacket keeps you comfortable from the first pedal stroke to the last. Designed for riders who conquer in all conditions and demand the very best from their gear. 💪",video,1:1,casual,vid_jacket:Video|conquer:Verb|adventure awaits:Phrase
ad_00341,2023-09,139.65,533.64,8569,80,2,conquer further in our vest,"Engineered for performance on every terrain. Our vest is designed to help you conquer with total confidence, whether you are 24 on a mountain pass or a city commute through changing weather.",image,1:1,mountain,img_vest:Image|vest:Noun
ad_00342,2023-09,145.17,181.6,7707,45,1,premium jersey built to cruise,"Engineered for performance on every terrain. Our jersey is designed to help you cruise with total confidence, whether you are on a mountain pass or a city commute through changing weather.",video,1:1,casual,vid_jersey:Video
ad_00343,2023-09,136.51,879.48,14099,158,4,baselayer for every conquer,Our baselayer lets you conquer better.,image,4:5,adventure,img_baselayer:Image|baselayer:Noun
ad_00344,2023-09,858.32,1919.72,17335,128,2,explore further in our jersey,Our jersey lets you explore better.,video,1:1,urban,vid_jersey:Video|jersey:Noun|your spring wardrobe:Phrase
ad_00345,2023-09,453.02,2447.61,56193,469,9,the armwarmers you need to ride,Our armwarmers lets you ride better.,image,4:5,casual,img_armwarmers:Image|armwarmers:Noun
ad_00346,2023-09,254.12,1858.35,15375,170,6,premium bibs built to conquer,conquer further in our new bibs.,image,4:5,sale,img_bibs:Image|bibs:Noun|gear up for summer:Phrase
ad_00347,2023-09,193.08,573.63,16711,115,2,the baselayer you need to conquer,Ride ready. Try our baselayer today.,image,1:1,urban,img_baselayer:Image|baselayer:Noun|conquer:Verb
ad_00348,2023-09,328.84,912.61,13338,78,1,the jersey you 25 need to push,"Lightweight and breathable, this jersey keeps you comfortable from the first pedal stroke to the last. Designed for 11 riders who push in all conditions and demand the very best from their gear. 🚴",image,9:16,accessories,img_jersey:Image|jersey:Noun|push:Verb
ad_00349,2023-09,193.35,688.25,22246,190,4,premium socks built to race,Built 26 to race. Premium socks.,video,4:5,mountain,vid_socks:Video|socks:Noun|race:Verb
ad_00350,2023-09,272.55,556.92,18783,153,2,new jacket collection,"Lightweight and breathable, this jacket keeps you comfortable from the first pedal stroke to the last. Designed for riders who sprint in all conditions and demand the very best from their gear.",video,4:5,gravel,vid_jacket:Video|jacket:Noun
ad_00351,2023-09,233.52,1043.74,11865,74,1,premium armwarmers built to explore,Ride ready. Try 27 our armwarmers today.,image,4:5,accessories,img_armwarmers:Image|armwarmers:Noun|explore:Verb
ad_00352,2023-09,180.43,428.93,9846,79,1,premium wardrobe built to ride,Our wardrobe lets you ride better.,image,1:1,road,img_wardrobe:Image|wardrobe:Noun|ride:Verb|lightweight layers:Phrase
ad_00353,2023-09,293.68,810.04,13351,89,1,cap 17 for every cruise,"Engineered for performance on every terrain. Our cap is designed to help you cruise with total confidence, whether you are on a mountain pass or a city commute through changing weather.",image,1:1,accessories,img_cap:Image|cap:Noun
ad_00354,2023-09,129.83,617.05,10709,122,3,4 kit for every sprint,sprint further in our 28 new kit.,video,1:1,casual,vid_kit:Video|kit:Noun|your spring wardrobe:Phrase
ad_00355,2023-09,173.02,265.72,14544,96,1,new vest collection,Our vest lets you race better. 🔥,video,9:16,casual,vid_vest:Video|vest:Noun|race:Verb
ad_00356,2023-09,92.82,166.95,17523,132,2,premium wardrobe built to ride,"Lightweight and breathable, this wardrobe keeps you comfortable from the first pedal stroke to the last. Designed for riders who ride in all conditions and demand the very best from their gear.",image,1:1,casual,img_wardrobe:Image|wardrobe:Noun|ride:Verb
ad_00357,2023-09,99.48,623.8,12707,153,4,sprint further in 16 our socks,sprint further in our 9 new socks.,video,4:5,adventure,vid_socks:Video|socks:Noun
ad_00358,2023-09,36.63,113.2,33785,256,5,new wardrobe collection,Ride ready. Try our wardrobe today.,image,1:1,casual,img_wardrobe:Image
ad_00359,2023-09,219.7,436.98,29150,223,4,new gloves collection,pedal further in our new gloves.,video,9:16,mountain,vid_gloves:Video|gloves:Noun
ad_00360,2023-09,259.1,518.59,14556,101,2,jacket 24 for every cruise,Our jacket lets you cruise better.,video,9:16,urban,vid_jacket:Video
ad_00361,2023-09,320.4,671.05,10081,93,2,new baselayer collection,"Lightweight and breathable, this baselayer keeps you comfortable from the first pedal stroke to the last. Designed for riders who explore in all conditions and demand the very best from their gear.",image,9:16,adventure,img_baselayer:Image|baselayer:Noun
ad_00362,2023-09,86.22,338.34,16085,167,4,descend further in our baselayer,"Engineered for performance on every terrain. Our baselayer is designed to help you descend with total confidence, whether you are on a mountain pass or a city commute through changing weather.",image,4:5,adventure,img_baselayer:Image|baselayer:Noun|descend:Verb
ad_00363,2023-09,217.51,1811.59,15270,201,6,the wardrobe you 10 need to layer,Built to layer. Premium wardrobe. ☀️,image,1:1,adventure,img_wardrobe:Image|wardrobe:Noun|layer:Verb|new arrivals:Phrase
ad_00364,2023-09,166.98,516.9,15822,136,2,new kit collection,Ride ready. Try our kit today.,image,9:16,commute,img_kit:Image
ad_00365,2023-09,260.05,1113.5,13380,142,3,armwarmers 2 for every gear,"Engineered for performance on every terrain. Our armwarmers is designed to help you gear with total confidence, whether you are on a mountain pass or a city commute through changing weather.",video,4:5,mountain,vid_armwarmers:Video|new arrivals:Phrase
ad_00366,2023-09,113.01,110.41,9661,48,1,tights for every explore,Built to explore. Premium tights.,video,9:16,adult,vid_tights:Video|tights:Noun|explore:Verb
ad_00367,2023-09,136.53,217.62,16613,96,1,premium wardrobe built to sprint,"Engineered for performance on every terrain. Our wardrobe is designed to help you sprint with total confidence, whether you are on a mountain pass or a city commute through changing weather. ☀️",video,4:5,road,vid_wardrobe:Video|wardrobe:Noun|sprint:Verb|race day ready:Phrase
ad_00368,2023-09,65.77,224.49,13699,111,2,socks for every layer,"Built for the long haul. Our premium socks combines technical fabrics with a refined fit so you can layer harder and go further, no matter what the forecast brings this season.",image,4:5,mountain,img_socks:Image|socks:Noun|layer:Verb
ad_00369,2023-09,108.65,755.8,14322,161,4,new socks collection,Built to layer. Premium socks.,image,4:5,adventure,img_socks:Image|socks:Noun|layer:Verb
ad_00370,2023-09,167.36,594.94,17112,137,3,layer further in our tights,Ride ready. Try our tights today.,image,1:1,casual,img_tights:Image|tights:Noun|layer:Verb|your spring wardrobe:Phrase
ad_00371,2023-09,185.45,376.45,15770,80,1,pedal further 4 in our armwarmers,Built to pedal. Premium armwarmers.,video,1:1,road,vid_armwarmers:Video|armwarmers:Noun
ad_00372,2023-09,60.75,384.0,16927,189,4,25 baselayer for every layer,layer further in our new baselayer.,video,4:5,adventure,vid_baselayer:Video|baselayer:Noun|trail tested:Phrase
ad_00373,2023-09,122.91,901.19,13386,184,5,vest for 29 every shred,Built to shred. Premium vest. 💪,video,4:5,mountain,vid_vest:Video|vest:Noun|cold weather essentials:Phrase
ad_00374,2023-09,183.92,1275.6,19547,211,4,premium jacket built to cruise,"Built for the long haul. Our premium 14 jacket combines technical fabrics with a refined fit so you can cruise harder and go further, no matter what the forecast brings this season. 💪",image,4:5,commute,img_jacket:Image|cruise:Verb|race day ready:Phrase
ad_00375,2023-09,388.83,588.14,11403,75,1,new vest collection,Our vest lets you cruise better.,video,1:1,casual,vid_vest:Video|cruise:Verb
ad_00376,2023-09,100.62,291.5,9476,122,3,baselayer for 15 every sprint,sprint further in our new baselayer.,video,9:16,adventure,vid_baselayer:Video|your spring wardrobe:Phrase
ad_00377,2023-09,224.16,510.26,10462,51,1,train further in our gloves,Our gloves lets you train better.,image,1:1,adult,img_gloves:Image|gloves:Noun
ad_00378,2023-09,119.27,305.55,11640,90,1,new gloves collection,Ride ready. Try our gloves today.,image,9:16,commute,img_gloves:Image|gloves:Noun
ad_00379,2023-09,127.85,301.19,8575,72,1,premium tights built to sprint,"Engineered for performance on every terrain. Our tights is designed to help you sprint with total confidence, whether you are on a mountain pass or a city commute through changing weather.",video,4:5,adventure,vid_tights:Video|tights:Noun
ad_00380,2023-09,98.67,303.96,7004,61,1,new armwarmers collection,train further in our new armwarmers. 💪,image,9:16,gravel,img_armwarmers:Image|armwarmers:Noun|train:Verb
ad_00381,2023-09,89.27,361.33,21000,155,2,gear further 24 in our gloves,"Built for the long haul. Our premium gloves combines technical fabrics 4 with a refined fit so you can gear harder and go further, no matter what the forecast brings this season.",image,1:1,accessories,img_gloves:Image|gear:Verb|new arrivals:Phrase
ad_00382,2023-09,125.64,152.76,30873,169,2,new armwarmers collection,"Engineered for performance on every terrain. Our armwarmers is designed to help you pedal with total confidence, whether you are on a mountain pass or a city commute through changing weather.",video,1:1,commute,vid_armwarmers:Video|armwarmers:Noun
ad_00383,2023-09,313.29,3465.3,21577,363,14,armwarmers for 11 every ride,Ride ready. Try our armwarmers today.,image,4:5,adventure,img_armwarmers:Image|armwarmers:Noun|ride:Verb|gear up for summer:Phrase
ad_00384,2023-09,106.2,201.29,12823,69,1,the tights you need to push,"Engineered for performance on every terrain. Our tights is designed 11 to help you push with total confidence, whether you are on a mountain pass or a city commute through changing weather. ☀️",image,9:16,adult,img_tights:Image|tights:Noun|push:Verb
ad_00385,2023-09,96.73,158.74,6921,48,1,premium socks built to descend,"Lightweight and breathable, this socks keeps you comfortable from the first pedal stroke to the last. Designed for riders who descend in all conditions and 22 demand the very best from their gear.",video,1:1,commute,vid_socks:Video|socks:Noun|descend:Verb
ad_00386,2023-09,189.39,333.34,17971,133,2,sprint 8 further in our socks,"Lightweight and breathable, this socks keeps you comfortable from the first pedal stroke to the last. Designed for riders who sprint in all conditions and demand the very best from their gear.",video,9:16,commute,vid_socks:Video|socks:Noun|sprint:Verb|trail tested:Phrase
ad_00387,2023-09,167.58,1000.7,7309,82,2,new kit collection,"Built for the long haul. Our premium kit combines technical fabrics with a refined fit so you can ride harder and 10 go further, no matter what the forecast brings this season.",image,4:5,casual,img_kit:Image|kit:Noun|ride:Verb|gear up for summer:Phrase
ad_00388,2023-09,160.35,751.33,15634,128,2,26 wardrobe for every race,race further in our new wardrobe.,image,1:1,urban,img_wardrobe:Image|wardrobe:Noun|race:Verb
ad_00389,2023-09,194.55,764.01,10946,98,2,push further in our baselayer,Built to push. Premium baselayer.,image,1:1,adventure,img_baselayer:Image|baselayer:Noun|push:Verb
ad_00390,2023-09,91.16,745.55,5220,61,1,bibs for every sprint,29 Ride ready. Try our bibs today.,image,4:5,mountain,img_bibs:Image|sprint:Verb
ad_00391,2023-09,97.41,86.52,34228,179,2,new shorts collection,"Lightweight and breathable, this shorts keeps you comfortable from the first pedal stroke to the last. Designed for riders who race in all conditions and demand the very best from their gear.",image,9:16,adult,img_shorts:Image|shorts:Noun|race:Verb
ad_00392,2023-09,301.89,860.2,8713,73,1,conquer further in our baselayer,Ride ready. Try our baselayer today.,video,4:5,gravel,vid_baselayer:Video|conquer:Verb
ad_00393,2023-09,153.05,486.23,13666,76,1,the shorts you need to gear,Ride ready. 2 Try our shorts today.,video,4:5,adult,vid_shorts:Video|shorts:Noun|all day comfort:Phrase
ad_00394,2023-09,238.93,2276.31,15307,164,4,the vest you 14 need to shred,Ride ready. 3 Try our vest today.,image,4:5,casual,img_vest:Image|vest:Noun|shred:Verb
ad_00395,2023-09,348.19,1189.31,12904,107,2,premium vest built to gear,Our vest lets you gear better.,image,1:1,mountain,img_vest:Image|vest:Noun|gear:Verb|trail tested:Phrase
ad_00396,2023-09,277.48,553.94,20595,142,2,premium 8 kit built to race,race further in our new kit.,video,9:16,adult,vid_kit:Video|kit:Noun|ride in comfort:Phrase
ad_00397,2023-09,73.44,479.52,11272,113,3,cruise further in our armwarmers,Ride ready. Try our 27 armwarmers today.,video,4:5,adventure,vid_armwarmers:Video|all day comfort:Phrase
ad_00398,2023-09,155.78,476.19,19761,107,2,cruise further 28 in our jersey,cruise further in our new jersey.,video,4:5,road,vid_jersey:Video|jersey:Noun
ad_00399,2023-09,311.94,1300.09,19145,163,3,wardrobe for 21 every shred,Our wardrobe lets you shred better.,video,4:5,urban,vid_wardrobe:Video
ad_00400,2023-09,228.6,1560.05,8198,84,2,8 new jersey collection,pedal further in our new jersey.,image,4:5,commute,img_jersey:Image|pedal:Verb
ad_00401,2023-09,186.55,1700.81,18369,194,5,19 gloves for every climb,climb further in 18 our new gloves.,image,4:5,commute,img_gloves:Image|gloves:Noun|climb:Verb
ad_00402,2023-09,62.46,824.3,9639,134,4,descend further 15 in our socks,Built to descend. Premium socks. 🌧️,image,4:5,gravel,img_socks:Image|socks:Noun|lightweight layers:Phrase
ad_00403,2023-09,115.4,716.81,9115,83,2,vest for 23 every cruise,Ride 20 ready. Try our vest today.,video,4:5,mountain,vid_vest:Video|vest:Noun
ad_00404,2023-09,174.15,249.34,18879,97,1,premium kit built to ride,Ride ready. Try our kit today.,video,1:1,road,vid_kit:Video|gravel ready:Phrase
ad_00405,2023-09,71.01,343.48,13311,93,1,the 21 baselayer you need to sprint,Built to sprint. 16 Premium baselayer. ❄️,image,9:16,road,img_baselayer:Image|baselayer:Noun
ad_00406,2023-09,268.94,840.5,19673,177,3,the gloves you need 7 to gear,"Built for the long haul. Our premium gloves combines technical fabrics with a refined fit so you can gear harder and go further, no matter what the forecast brings this season. ⛰️",video,1:1,commute,vid_gloves:Video|gloves:Noun|built to last:Phrase
ad_00407,2023-09,155.67,446.59,19760,119,1,cap 27 for every ride,"Lightweight and breathable, this cap keeps you comfortable from the first pedal stroke to the last. Designed for riders who ride 18 in all conditions and demand the very best from their gear.",video,4:5,road,vid_cap:Video|cap:Noun|ride:Verb
ad_00408,2023-09,50.93,274.93,7995,69,1,premium jacket built to train,12 Ride ready. Try our jacket today.,image,4:5,adult,img_jacket:Image|jacket:Noun|train:Verb|trail tested:Phrase
ad_00409,2023-09,118.91,520.63,23643,242,5,8 new jacket collection,Built to climb. Premium jacket.,image,9:16,gravel,img_jacket:Image|jacket:Noun
ad_00410,2023-09,140.68,391.43,18827,136,2,push further in our kit,push further in our new kit.,image,1:1,casual,img_kit:Image|push:Verb
ad_00411,2023-09,154.53,557.28,12176,111,2,gloves for 26 every climb,Built to climb. 9 Premium gloves.,video,1:1,sale,vid_gloves:Video|gloves:Noun|climb:Verb
ad_00412,2023-09,391.54,546.25,15254,71,1,the socks you need to layer,layer further in our new socks.,video,1:1,accessories,vid_socks:Video|layer:Verb
ad_00413,2023-09,236.37,614.11,23983,154,2,armwarmers for every shred,Built to shred. Premium armwarmers.,video,4:5,commute,vid_armwarmers:Video|armwarmers:Noun
ad_00414,2023-09,73.63,229.72,13915,142,3,new shorts collection,"Lightweight and breathable, this shorts keeps you comfortable from the first pedal stroke to the last. Designed for riders who train in all conditions and demand the very best from their gear.",image,1:1,casual,img_shorts:Image|shorts:Noun|ride in comfort:Phrase
ad_00415,2023-09,68.35,110.18,47012,358,5,conquer further 17 in our jacket,"Engineered for performance on every terrain. Our jacket is designed to help you conquer with total confidence, whether you are on a mountain pass or a city commute through changing weather.",video,1:1,sale,vid_jacket:Video|jacket:Noun|conquer:Verb
ad_00416,2023-09,142.34,555.58,34402,443,9,shorts for every gear,Ride ready. Try our shorts today.,video,4:5,commute,vid_shorts:Video|built to last:Phrase
ad_00417,2023-09,180.2,1055.35,17308,187,5,the tights you need to shred,Ride ready. Try our tights today.,image,4:5,casual,img_tights:Image|tights:Noun|your spring wardrobe:Phrase
ad_00418,2023-09,303.0,343.11,14567,71,1,gloves for every cruise,cruise further in our new gloves.,video,9:16,road,vid_gloves:Video|gloves:Noun|cruise:Verb|gravel ready:Phrase
ad_00419,2023-09,471.66,3250.18,14886,144,3,new shell collection,"Engineered for performance on every terrain. Our shell is designed to help you 24 pedal with total confidence, whether you are on a mountain pass or a city commute through changing weather.",image,4:5,sale,img_shell:Image|shell:Noun|race day ready:Phrase
ad_00420,2023-09,487.29,2892.13,12091,105,2,sprint further in our shell,sprint further in 12 our new shell. 🔥,image,1:1,commute,img_shell:Image|shell:Noun
ad_00421,2023-09,128.11,343.82,17381,168,3,the gloves you need to sprint,Our gloves lets you 2 sprint better. 💪,video,9:16,commute,vid_gloves:Video|gloves:Noun
ad_00422,2023-09,292.67,944.72,23024,205,3,premium shorts built to ride,Ride 21 ready. Try our shorts today.,video,1:1,commute,vid_shorts:Video|new arrivals:Phrase
ad_00423,2023-09,215.66,742.11,8315,74,1,layer further in 13 our armwarmers,"Lightweight and breathable, this armwarmers keeps you comfortable from the first pedal stroke to the last. Designed for riders who layer in all 19 conditions and demand the very best from their gear.",image,1:1,commute,img_armwarmers:Image|armwarmers:Noun|layer:Verb
ad_00424,2023-09,86.82,241.22,22515,157,2,new socks collection,Built to layer. Premium socks.,image,9:16,accessories,img_socks:Image|trail tested:Phrase
ad_00425,2023-09,53.82,445.12,26038,354,11,premium 6 tights built to gear,gear further in our new tights.,image,4:5,gravel,img_tights:Image|tights:Noun|gear:Verb|trail tested:Phrase
ad_00426,2023-09,182.14,582.89,21734,137,2,race further in our shell,Ride 13 ready. Try our shell today.,image,9:16,road,img_shell:Image|shell:Noun|lightweight layers:Phrase
ad_00427,2023-09,68.12,322.42,15299,153,4,12 wardrobe for every pedal,Built to pedal. Premium wardrobe. 🏔️,video,1:1,casual,vid_wardrobe:Video|cold weather essentials:Phrase
ad_00428,2023-09,100.23,457.0,21287,130,2,premium vest built to climb,18 Built to climb. Premium vest.,image,1:1,adult,img_vest:Image|vest:Noun|climb:Verb|your spring wardrobe:Phrase
ad_00429,2023-09,110.77,388.78,31262,288,6,the vest you need to push,Our vest lets you push better.,image,1:1,sale,img_vest:Image|push:Verb|new arrivals:Phrase
ad_00430,2023-09,190.48,1205.67,15858,196,5,premium wardrobe built to climb,Built to climb. 3 Premium wardrobe.,image,1:1,sale,img_wardrobe:Image|wardrobe:Noun|cold weather essentials:Phrase
ad_00431,2023-09,360.21,387.15,16520,104,1,new wardrobe collection,"Engineered for performance on every terrain. Our wardrobe is designed to help you race with total confidence, whether you are on a mountain pass or a city commute through changing weather.",video,9:16,mountain,vid_wardrobe:Video|wardrobe:Noun|race:Verb
ad_00432,2023-09,168.34,1376.19,47420,557,15,vest for every cruise,"Built for the long haul. 13 Our premium vest combines technical fabrics with a refined fit so you can cruise harder and go further, no matter what the forecast brings this season. 🏔️",image,4:5,casual,img_vest:Image|vest:Noun|ride in comfort:Phrase
ad_00433,2023-09,120.9,257.36,19037,118,1,premium bibs built to descend,"Built for the long haul. Our premium bibs combines technical fabrics with a refined fit so you can descend harder and go further, no matter what the forecast brings this season.",image,4:5,accessories,img_bibs:Image
ad_00434,2023-09,48.29,61.79,9866,64,1,armwarmers for every explore,"Lightweight and breathable, this armwarmers keeps you comfortable from the first pedal stroke to the last. Designed for riders who explore in all conditions and demand the very best from their gear.",video,9:16,adventure,vid_armwarmers:Video|armwarmers:Noun
ad_00435,2023-09,219.94,421.98,25261,151,2,18 cap for every conquer,Our cap lets you conquer better.,video,9:16,accessories,vid_cap:Video|gravel ready:Phrase
ad_00436,2023-09,169.94,807.14,19960,199,3,cruise further 8 in our tights,"Built for the long haul. Our premium tights combines technical fabrics with a refined fit so you can cruise harder and go further, no matter what the forecast brings this season.",image,4:5,commute,img_tights:Image|cruise:Verb
ad_00437,2023-09,120.12,355.86,11764,63,1,sprint further 10 in our jacket,Built to sprint. Premium jacket.,image,9:16,adult,img_jacket:Image|sprint:Verb|race day ready:Phrase
ad_00438,2023-09,336.29,563.33,9401,89,1,premium wardrobe built to pedal,"Engineered for performance on every terrain. Our wardrobe is designed to help you pedal with total confidence, whether you are on a mountain pass or a city commute through changing weather.",video,9:16,mountain,vid_wardrobe:Video|wardrobe:Noun|new arrivals:Phrase
ad_00439,2023-09,81.76,369.43,18395,179,3,new 16 jacket collection,"Engineered for performance on every terrain. Our jacket is designed to help you gear with total confidence, whether you are on a mountain pass or a city commute through changing weather.",video,4:5,commute,vid_jacket:Video|jacket:Noun|gear:Verb|new arrivals:Phrase
ad_00440,2023-09,110.76,1123.1,15843,204,7,cruise further in our jersey,Our jersey lets you cruise better.,image,4:5,adventure,img_jersey:Image|jersey:Noun|adventure awaits:Phrase
ad_00441,2023-09,144.21,211.32,8764,41,1,premium baselayer built to explore,Built to explore. Premium baselayer. ⛰️,video,1:1,road,vid_baselayer:Video|explore:Verb|gravel ready:Phrase
ad_00442,2023-09,119.22,684.11,15620,150,2,24 wardrobe for every explore,explore further in our new wardrobe.,image,4:5,road,img_wardrobe:Image|explore:Verb|lightweight layers:Phrase
ad_00443,2023-09,232.47,452.5,15136,83,1,4 new vest collection,Our vest lets you sprint better. 🌧️,video,1:1,road,vid_vest:Video
ad_00444,2023-09,220.67,346.19,15825,127,2,explore further in our shell,"Built for the long haul. Our premium shell combines technical fabrics with a refined fit so you can explore harder and go further, no matter what the forecast brings this season.",video,9:16,commute,vid_shell:Video|shell:Noun|new arrivals:Phrase
ad_00445,2023-09,313.85,601.78,20875,149,2,premium tights built to train,train further in our new tights.,video,4:5,adult,vid_tights:Video
ad_00446,2023-09,225.81,1401.7,6765,99,2,4 premium shell built to gear,Ride ready. Try our shell today.,image,9:16,adventure,img_shell:Image|shell:Noun|gear:Verb|gear up for summer:Phrase
ad_00447,2023-09,155.88,598.06,9362,87,2,shell for every descend,Built to descend. Premium shell.,image,1:1,gravel,img_shell:Image|shell:Noun|all day comfort:Phrase
ad_00448,2023-09,136.24,264.3,12798,74,1,2 new shorts collection,Ride ready. Try our shorts today.,video,1:1,adult,vid_shorts:Video|shorts:Noun|all day comfort:Phrase
ad_00449,2023-09,219.53,1508.42,31686,238,4,7 premium socks built to pedal,pedal further in our 13 new socks. 🌧️,image,4:5,adult,img_socks:Image|socks:Noun|pedal:Verb
ad_00450,2023-09,149.03,182.52,53339,469,7,the jersey you need to sprint,"Lightweight and breathable, this jersey keeps you comfortable from the first pedal stroke to the last. Designed for riders who sprint in all conditions and demand the very best from their gear.",video,1:1,adventure,vid_jersey:Video|jersey:Noun|sprint:Verb
ad_00451,2023-09,171.86,522.02,16366,138,2,ride further 20 in our bibs,Ride ready. Try our bibs today.,video,1:1,gravel,vid_bibs:Video|bibs:Noun
ad_00452,2023-09,226.81,713.81,16702,153,3,cap for 19 every race,"Lightweight and breathable, this cap keeps you comfortable from the first pedal stroke to the last. Designed for riders who race in 24 all conditions and demand the very best from their gear.",video,1:1,sale,vid_cap:Video|cap:Noun|your spring wardrobe:Phrase
ad_00453,2023-09,181.54,1088.58,4812,49,1,baselayer for every descend,5 Built to descend. Premium baselayer.,image,1:1,sale,img_baselayer:Image|descend:Verb|ride in comfort:Phrase
ad_00454,2023-09,201.03,930.0,25662,207,4,premium armwarmers built to explore,explore further 6 in our new armwarmers.,image,9:16,mountain,img_armwarmers:Image|armwarmers:Noun
ad_00455,2023-09,103.93,333.56,20442,113,2,kit for every sprint,Built to sprint. Premium kit.,image,4:5,road,img_kit:Image|kit:Noun|sprint:Verb|race day ready:Phrase
ad_00456,2023-09,375.46,1501.74,18809,127,2,premium armwarmers built 26 to cruise,cruise further in our new armwarmers.,image,1:1,road,img_armwarmers:Image|armwarmers:Noun|cruise:Verb
ad_00457,2023-09,86.0,253.01,8755,74,1,the tights you need to layer,"Lightweight and breathable, this tights keeps you comfortable from the first pedal stroke to the last. Designed for riders who layer in all conditions and demand the very best from their gear.",image,1:1,commute,img_tights:Image|tights:Noun|trail tested:Phrase
ad_00458,2023-09,217.42,989.74,43935,555,16,socks for every gear,Our socks lets you gear better.,video,4:5,adventure,vid_socks:Video|new arrivals:Phrase
ad_00459,2023-09,124.81,259.28,34919,330,6,the socks you need to race,"Built for the long haul. Our premium socks combines technical fabrics with a refined fit so you can race harder and go further, no matter what the forecast brings this season. ☀️",video,1:1,adventure,vid_socks:Video|socks:Noun
ad_00460,2023-09,319.81,1936.73,18915,216,7,the jacket you need to conquer,Our jacket lets you conquer better.,image,1:1,gravel,img_jacket:Image|jacket:Noun|ride in comfort:Phrase
ad_00461,2023-09,283.88,991.63,26810,211,3,new vest collection,pedal further in our new vest.,video,4:5,commute,vid_vest:Video|vest:Noun|race day ready:Phrase
ad_00462,2023-09,166.85,472.61,16749,91,1,cap for every push,push further in our 8 new cap. 🚴,video,4:5,accessories,vid_cap:Video|cap:Noun|push:Verb
ad_00463,2023-09,424.6,898.55,24614,210,3,new tights collection,train further in our new tights.,image,9:16,sale,img_tights:Image|train:Verb
ad_00464,2023-09,149.29,527.83,8492,75,1,new jacket collection,"Lightweight and breathable, this jacket keeps you comfortable from the first pedal stroke to the last. Designed for riders who explore in all conditions and demand the very best from their gear. ❄️",image,1:1,adventure,img_jacket:Image|jacket:Noun
ad_00465,2023-09,283.53,481.4,5238,35,0,premium shell built to climb,Built to climb. Premium shell.,image,1:1,accessories,img_shell:Image|shell:Noun|climb:Verb
ad_00466,2023-09,108.05,402.34,8654,87,2,the shell you need to push,"Built for the long haul. Our premium shell combines technical fabrics with a refined fit so you can push harder and go further, no matter what the forecast brings this season. 🔥",image,4:5,commute,img_shell:Image|shell:Noun
ad_00467,2023-09,213.0,311.65,10908,80,1,premium baselayer built to gear,"Engineered for performance on every terrain. Our baselayer is designed to help you gear with total confidence, whether you are on a mountain pass or a city commute through changing weather.",video,1:1,mountain,vid_baselayer:Video|baselayer:Noun
ad_00468,2023-09,95.47,301.71,11834,104,2,new wardrobe collection,"Lightweight and breathable, this wardrobe keeps you comfortable from the first pedal stroke to the last. Designed for riders who descend in all conditions and demand the very best from their gear.",image,1:1,mountain,img_wardrobe:Image|wardrobe:Noun|descend:Verb|built to last:Phrase
ad_00469,2023-09,169.02,383.19,20426,193,3,new jersey collection,"Engineered for performance on every terrain. Our jersey is designed to help you climb with total confidence, whether you are on a mountain pass or a city commute through changing weather.",video,4:5,adventure,vid_jersey:Video|jersey:Noun|climb:Verb
ad_00470,2023-09,161.98,1268.18,14355,130,2,cap for 25 every descend,descend further in our 4 new cap.,image,4:5,road,img_cap:Image|cap:Noun|descend:Verb|lightweight layers:Phrase
ad_00471,2023-09,283.0,290.73,16094,79,1,explore further in our kit,"Built for the long haul. Our premium kit combines technical fabrics with a refined fit so you can explore harder and go further, 15 no matter what the forecast brings this season.",video,1:1,road,vid_kit:Video|kit:Noun
ad_00472,2023-09,111.71,637.81,9029,99,2,the gloves you need to race,Built to race. Premium gloves.,image,4:5,gravel,img_gloves:Image|gloves:Noun|race:Verb|race day ready:Phrase
ad_00473,2023-09,1056.09,8881.12,8647,106,3,premium vest built to push,Our vest lets you push better. 🚴,image,4:5,casual,img_vest:Image|vest:Noun|adventure awaits:Phrase
ad_00474,2023-09,72.9,445.58,16665,228,6,pedal further in our cap,Built to pedal. 4 Premium cap.,image,1:1,mountain,img_cap:Image|pedal:Verb|cold weather essentials:Phrase
ad_00475,2023-09,192.11,575.09,12450,124,2,new cap collection,Our cap lets you conquer better. ☀️,image,9:16,mountain,img_cap:Image|cap:Noun|conquer:Verb
ad_00476,2023-09,198.54,622.83,16364,192,4,the jacket you need to push,push further in our new jacket.,image,9:16,casual,img_jacket:Image|jacket:Noun|push:Verb|built to last:Phrase
ad_00477,2023-09,230.71,866.87,21434,169,3,premium jersey built 3 to shred,Ride ready. Try our jersey today.,video,4:5,casual,vid_jersey:Video
ad_00478,2023-09,122.62,314.17,37059,192,2,the kit you need to descend,"Lightweight and breathable, this kit keeps you comfortable from the first pedal stroke to the last. Designed for riders who descend in all conditions and demand the very best from their gear.",image,4:5,adult,img_kit:Image|descend:Verb
ad_00479,2023-09,193.13,588.85,16160,96,1,the shorts you need to cruise,Ride ready. Try our shorts today.,video,4:5,road,vid_shorts:Video|shorts:Noun|cold weather essentials:Phrase
ad_00480,2023-09,119.06,342.57,40425,361,6,shred further in our cap,15 Built to shred. Premium cap.,video,1:1,adventure,vid_cap:Video|cap:Noun|shred:Verb
ad_00481,2023-09,513.99,1838.3,20004,159,2,the armwarmers you need to climb,climb further in our new armwarmers. ⛰️,image,1:1,accessories,img_armwarmers:Image|armwarmers:Noun|climb:Verb|built to last:Phrase
ad_00482,2023-09,114.12,1029.12,23047,250,5,premium 7 gloves built to ride,Our gloves lets you ride better.,image,4:5,commute,img_gloves:Image|gloves:Noun|ride:Verb|gravel ready:Phrase
ad_00483,2023-09,152.86,949.01,27641,278,6,the tights you need 7 to gear,"Lightweight and breathable, this tights keeps you comfortable from the first pedal stroke to the last. Designed for riders who gear in all conditions and demand the very best from their gear. 🚴",image,1:1,mountain,img_tights:Image|all day comfort:Phrase
ad_00484,2023-09,112.2,358.37,23398,208,4,new shorts collection,pedal further in our new shorts.,image,1:1,commute,img_shorts:Image|pedal:Verb|all day comfort:Phrase
ad_00485,2023-09,103.35,380.28,10934,109,2,the cap you need to shred,Ride ready. Try our cap today.,image,9:16,mountain,img_cap:Image|cap:Noun|your spring wardrobe:Phrase
ad_00486,2023-09,72.07,447.1,28059,245,5,the baselayer you need to gear,Built to gear. Premium baselayer.,image,4:5,gravel,img_baselayer:Image|baselayer:Noun
ad_00487,2023-09,250.02,1919.07,13541,177,5,conquer further in 5 our kit,"Lightweight and breathable, this kit keeps you comfortable from the first pedal stroke to the last. Designed for riders who conquer in all conditions and 15 demand the very best from their gear.",image,1:1,gravel,img_kit:Image|kit:Noun|cold weather essentials:Phrase
ad_00488,2023-09,111.57,266.41,18984,151,2,premium wardrobe built to race,Our wardrobe lets 20 you race better. ⛰️,video,1:1,sale,vid_wardrobe:Video|wardrobe:Noun|race:Verb
ad_00489,2023-09,103.55,344.03,17447,106,2,race further in our baselayer,13 Ride ready. Try our baselayer today.,image,9:16,adult,img_baselayer:Image|baselayer:Noun|your spring wardrobe:Phrase
ad_00490,2023-09,93.73,476.54,28928,248,4,train further 26 in our cap,"Engineered for performance on every terrain. Our cap is designed to help you train with total confidence, whether you are on a mountain pass 19 or a city commute through changing weather.",image,4:5,accessories,img_cap:Image
ad_00491,2023-09,200.53,892.05,19872,157,3,the tights you 14 need to pedal,Ride ready. Try our tights today.,image,1:1,commute,img_tights:Image|pedal:Verb
ad_00492,2023-09,169.24,671.13,8164,82,1,premium wardrobe built 21 to race,"Lightweight and breathable, this wardrobe keeps you comfortable from the first pedal stroke to the last. Designed for riders who race in all conditions and demand the very best from their gear.",image,1:1,mountain,img_wardrobe:Image|race:Verb
ad_00493,2023-09,169.71,555.27,46460,461,9,wardrobe for every cruise,Ride ready. Try our wardrobe today.,image,9:16,adventure,img_wardrobe:Image
ad_00494,2023-09,105.79,255.78,24785,169,2,premium shell built to ride,ride further in our new shell. 💪,video,9:16,sale,vid_shell:Video|ride:Verb|race day ready:Phrase
ad_00495,2023-09,216.9,1073.9,12398,91,2,premium bibs 3 built to gear,Built to gear. Premium bibs.,image,4:5,road,img_bibs:Image|bibs:Noun
ad_00496,2023-09,112.27,182.7,9245,59,1,the jersey you need to explore,Ride ready. Try our jersey today.,video,1:1,commute,vid_jersey:Video|jersey:Noun|explore:Verb
ad_00497,2023-09,174.24,1506.8,26243,303,7,premium 14 shell built to train,Ride ready. Try our 21 shell today.,image,9:16,urban,img_shell:Image|gear up for summer:Phrase
ad_00498,2023-09,153.62,373.17,9808,85,1,armwarmers for every conquer,Ride ready. Try our armwarmers today.,image,9:16,mountain,img_armwarmers:Image
ad_00499,2023-09,60.66,93.86,24365,206,3,the bibs you need 4 to race,"Lightweight and breathable, this bibs keeps you comfortable from the first pedal stroke to the last. Designed for riders who race in all conditions and demand the very best from their gear.",video,1:1,mountain,vid_bibs:Video|bibs:Noun|race:Verb
ad_00500,2023-09,564.3,2826.56,27863,271,5,climb further in our wardrobe,Built to 7 climb. Premium wardrobe.,image,1:1,urban,img_wardrobe:Image|climb:Verb
ad_00501,2023-09,235.85,935.68,11797,137,3,premium bibs built to layer,"Engineered for performance on every terrain. Our bibs is designed to help you layer with total confidence, whether you are on a mountain pass or a city commute through changing weather. 🏔️",image,1:1,mountain,img_bibs:Image|bibs:Noun|layer:Verb|your spring wardrobe:Phrase
ad_00502,2023-09,186.13,846.84,11283,88,2,shred further in our shorts,"27 Built for the long haul. Our premium shorts combines technical fabrics with a refined fit so you can shred harder and go further, no matter what the forecast brings this season.",image,4:5,mountain,img_shorts:Image|shred:Verb
ad_00503,2023-09,204.62,974.76,12906,144,3,wardrobe for every train,Our wardrobe 28 lets you train better.,video,4:5,gravel,vid_wardrobe:Video|train:Verb|built to last:Phrase
ad_00504,2023-09,572.33,1970.5,9958,70,1,4 cap for every climb,"Engineered for performance on every terrain. Our cap is designed to help you climb with total confidence, whether you are on a mountain pass or a city commute through changing weather. 🚴",image,1:1,adult,img_cap:Image|cap:Noun|lightweight layers:Phrase
ad_00505,2023-09,330.44,2198.06,18312,214,6,premium wardrobe built to layer,Our wardrobe lets you layer better.,image,4:5,adventure,img_wardrobe:Image|wardrobe:Noun|layer:Verb|your spring wardrobe:Phrase
ad_00506,2023-09,205.94,968.34,19666,148,3,11 shell for every explore,"Engineered for performance on every terrain. Our shell is designed to help you explore with total confidence, whether you are on a mountain pass or a city commute through changing weather.",image,4:5,accessories,img_shell:Image|shell:Noun|explore:Verb|ride in comfort:Phrase
ad_00507,2023-09,109.22,98.32,23489,155,2,the socks you need to layer,"Engineered for performance on every terrain. Our socks is designed to help you layer with total confidence, whether you are on a mountain pass or a city commute through changing weather.",video,9:16,casual,vid_socks:Video|socks:Noun|layer:Verb
ad_00508,2023-09,120.06,649.2,10763,114,3,new 10 cap collection,Built to race. Premium cap.,image,1:1,adventure,img_cap:Image|cap:Noun|race:Verb
ad_00509,2023-09,56.62,291.31,24847,345,11,premium socks built to explore,Built to explore. Premium socks.,image,1:1,adventure,img_socks:Image|socks:Noun|explore:Verb|adventure awaits:Phrase
ad_00510,2023-09,133.93,522.06,9964,90,2,premium tights built to cruise,Ride ready. 15 Try our tights today.,image,1:1,sale,img_tights:Image|cruise:Verb
ad_00511,2023-09,248.49,392.04,24840,156,2,premium jersey built to layer,layer further in our new jersey.,video,9:16,sale,vid_jersey:Video|jersey:Noun
ad_00512,2023-09,244.32,1489.26,7764,72,1,20 kit for every layer,Our kit lets you 11 layer better.,image,9:16,casual,img_kit:Image|kit:Noun|all day comfort:Phrase
ad_00513,2023-09,241.77,452.36,35753,257,4,premium cap built to push,"Built for the long haul. Our premium cap combines technical fabrics with a refined fit so you can push harder and go further, no matter what the forecast brings this season.",image,9:16,mountain,img_cap:Image|cap:Noun|push:Verb
ad_00514,2023-09,122.62,438.95,12579,103,2,6 new wardrobe collection,Our wardrobe lets you train better.,video,4:5,casual,vid_wardrobe:Video|wardrobe:Noun|train:Verb
ad_00515,2023-09,232.51,1177.94,22028,235,6,new shorts collection,Built to climb. Premium shorts. ☀️,image,1:1,mountain,img_shorts:Image|shorts:Noun|climb:Verb|lightweight layers:Phrase
ad_00516,2023-09,273.92,503.32,22920,131,1,4 sprint further in our jersey,Ride ready. Try our jersey today.,video,1:1,adult,vid_jersey:Video|jersey:Noun
ad_00517,2023-10,43.91,156.0,8654,67,1,descend further in our shorts,Our shorts lets you descend better.,image,1:1,casual,img_shorts:Image|shorts:Noun|descend:Verb|all day comfort:Phrase
ad_00518,2023-10,200.53,1081.58,24787,274,7,14 new kit collection,Ride ready. Try our kit today.,video,4:5,adventure,vid_kit:Video|kit:Noun
ad_00519,2023-10,582.28,1613.1,12396,69,1,gloves for every push,push further in our new gloves.,video,4:5,sale,vid_gloves:Video|gravel ready:Phrase
ad_00520,2023-10,140.25,281.07,14009,97,2,the shell you need to shred,shred further in our new shell.,video,9:16,urban,vid_shell:Video|shell:Noun|ride in comfort:Phrase
ad_00521,2023-10,36.79,240.17,11677,105,2,3 cap for every descend,Our cap lets you descend better.,image,4:5,mountain,img_cap:Image|cap:Noun
ad_00522,2023-10,102.59,456.68,36586,211,3,premium gloves built 18 to conquer,14 Our gloves lets you conquer better.,image,1:1,road,img_gloves:Image|gloves:Noun|conquer:Verb
ad_00523,2023-10,56.24,195.77,9096,115,2,new cap collection,"Engineered for performance on every terrain. Our cap is designed to help you cruise with total confidence, whether you are on a mountain pass or a city commute through changing weather.",image,4:5,casual,img_cap:Image|cap:Noun|cruise:Verb|built to last:Phrase
ad_00524,2023-10,114.17,1611.89,20245,250,6,2 the bibs you need to pedal,Our bibs 10 lets you pedal better.,image,4:5,casual,img_bibs:Image|pedal:Verb|ride in comfort:Phrase
ad_00525,2023-10,80.15,314.29,11952,85,1,cruise further in our baselayer,Our baselayer 12 lets you cruise better.,video,4:5,accessories,vid_baselayer:Video|baselayer:Noun|adventure awaits:Phrase
ad_00526,2023-10,292.02,287.28,28171,114,1,the baselayer you need to sprint,Built to sprint. Premium baselayer.,video,9:16,road,vid_baselayer:Video|baselayer:Noun|sprint:Verb
ad_00527,2023-10,266.51,1631.63,52115,542,14,the socks you need to conquer,conquer 27 further in our new socks. 💪,image,9:16,adventure,img_socks:Image
ad_00528,2023-10,205.23,580.16,11913,82,1,shell for every pedal,Built to pedal. Premium shell. ☀️,image,9:16,casual,img_shell:Image|pedal:Verb
ad_00529,2023-10,348.65,2254.4,17510,185,4,shell 29 for every push,"Built for the long haul. Our premium shell combines technical fabrics 26 with a refined fit so you can push harder and go further, no matter what the forecast brings this season.",image,1:1,mountain,img_shell:Image|shell:Noun|adventure awaits:Phrase
ad_00530,2023-10,119.0,107.44,13466,61,0,vest for every sprint,"6 Built for the long haul. Our premium vest combines technical fabrics with a refined fit so you can sprint harder and go further, no matter what the forecast brings this season.",video,9:16,adult,vid_vest:Video|sprint:Verb
ad_00531,2023-10,174.59,402.16,27435,171,3,tights for every pedal,"Built for the long haul. Our premium tights combines technical fabrics with a refined fit so you can pedal harder and go further, no matter what the forecast brings this season. 💪",image,1:1,commute,img_tights:Image|tights:Noun|pedal:Verb
ad_00532,2023-10,623.26,588.36,14417,63,1,the shorts you need to cruise,Our shorts lets you cruise better.,video,9:16,adult,vid_shorts:Video|shorts:Noun|cruise:Verb
ad_00533,2023-10,237.34,1699.64,25675,342,10,the armwarmers you 22 need to ride,Our armwarmers lets you ride better. 🏔️,image,9:16,adventure,img_armwarmers:Image|armwarmers:Noun
ad_00534,2023-10,236.98,1305.22,13382,133,2,gear further in our cap,Ride ready. Try our cap today. 🚴,image,1:1,casual,img_cap:Image|cap:Noun|gear:Verb|gear up for summer:Phrase
ad_00535,2023-10,105.4,227.61,50131,256,3,new shorts collection,Built to gear. Premium shorts.,image,1:1,adult,img_shorts:Image|shorts:Noun|gear:Verb
ad_00536,2023-10,130.11,481.68,5458,49,1,the bibs you need to climb,Built to climb. Premium bibs.,image,1:1,urban,img_bibs:Image|bibs:Noun
ad_00537,2023-10,91.52,887.95,19712,267,7,premium socks built 19 to layer,Built to layer. Premium socks.,image,4:5,casual,img_socks:Image|socks:Noun|adventure awaits:Phrase
ad_00538,2023-10,458.0,1395.19,16240,110,2,the gloves you need to layer,Ride ready. Try our gloves today. ❄️,video,4:5,mountain,vid_gloves:Video|gloves:Noun
ad_00539,2023-10,65.59,204.25,15949,143,3,14 train further in our cap,"Built for the long haul. Our premium cap combines technical fabrics with a refined fit so you can train harder and go further, no matter what the forecast brings this season.",image,1:1,mountain,img_cap:Image|cap:Noun|all day comfort:Phrase
ad_00540,2023-10,289.11,1241.46,18830,127,2,premium 21 wardrobe built to race,Ride 6 ready. Try our wardrobe today.,image,1:1,sale,img_wardrobe:Image|wardrobe:Noun|race:Verb
ad_00541,2023-10,236.75,244.01,16810,89,1,new armwarmers collection,Built to conquer. Premium armwarmers.,video,9:16,road,vid_armwarmers:Video
ad_00542,2023-10,63.83,273.47,18216,165,3,the shorts you need to gear,"Built for the long haul. Our premium shorts combines technical fabrics with a refined fit so you can gear harder and go further, no matter what the forecast brings this season.",image,4:5,gravel,img_shorts:Image|shorts:Noun
ad_00543,2023-10,331.54,3418.32,20022,259,6,premium shorts built to race,Ride ready. 24 Try our shorts today.,image,4:5,commute,img_shorts:Image|shorts:Noun|all day comfort:Phrase
ad_00544,2023-10,143.04,896.06,39145,333,6,premium gloves built 11 to push,Our gloves lets you push better.,image,4:5,mountain,img_gloves:Image|gloves:Noun|push:Verb
ad_00545,2023-10,75.62,127.08,4096,18,0,kit for every push,Ride ready. Try our kit today.,video,4:5,accessories,vid_kit:Video|kit:Noun
ad_00546,2023-10,207.89,766.74,41112,525,13,new shorts collection,"Lightweight and breathable, this shorts keeps you comfortable from the first pedal stroke 18 to the last. Designed for riders who pedal in all conditions and demand the very best from their gear.",video,1:1,adventure,vid_shorts:Video|shorts:Noun|ride in comfort:Phrase
ad_00547,2023-10,101.99,702.07,58714,559,13,premium tights built to shred,Our tights lets you shred better.,image,4:5,casual,img_tights:Image|tights:Noun|built to last:Phrase
ad_00548,2023-10,147.73,309.32,6802,45,0,ride further in our baselayer,Built to ride. Premium baselayer.,image,1:1,sale,img_baselayer:Image|baselayer:Noun
ad_00549,2023-10,123.33,591.57,16722,126,2,27 shorts for every cruise,"Engineered for performance on every terrain. Our shorts is designed to help you cruise with total confidence, whether you are on a mountain pass or a city commute through changing weather. 💪",image,4:5,casual,img_shorts:Image|shorts:Noun|cruise:Verb
ad_00550,2023-10,98.58,137.58,32408,247,3,premium armwarmers built to sprint,Our armwarmers lets you sprint better.,video,9:16,gravel,vid_armwarmers:Video|sprint:Verb
ad_00551,2023-10,81.88,286.51,25843,199,3,vest for every push,push further in 12 our new vest.,video,4:5,sale,vid_vest:Video|vest:Noun|push:Verb|adventure awaits:Phrase
ad_00552,2023-10,269.46,645.35,37746,180,2,premium shell built to shred,Built to shred. Premium shell.,video,4:5,accessories,vid_shell:Video|shell:Noun
ad_00553,2023-10,203.01,720.74,19663,122,2,layer further 13 in our bibs,Our bibs lets you layer better.,image,9:16,accessories,img_bibs:Image|lightweight layers:Phrase
ad_00554,2023-10,195.33,376.74,5908,57,1,premium shell built to shred,"Engineered for performance on every terrain. Our shell is designed to help you shred with total confidence, whether you are on a mountain pass or a city commute through changing weather. ❄️",video,9:16,gravel,vid_shell:Video|adventure awaits:Phrase
ad_00555,2023-10,134.26,222.63,31346,162,2,explore further in our armwarmers,Our armwarmers lets you explore better.,video,1:1,accessories,vid_armwarmers:Video|armwarmers:Noun|ride in comfort:Phrase
ad_00556,2023-10,172.28,843.53,22432,176,3,new cap collection,sprint 5 further in our new cap.,image,9:16,mountain,img_cap:Image|cap:Noun|gear up for summer:Phrase
ad_00557,2023-10,107.41,227.26,33986,240,3,new jersey collection,Our jersey lets you 22 sprint better. 🔥,video,9:16,sale,vid_jersey:Video|built to last:Phrase
ad_00558,2023-10,106.31,395.64,7582,50,1,23 wardrobe for every conquer,conquer further in our new wardrobe. 💪,image,9:16,road,img_wardrobe:Image|wardrobe:Noun|conquer:Verb|gear up for summer:Phrase
ad_00559,2023-10,466.13,746.58,8889,63,1,armwarmers for every push,Ride ready. Try our armwarmers today.,video,9:16,commute,vid_armwarmers:Video
ad_00560,2023-10,284.02,2664.12,16461,241,8,jersey 3 for every descend,descend further in our new jersey.,image,4:5,adventure,img_jersey:Image|jersey:Noun
ad_00561,2023-10,119.28,445.7,31795,310,7,socks for every push,Ride ready. Try our socks today.,image,9:16,adventure,img_socks:Image|socks:Noun
ad_00562,2023-10,68.08,158.54,36546,175,2,shorts for every gear,Built to gear. Premium shorts.,image,1:1,road,img_shorts:Image|shorts:Noun|gear:Verb
ad_00563,2023-10,60.2,137.13,11358,84,1,climb further in our kit,"Lightweight and breathable, this kit keeps you comfortable from the first pedal stroke to the last. Designed for riders who climb in all conditions and demand the very best from their gear.",video,4:5,commute,vid_kit:Video|gravel ready:Phrase
ad_00564,2023-10,114.18,382.8,13324,112,2,the shell you need to descend,Built to descend. Premium shell.,video,4:5,gravel,vid_shell:Video|shell:Noun
ad_00565,2023-10,178.21,577.51,68631,516,10,premium 8 jacket built to pedal,Our jacket lets you pedal better.,video,1:1,casual,vid_jacket:Video|lightweight layers:Phrase
ad_00566,2023-10,179.35,294.93,12384,73,1,premium tights built to ride,"Lightweight and breathable, this tights keeps you comfortable from the first pedal stroke to the last. Designed for riders who ride in all conditions and demand the very best from their gear.",video,4:5,accessories,vid_tights:Video|tights:Noun|ride:Verb|cold weather essentials:Phrase
ad_00567,2023-10,182.6,1579.72,22884,216,5,baselayer for every gear,gear further in 27 our new baselayer. 🚴,image,4:5,sale,img_baselayer:Image|adventure awaits:Phrase
ad_00568,2023-10,204.15,557.44,13025,118,2,climb further in our jersey,Our jersey lets you climb better.,image,9:16,gravel,img_jersey:Image|jersey:Noun
ad_00569,2023-10,89.6,290.12,20700,185,3,the armwarmers you need to gear,4 Built to gear. Premium armwarmers. ⛰️,video,1:1,road,vid_armwarmers:Video|armwarmers:Noun|gear:Verb|cold weather essentials:Phrase
ad_00570,2023-10,412.8,3103.07,10587,128,3,10 premium kit built to sprint,sprint further in our new kit.,image,4:5,gravel,img_kit:Image|kit:Noun
ad_00571,2023-10,148.4,1178.14,10739,161,7,armwarmers for 15 every race,Built to race. Premium armwarmers. 💪,image,1:1,adventure,img_armwarmers:Image|armwarmers:Noun
ad_00572,2023-10,199.38,388.98,13563,79,1,premium vest built to conquer,conquer further in our new vest. 🚴,image,9:16,accessories,img_vest:Image|vest:Noun|conquer:Verb
ad_00573,2023-10,112.68,499.38,12431,102,2,the bibs you need to pedal,Ride ready. Try our bibs today. 🌧️,image,9:16,mountain,img_bibs:Image|bibs:Noun|all day comfort:Phrase
ad_00574,2023-10,201.38,214.13,14023,66,1,wardrobe for every race,"Lightweight and breathable, this wardrobe keeps you comfortable from the first pedal stroke to the last. Designed for riders who race in all conditions and demand the very best from their gear.",image,9:16,road,img_wardrobe:Image|race:Verb
ad_00575,2023-10,580.85,1201.69,21236,129,2,shell for every explore,"Lightweight and breathable, this shell keeps you comfortable from the first 19 pedal stroke to the last. Designed for riders who explore in all conditions and demand the very best from their gear.",image,9:16,road,img_shell:Image|shell:Noun|explore:Verb|cold weather essentials:Phrase
ad_00576,2023-10,92.27,388.1,42012,347,8,premium jacket built to gear,Ride ready. Try our jacket today.,image,1:1,casual,img_jacket:Image|jacket:Noun|trail tested:Phrase
ad_00577,2023-10,85.54,336.88,12152,106,2,new gloves collection,cruise further in our new gloves.,image,4:5,casual,img_gloves:Image|gloves:Noun|cruise:Verb
ad_00578,2023-10,99.44,798.24,9960,130,4,new vest collection,Our vest lets 2 you layer better. 🏔️,image,1:1,mountain,img_vest:Image|vest:Noun|cold weather essentials:Phrase
ad_00579,2023-10,136.79,400.2,16404,143,2,jersey for every push,Our jersey lets you push better. 🌧️,video,1:1,mountain,vid_jersey:Video|built to last:Phrase
ad_00580,2023-10,122.18,449.55,10666,78,1,new shell collection,conquer further in our new shell.,image,1:1,mountain,img_shell:Image|shell:Noun|conquer:Verb|lightweight layers:Phrase
ad_00581,2023-10,89.47,297.79,7208,62,1,new 28 vest collection,train further in our new vest.,image,9:16,commute,img_vest:Image|vest:Noun|train:Verb
ad_00582,2023-10,162.15,144.87,27796,139,1,cap for every sprint,"Built for the long haul. 13 Our premium cap combines technical fabrics with a refined fit so you can sprint harder and go further, no matter what the forecast brings this season.",video,9:16,road,vid_cap:Video|cap:Noun|sprint:Verb
ad_00583,2023-10,426.24,591.29,16997,81,1,shorts for every sprint,Ride ready. Try our shorts today. 🏔️,video,9:16,sale,vid_shorts:Video|shorts:Noun|sprint:Verb|trail tested:Phrase
ad_00584,2023-10,152.69,309.25,17850,129,2,socks for every gear,24 Built to gear. Premium socks.,video,9:16,urban,vid_socks:Video|gear:Verb|lightweight layers:Phrase
ad_00585,2023-10,157.66,749.77,6229,60,1,the baselayer you need to push,Our baselayer lets you 12 push better. ❄️,video,1:1,casual,vid_baselayer:Video|built to last:Phrase
ad_00586,2023-10,205.22,864.63,12187,75,1,the shell you need to climb,Ride ready. Try our shell today.,image,4:5,accessories,img_shell:Image|shell:Noun|climb:Verb|gear up for summer:Phrase
ad_00587,2023-10,246.39,1690.51,8043,70,1,the kit you need to train,"Engineered for 20 performance on every terrain. Our kit is designed to help you train with total confidence, whether you are on a mountain pass or a city commute through changing weather. 🚴",image,4:5,gravel,img_kit:Image|kit:Noun
ad_00588,2023-10,380.79,1430.28,16160,122,2,20 premium tights built to ride,Ride ready. Try our tights today.,video,4:5,casual,vid_tights:Video|tights:Noun|ride:Verb|all day comfort:Phrase
ad_00589,2023-10,192.93,321.27,17460,93,1,the bibs 16 you need to ride,Our bibs lets you ride better.,video,1:1,accessories,vid_bibs:Video|bibs:Noun|ride:Verb
ad_00590,2023-10,166.79,1122.17,17454,187,4,the shorts you need 10 to cruise,Ride ready. 12 Try our shorts today.,image,1:1,gravel,img_shorts:Image|shorts:Noun|cruise:Verb
ad_00591,2023-10,92.15,334.18,11697,128,3,socks for every descend,"Lightweight and breathable, this socks keeps you comfortable from the first pedal stroke to the last. Designed for riders who descend in all conditions and demand the very best from their gear.",image,1:1,gravel,img_socks:Image|socks:Noun|ride in comfort:Phrase
ad_00592,2023-10,260.42,593.04,10658,63,1,shell for every layer,layer further in our new shell.,image,1:1,sale,img_shell:Image|shell:Noun|layer:Verb
ad_00593,2023-10,100.65,978.24,14823,221,8,bibs for every gear,gear further in our new bibs.,image,4:5,adventure,img_bibs:Image|bibs:Noun|gear up for summer:Phrase
ad_00594,2023-10,98.79,529.52,19517,171,3,premium 23 shorts built to shred,"Engineered for performance on every terrain. Our shorts is designed to help you shred with total confidence, whether you are on a mountain pass or a city commute through changing weather.",image,4:5,casual,img_shorts:Image|shorts:Noun|shred:Verb|your spring wardrobe:Phrase
ad_00595,2023-10,187.58,747.42,12221,152,4,premium gloves built to race,"Lightweight and breathable, this gloves keeps you comfortable from the first pedal stroke to the last. Designed for riders who race in all conditions and demand 17 the very best from their gear.",video,4:5,adventure,vid_gloves:Video|gloves:Noun|race:Verb|lightweight layers:Phrase
ad_00596,2023-10,421.25,1982.03,10217,96,3,new jersey collection,shred further in our new jersey.,image,4:5,gravel,img_jersey:Image
ad_00597,2023-10,258.32,1104.05,10438,96,2,new 14 vest collection,"Engineered for performance on every terrain. Our vest is designed to help you gear with total confidence, whether you are on a mountain pass or a city commute through changing weather. 💪",image,1:1,commute,img_vest:Image
ad_00598,2023-10,163.33,607.13,11747,75,1,pedal further in our shorts,Our shorts lets you pedal better.,image,4:5,sale,img_shorts:Image|shorts:Noun
ad_00599,2023-10,92.7,388.74,13019,106,2,new cap collection,cruise further in our new cap.,image,4:5,commute,img_cap:Image|cap:Noun|cruise:Verb
ad_00600,2023-10,416.37,989.2,9428,62,1,the shorts you need to gear,Ride ready. Try our shorts today.,video,4:5,adult,vid_shorts:Video|shorts:Noun|ride in comfort:Phrase
ad_00601,2023-10,161.48,641.43,13066,71,1,the jacket you need to pedal,pedal further in our new jacket. 🏔️,image,4:5,accessories,img_jacket:Image
ad_00602,2023-10,140.36,250.19,30291,172,2,the armwarmers you need to pedal,"Engineered for performance on every terrain. Our armwarmers is designed to help you pedal with total confidence, whether you are on a mountain pass or a city commute through changing weather.",image,1:1,adult,img_armwarmers:Image|pedal:Verb
ad_00603,2023-10,233.09,2542.61,14091,267,10,new 26 cap collection,"Lightweight and breathable, this cap keeps you comfortable from the first pedal stroke to the last. Designed for riders who train in all conditions and demand the very best from their gear.",image,4:5,adventure,img_cap:Image|cap:Noun|train:Verb|cold weather essentials:Phrase
ad_00604,2023-10,127.67,349.76,8788,55,1,push further in our kit,Our kit lets you push better.,image,4:5,accessories,img_kit:Image|push:Verb
ad_00605,2023-10,106.33,365.64,5278,36,0,baselayer for every cruise,Ride ready. Try our baselayer today.,image,4:5,accessories,img_baselayer:Image|baselayer:Noun|cruise:Verb|race day ready:Phrase
ad_00606,2023-10,112.62,114.47,40893,196,2,socks for every layer,Our socks lets you layer better.,video,1:1,accessories,vid_socks:Video|layer:Verb
ad_00607,2023-10,112.44,230.48,28859,167,2,cap for every explore,"Lightweight and breathable, this cap keeps you comfortable from the first pedal stroke to the last. Designed for riders who explore in all conditions and demand the 7 very best from their gear.",image,9:16,sale,img_cap:Image|explore:Verb|trail tested:Phrase
ad_00608,2023-10,84.94,299.57,18823,129,2,premium wardrobe built to train,train further in 17 our new wardrobe. 🚴,image,9:16,accessories,img_wardrobe:Image|wardrobe:Noun|built to last:Phrase
ad_00609,2023-10,79.44,916.2,29199,586,25,premium jacket built to shred,Built to shred. Premium jacket. 🌧️,image,4:5,adventure,img_jacket:Image|jacket:Noun|shred:Verb|adventure awaits:Phrase
ad_00610,2023-10,299.33,1626.8,21254,186,4,the shorts you need to cruise,Our shorts lets you cruise better.,image,4:5,urban,img_shorts:Image|gravel ready:Phrase
ad_00611,2023-10,249.54,540.0,15720,102,1,the armwarmers you 21 need to descend,Built to descend. Premium armwarmers.,video,9:16,mountain,vid_armwarmers:Video|armwarmers:Noun|descend:Verb
ad_00612,2023-10,101.97,314.91,8782,50,1,jacket for every climb,Ride ready. Try our jacket today. 🔥,image,4:5,sale,img_jacket:Image|climb:Verb
ad_00613,2023-10,284.68,1111.57,42397,342,6,jersey for every layer,layer further in our new jersey.,image,4:5,mountain,img_jersey:Image|layer:Verb
ad_00614,2023-10,201.12,808.85,13121,97,2,premium wardrobe built to pedal,Our 13 wardrobe lets you pedal better.,image,9:16,gravel,img_wardrobe:Image|wardrobe:Noun|pedal:Verb
ad_00615,2023-10,137.56,1047.17,13485,133,3,premium kit 24 built to push,push further in our new kit.,image,4:5,casual,img_kit:Image|push:Verb|gravel ready:Phrase
ad_00616,2023-10,80.06,196.74,16635,110,2,kit for every layer,Built to layer. Premium kit.,video,4:5,commute,vid_kit:Video|kit:Noun|layer:Verb
ad_00617,2023-10,205.04,668.25,16778,138,3,climb further in our shell,Ride ready. Try our shell today.,image,9:16,commute,img_shell:Image|shell:Noun|all day comfort:Phrase
ad_00618,2023-10,511.6,2201.94,21761,239,7,shorts for every train,train further in our new shorts. 🏔️,image,1:1,gravel,img_shorts:Image|train:Verb|new arrivals:Phrase
ad_00619,2023-10,168.52,423.69,20544,176,4,train further in our wardrobe,train further in our new wardrobe.,video,1:1,commute,vid_wardrobe:Video|wardrobe:Noun|cold weather essentials:Phrase
ad_00620,2023-10,304.15,1247.87,12235,138,4,premium baselayer 18 built to train,"Engineered for performance on every terrain. Our baselayer is designed to help you train with total confidence, whether you are on a mountain pass or a city commute through changing weather.",image,9:16,adventure,img_baselayer:Image|baselayer:Noun
ad_00621,2023-10,147.13,1321.94,16539,119,2,premium bibs 23 built to pedal,Built 27 to pedal. Premium bibs. ☀️,image,4:5,road,img_bibs:Image|bibs:Noun
ad_00622,2023-10,290.45,2915.96,21420,280,11,premium 14 tights built to push,Our tights lets you push better.,image,4:5,adventure,img_tights:Image|tights:Noun|push:Verb
ad_00623,2023-10,152.66,452.75,11726,101,2,the baselayer you need to push,Built to push. Premium baselayer.,image,9:16,mountain,img_baselayer:Image|baselayer:Noun|push:Verb|gear up for summer:Phrase
ad_00624,2023-10,39.45,284.65,33653,294,6,the vest you need to ride,19 Built to ride. Premium vest.,image,1:1,casual,img_vest:Image|vest:Noun|new arrivals:Phrase
ad_00625,2023-10,108.34,232.31,16162,129,2,climb further in our baselayer,"Built for the long haul. Our premium baselayer combines technical fabrics with a refined fit so you can climb harder and go further, no matter what the forecast brings this season.",video,4:5,commute,vid_baselayer:Video|baselayer:Noun
ad_00626,2023-10,180.85,429.81,36307,382,8,premium bibs built 5 to race,race further in our new bibs.,video,9:16,adventure,vid_bibs:Video|race:Verb
ad_00627,2023-10,319.86,2143.41,8139,104,2,the shell you need to sprint,Ride ready. Try our shell today.,image,4:5,adventure,img_shell:Image|sprint:Verb
ad_00628,2023-10,152.36,151.9,22648,131,1,new wardrobe collection,"Built for the long haul. Our premium wardrobe combines technical fabrics with a refined fit so you can ride harder and go further, no matter what the forecast brings this season.",video,9:16,casual,vid_wardrobe:Video|wardrobe:Noun
ad_00629,2023-10,170.07,281.38,10460,60,1,the armwarmers you need to train,train further in our new armwarmers.,image,1:1,road,img_armwarmers:Image|train:Verb
ad_00630,2023-10,117.44,460.63,11888,135,3,new kit collection,Built to climb. Premium kit. 💪,image,9:16,adventure,img_kit:Image|kit:Noun|climb:Verb
ad_00631,2023-10,426.18,1980.21,25667,216,4,the shell you need to gear,Ride ready. Try our shell today.,image,4:5,sale,img_shell:Image|shell:Noun|built to last:Phrase
ad_00632,2023-10,411.06,1777.64,14564,111,2,18 cap for every gear,Our cap lets you gear better. 🌧️,image,9:16,adult,img_cap:Image|all day comfort:Phrase
ad_00633,2023-11,111.34,680.23,59828,581,9,25 premium vest built to race,race further in our 25 new vest.,image,9:16,commute,img_vest:Image|vest:Noun|race:Verb
ad_00634,2023-11,67.25,189.11,21153,118,2,bibs for every descend,"Lightweight and breathable, this bibs keeps you comfortable from the first 11 pedal stroke to the last. Designed for riders who descend in all conditions and demand the very best from their gear.",image,1:1,urban,img_bibs:Image|bibs:Noun
ad_00635,2023-11,56.49,135.34,11529,134,2,the baselayer you need to race,Our baselayer lets you race better.,video,9:16,adventure,vid_baselayer:Video|baselayer:Noun
ad_00636,2023-11,239.93,1376.16,21172,258,7,new jacket collection,Ride ready. Try our 13 jacket today. 🏔️,image,9:16,adventure,img_jacket:Image|explore:Verb
ad_00637,2023-11,181.17,1119.4,14500,176,3,21 new socks collection,Our socks lets you explore better.,image,4:5,casual,img_socks:Image|socks:Noun
ad_00638,2023-11,104.51,261.08,24749,181,3,climb further in our socks,climb further in our new socks.,video,4:5,gravel,vid_socks:Video|socks:Noun
ad_00639,2023-11,196.65,441.36,14079,84,1,sprint further in our tights,Built to sprint. 18 Premium tights.,video,9:16,gravel,vid_tights:Video|tights:Noun
ad_00640,2023-11,79.85,205.0,20008,139,2,premium jersey built to train,Our jersey lets you train better.,image,1:1,mountain,img_jersey:Image|jersey:Noun|train:Verb|your spring wardrobe:Phrase
ad_00641,2023-11,269.15,2947.18,18029,269,10,7 the jacket you need to climb,Ride ready. Try our jacket today. 🚴,image,1:1,adventure,img_jacket:Image|jacket:Noun|climb:Verb|new arrivals:Phrase
ad_00642,2023-11,132.81,339.24,16979,136,2,24 gloves for every cruise,Our gloves lets you cruise better. 🔥,video,1:1,commute,vid_gloves:Video|cruise:Verb|race day ready:Phrase
ad_00643,2023-11,87.31,408.06,27486,198,3,23 new gloves collection,Our gloves lets you train better.,image,1:1,commute,img_gloves:Image|gloves:Noun
ad_00644,2023-11,134.04,448.29,6627,55,1,vest for every climb,climb further in our new vest. 💪,image,9:16,gravel,img_vest:Image|climb:Verb|lightweight layers:Phrase
ad_00645,2023-11,131.29,228.65,17142,109,1,shorts for every race,"Lightweight and breathable, this shorts keeps you comfortable from the first pedal stroke to the last. Designed for riders who race in all conditions 14 and demand the very best from their gear. 🚴",video,1:1,casual,vid_shorts:Video|race:Verb
ad_00646,2023-11,207.96,761.84,11498,115,2,shell for every conquer,Our shell lets you conquer better.,video,4:5,gravel,vid_shell:Video|conquer:Verb|built to last:Phrase
ad_00647,2023-11,336.27,1250.65,8318,82,2,new armwarmers collection,"Built for the long haul. Our premium armwarmers combines technical fabrics with a refined fit so you can ride harder and go further, no matter what the forecast brings this season.",image,9:16,adventure,img_armwarmers:Image|ride:Verb|gravel ready:Phrase
ad_00648,2023-11,325.97,1075.47,10739,75,1,29 premium socks built to train,"Built for the long haul. Our premium socks combines technical fabrics with a refined fit so you can train harder and go further, no matter what the forecast brings this season.",image,4:5,mountain,img_socks:Image|socks:Noun
ad_00649,2023-11,183.85,663.86,11976,136,4,premium kit built to cruise,Built to cruise. Premium kit.,image,9:16,adventure,img_kit:Image|kit:Noun|cruise:Verb|gear up for summer:Phrase
ad_00650,2023-11,149.31,744.22,14514,166,4,new bibs collection,Built to climb. 14 Premium bibs.,video,4:5,adventure,vid_bibs:Video|bibs:Noun
ad_00651,2023-11,118.76,697.57,19326,158,4,the 29 armwarmers you need to race,"Built for the long haul. Our premium armwarmers combines technical fabrics with a refined fit so you can race harder and go further, no matter what the forecast brings this season.",image,4:5,commute,img_armwarmers:Image|armwarmers:Noun|gravel ready:Phrase
ad_00652,2023-11,57.83,98.23,21411,119,1,new jersey collection,Ride ready. Try our jersey today.,video,4:5,road,vid_jersey:Video|jersey:Noun|shred:Verb
ad_00653,2023-11,165.14,1133.03,13306,128,2,train further in 28 our baselayer,Built to train. Premium baselayer.,image,4:5,casual,img_baselayer:Image
ad_00654,2023-11,100.25,274.23,36056,235,3,cruise further 5 in our vest,cruise further in our new vest.,video,1:1,urban,vid_vest:Video|vest:Noun|cruise:Verb|lightweight layers:Phrase
ad_00655,2023-11,347.0,919.54,13560,105,2,the socks you need to explore,"Lightweight and breathable, this socks keeps you comfortable from the first pedal stroke to the last. Designed for riders who explore in all conditions and demand the very best from their gear.",image,1:1,gravel,img_socks:Image|socks:Noun
ad_00656,2023-11,148.1,246.78,6169,34,0,the tights you need to push,"Built for the long haul. Our premium tights combines technical fabrics with a refined fit so you can push harder and go further, no matter what the forecast brings this season.",image,1:1,road,img_tights:Image|tights:Noun
ad_00657,2023-11,261.54,881.99,13742,72,1,premium jacket built to push,Our jacket lets you push better.,image,4:5,road,img_jacket:Image|jacket:Noun|push:Verb
ad_00658,2023-11,125.06,744.19,16716,160,3,conquer further in our bibs,Our bibs lets you conquer better.,image,4:5,casual,img_bibs:Image|bibs:Noun|your spring wardrobe:Phrase
ad_00659,2023-11,111.39,283.37,3178,20,0,premium shorts built to train,Built to train. Premium shorts.,video,4:5,commute,vid_shorts:Video|shorts:Noun
ad_00660,2023-11,240.13,807.57,29858,214,3,13 the bibs you need to explore,Our bibs lets you explore better. 🌧️,video,4:5,road,vid_bibs:Video|bibs:Noun|explore:Verb|your spring wardrobe:Phrase
ad_00661,2023-11,197.33,507.36,15537,99,2,the shorts you need to pedal,Our shorts lets you pedal better. 💪,video,4:5,urban,vid_shorts:Video|shorts:Noun|pedal:Verb
ad_00662,2023-11,202.68,1049.64,9176,70,1,sprint 10 further in our jersey,Our jersey lets you sprint better.,image,4:5,adult,img_jersey:Image|jersey:Noun|sprint:Verb
ad_00663,2023-11,157.91,240.22,10102,37,0,shell for every ride,Built to ride. Premium shell.,image,1:1,sale,img_shell:Image|shell:Noun
ad_00664,2023-11,268.26,566.05,23894,100,1,new vest collection,Built to descend. Premium vest.,image,1:1,mountain,img_vest:Image|descend:Verb
ad_00665,2023-11,245.96,1219.33,25400,231,4,new 24 gloves collection,explore further in our new gloves.,image,1:1,casual,img_gloves:Image|explore:Verb|gravel ready:Phrase
ad_00666,2023-11,45.25,249.93,11803,89,2,premium 29 baselayer built to pedal,11 Ride ready. Try our baselayer today.,image,1:1,casual,img_baselayer:Image|baselayer:Noun|pedal:Verb
ad_00667,2023-11,143.14,519.19,8291,45,1,gear further in our wardrobe,Ride ready. Try our wardrobe today.,image,4:5,accessories,img_wardrobe:Image|wardrobe:Noun|gear:Verb|trail tested:Phrase
ad_00668,2023-11,307.1,1627.17,17430,123,2,premium shell built 20 to shred,shred 26 further in our new shell.,image,1:1,mountain,img_shell:Image
ad_00669,2023-11,90.61,213.34,19105,153,3,premium gloves built to train,"Lightweight and breathable, this gloves keeps you comfortable from the first pedal stroke to the last. Designed for riders who train in all conditions and demand the very best from their gear.",image,1:1,gravel,img_gloves:Image|gloves:Noun|train:Verb|race day ready:Phrase
ad_00670,2023-11,60.51,86.17,21659,142,2,the armwarmers you need to sprint,Built to sprint. Premium armwarmers.,video,1:1,gravel,vid_armwarmers:Video|armwarmers:Noun|sprint:Verb
ad_00671,2023-11,153.71,212.1,12320,75,1,bibs for every race,Ride ready. Try our bibs today.,video,9:16,urban,vid_bibs:Video
ad_00672,2023-11,228.32,1763.05,15359,218,7,the vest you need to conquer,Ride ready. Try our vest today.,image,4:5,adventure,img_vest:Image|vest:Noun|conquer:Verb|new arrivals:Phrase
ad_00673,2023-11,126.73,290.53,16491,111,2,premium jacket built 28 to cruise,Built to cruise. Premium jacket.,video,1:1,urban,vid_jacket:Video|jacket:Noun
ad_00674,2023-11,362.88,1898.77,26474,295,6,premium baselayer built to layer,Ride ready. Try our baselayer today.,image,1:1,adventure,img_baselayer:Image|baselayer:Noun
ad_00675,2023-11,504.97,898.26,31735,185,2,the kit you need to explore,Our kit lets you explore better. ⛰️,video,4:5,sale,vid_kit:Video|explore:Verb|cold weather essentials:Phrase
ad_00676,2023-11,52.63,173.82,36347,165,2,new kit collection,2 conquer further in our new kit.,image,4:5,sale,img_kit:Image|kit:Noun
ad_00677,2023-11,132.68,620.6,31312,262,6,new jersey collection,Ride ready. Try our jersey today.,image,4:5,gravel,img_jersey:Image|jersey:Noun|descend:Verb
ad_00678,2023-11,42.49,76.72,40427,201,2,tights for every gear,Our tights lets you gear better.,image,9:16,mountain,img_tights:Image|tights:Noun
ad_00679,2023-11,248.37,763.27,27095,184,2,18 the tights you need to pedal,Our tights lets you pedal better.,image,1:1,accessories,img_tights:Image
ad_00680,2023-11,111.1,159.53,12159,64,1,new tights collection,Built to train. Premium tights.,image,9:16,road,img_tights:Image|train:Verb
ad_00681,2023-11,125.57,1050.6,35146,429,9,premium 26 shorts built to climb,climb further in our new shorts. 🌧️,image,1:1,gravel,img_shorts:Image|shorts:Noun|race day ready:Phrase
ad_00682,2023-11,332.68,1142.67,8203,57,1,the jersey you need to conquer,"Engineered for performance on every terrain. Our jersey is designed to help you conquer with total confidence, whether you are on a mountain pass or a city commute through changing weather.",image,4:5,urban,img_jersey:Image|jersey:Noun|your spring wardrobe:Phrase
ad_00683,2023-11,75.28,112.66,53250,274,2,gloves for 28 every layer,"Lightweight and breathable, this gloves keeps you comfortable from the first pedal stroke to the last. Designed for riders who layer in all conditions 29 and demand the very best from their gear. 🌧️",video,9:16,accessories,vid_gloves:Video|gloves:Noun|layer:Verb
ad_00684,2023-11,64.75,163.14,10026,54,1,the gloves 3 you need to train,18 Built to train. Premium gloves.,video,9:16,mountain,vid_gloves:Video|train:Verb|new arrivals:Phrase
ad_00685,2023-11,42.6,174.61,25447,236,6,wardrobe for every ride,Ride ready. Try our wardrobe today. 💪,image,9:16,adventure,img_wardrobe:Image|ride:Verb
ad_00686,2023-11,358.04,1519.93,33612,221,3,5 new jersey collection,Our jersey lets 17 you ride better.,image,1:1,accessories,img_jersey:Image
ad_00687,2023-11,311.45,1287.36,20541,248,6,kit for every gear,gear further in our new kit.,video,4:5,adventure,vid_kit:Video|kit:Noun|race day ready:Phrase
ad_00688,2023-11,140.05,252.2,5857,30,0,new armwarmers collection,25 Our armwarmers lets you layer better.,video,9:16,road,vid_armwarmers:Video|layer:Verb|adventure awaits:Phrase
ad_00689,2023-11,77.72,379.08,10163,99,2,new socks collection,Ride ready. Try our socks today.,image,4:5,road,img_socks:Image|socks:Noun|ride:Verb|cold weather essentials:Phrase
ad_00690,2023-11,275.55,2376.21,19515,238,6,shred further in 7 our vest,shred further in our new vest. 💪,image,1:1,gravel,img_vest:Image|vest:Noun|shred:Verb|adventure awaits:Phrase
ad_00691,2023-11,872.29,7212.59,22434,285,8,kit for every climb,Our kit lets you climb better.,image,4:5,gravel,img_kit:Image|kit:Noun|adventure awaits:Phrase
ad_00692,2023-11,145.02,243.34,14930,57,0,armwarmers 17 for every descend,Ride ready. Try our armwarmers today.,image,9:16,sale,img_armwarmers:Image|descend:Verb
ad_00693,2023-11,81.17,91.21,16944,109,1,premium shorts built to sprint,"Built for the long haul. Our premium shorts combines technical fabrics with a refined fit so you can sprint harder and go further, no matter what the forecast brings this season. ☀️",video,1:1,commute,vid_shorts:Video|sprint:Verb
ad_00694,2023-11,351.9,382.49,7833,37,0,the jersey you need to gear,Our jersey lets you gear better.,video,9:16,accessories,vid_jersey:Video
ad_00695,2023-11,84.68,110.92,39644,267,4,cruise further in our tights,Ride ready. Try our tights today.,video,9:16,gravel,vid_tights:Video|tights:Noun|cruise:Verb
ad_00696,2023-11,134.06,306.63,13515,76,1,climb further in our baselayer,"Lightweight and breathable, this baselayer keeps you comfortable from the first pedal stroke to the last. Designed for riders who climb in all conditions and demand the very best from their gear.",image,4:5,road,img_baselayer:Image|baselayer:Noun|climb:Verb
ad_00697,2023-11,34.3,215.66,24219,221,3,push further in our kit,Built 2 to push. Premium kit. ❄️,image,4:5,mountain,img_kit:Image|push:Verb|gravel ready:Phrase
ad_00698,2023-11,139.26,228.24,32936,169,2,kit for every gear,"Built for the long haul. Our premium kit combines technical fabrics with a refined fit so you can gear harder and go further, no matter what the forecast brings this season.",video,4:5,accessories,vid_kit:Video|kit:Noun|trail tested:Phrase
ad_00699,2023-11,77.58,434.75,9164,60,1,new baselayer collection,Built to 18 shred. Premium baselayer.,image,4:5,road,img_baselayer:Image|baselayer:Noun|shred:Verb|gravel ready:Phrase
ad_00700,2023-11,355.53,1372.87,17405,125,2,premium gloves built to cruise,20 Ride ready. Try our gloves today. 🔥,video,4:5,casual,vid_gloves:Video|gloves:Noun
ad_00701,2023-11,93.0,56.99,18761,78,1,push further in our kit,"Built for the long haul. Our premium kit combines technical fabrics with a refined fit so you can push harder and go further, no matter what the forecast brings this season.",video,9:16,accessories,vid_kit:Video|kit:Noun|push:Verb
ad_00702,2023-11,266.72,1848.56,14350,95,2,6 the gloves you need to pedal,Our gloves lets you pedal better. 💪,image,4:5,accessories,img_gloves:Image|gloves:Noun|pedal:Verb|your spring wardrobe:Phrase
ad_00703,2023-11,156.86,467.95,25957,158,2,gloves for every pedal,Our gloves lets you pedal better.,image,4:5,road,img_gloves:Image|gloves:Noun|pedal:Verb
ad_00704,2023-11,180.1,509.16,11695,97,1,gloves for every layer,layer further 10 in our new gloves.,video,4:5,urban,vid_gloves:Video|gloves:Noun
ad_00705,2023-11,228.53,247.87,16781,71,1,layer further in our bibs,"Built for the long haul. Our premium bibs combines technical fabrics with a refined fit so you can layer harder and go further, no matter what the forecast brings this season.",video,4:5,accessories,vid_bibs:Video
ad_00706,2023-11,161.78,615.31,13563,74,1,premium kit built to ride,Our kit lets you ride better.,image,4:5,accessories,img_kit:Image|gravel ready:Phrase
ad_00707,2023-11,113.25,158.23,52224,365,4,tights for every climb,Built to climb. Premium tights.,video,9:16,casual,vid_tights:Video|tights:Noun|climb:Verb|gear up for summer:Phrase
ad_00708,2023-11,102.63,286.43,11721,74,1,17 new tights collection,Built to gear. Premium tights. 🌧️,video,9:16,road,vid_tights:Video|tights:Noun|race day ready:Phrase
ad_00709,2023-11,226.72,386.37,23695,93,1,the shorts you need to pedal,Ride ready. Try our shorts today.,video,4:5,accessories,vid_shorts:Video|pedal:Verb
ad_00710,2023-11,53.37,244.82,40089,260,4,15 new shorts collection,Our shorts lets you train better.,image,1:1,road,img_shorts:Image|shorts:Noun|all day comfort:Phrase
ad_00711,2023-11,457.24,833.8,10315,75,1,the vest you need to climb,"Engineered for performance on every terrain. Our vest is designed to help you climb with total confidence, whether you are on a mountain pass or a city commute through changing weather. 🌧️",image,9:16,urban,img_vest:Image|vest:Noun
ad_00712,2023-11,180.8,877.37,17123,247,5,shred further in 28 our shell,Ride ready. Try our shell today.,image,9:16,commute,img_shell:Image|shell:Noun|adventure awaits:Phrase
ad_00713,2023-11,136.44,235.05,9970,47,0,premium shell built to conquer,Our shell lets you conquer better.,video,4:5,adult,vid_shell:Video|shell:Noun|conquer:Verb
ad_00714,2023-11,195.97,3292.0,5967,96,4,25 new shell collection,Our shell lets 9 you conquer better. 🏔️,image,4:5,adventure,img_shell:Image|shell:Noun|conquer:Verb|gravel ready:Phrase
ad_00715,2023-11,116.95,316.54,11026,154,4,new tights collection,Ride ready. Try our tights today.,video,1:1,adventure,vid_tights:Video|pedal:Verb|adventure awaits:Phrase
ad_00716,2023-11,150.13,314.82,12275,83,1,17 shred further in our shell,Our shell lets you shred better.,video,9:16,urban,vid_shell:Video|shell:Noun|shred:Verb|gear up for summer:Phrase
ad_00717,2023-11,84.71,176.12,12646,68,1,wardrobe for every race,"Lightweight and breathable, this wardrobe keeps you comfortable from the first pedal stroke to the last. Designed for riders who race in all conditions and demand the very best from their gear.",video,4:5,casual,vid_wardrobe:Video|wardrobe:Noun
ad_00718,2023-11,209.22,2090.16,14055,217,6,the wardrobe you 9 need to climb,Built 27 to climb. Premium wardrobe.,image,1:1,adventure,img_wardrobe:Image|all day comfort:Phrase
ad_00719,2023-11,159.37,375.85,16376,103,1,tights 4 for every cruise,Built to cruise. Premium tights.,video,9:16,gravel,vid_tights:Video|tights:Noun
ad_00720,2023-11,186.94,531.26,8974,61,1,new tights collection,Our tights lets you 17 cruise better.,image,1:1,road,img_tights:Image|cruise:Verb
ad_00721,2023-11,406.75,2139.33,19464,185,3,kit 4 for every shred,Ride ready. Try our kit today.,image,1:1,accessories,img_kit:Image|kit:Noun|cold weather essentials:Phrase
ad_00722,2023-11,103.11,200.96,29947,172,2,shorts for every conquer,"Built for the long haul. Our premium shorts combines technical fabrics with a refined fit so you can conquer harder and go further, no matter what the forecast brings this season. 🏔️",image,9:16,road,img_shorts:Image|shorts:Noun|conquer:Verb|ride in comfort:Phrase
ad_00723,2023-11,154.62,236.73,31756,147,1,premium armwarmers built to ride,Ride ready. Try our 19 armwarmers today. ❄️,video,9:16,road,vid_armwarmers:Video|armwarmers:Noun|ride:Verb
ad_00724,2023-11,62.02,334.76,14335,168,5,premium jersey built to climb,Built to climb. Premium jersey.,image,1:1,adventure,img_jersey:Image|gear up for summer:Phrase
ad_00725,2023-11,232.37,596.06,25526,171,3,premium wardrobe built 8 to sprint,"Lightweight and breathable, this wardrobe keeps you comfortable from the first pedal stroke to the last. Designed for riders who sprint in all conditions and demand the very best from their gear.",video,4:5,gravel,vid_wardrobe:Video|wardrobe:Noun|sprint:Verb
ad_00726,2023-11,165.31,316.25,11615,64,1,new baselayer collection,gear further in our new baselayer.,image,1:1,road,img_baselayer:Image|baselayer:Noun|gear:Verb
ad_00727,2023-11,168.8,272.76,13751,60,0,shell for every layer,Built to layer. Premium shell.,video,4:5,sale,vid_shell:Video|shell:Noun|layer:Verb|ride in comfort:Phrase
ad_00728,2023-11,152.0,284.32,19926,125,1,pedal further in 25 our vest,pedal further in our new vest.,video,9:16,road,vid_vest:Video|vest:Noun|your spring wardrobe:Phrase
ad_00729,2023-11,118.08,387.86,13810,95,1,bibs for every train,train further in our new bibs.,image,4:5,adult,img_bibs:Image
ad_00730,2023-11,746.9,1367.63,8678,42,1,jacket for every train,train further in our new jacket.,video,4:5,accessories,vid_jacket:Video|jacket:Noun|train:Verb|gravel ready:Phrase
ad_00731,2023-11,170.93,1235.18,24764,193,3,descend further 16 in our gloves,22 Ride ready. Try our gloves today.,image,4:5,adult,img_gloves:Image|gloves:Noun|descend:Verb|your spring wardrobe:Phrase
ad_00732,2023-11,199.58,649.71,10788,56,1,premium cap built to conquer,conquer further in our new cap.,image,4:5,accessories,img_cap:Image|cap:Noun|conquer:Verb
ad_00733,2023-11,84.32,190.74,12588,90,1,cap for every push,"Built for the long haul. Our premium cap combines technical fabrics with a refined fit so you can push harder and go further, no matter what the forecast brings this season.",image,4:5,urban,img_cap:Image|cap:Noun|push:Verb
ad_00734,2023-11,284.12,795.56,27712,226,4,new armwarmers collection,climb further in our new armwarmers.,video,1:1,adventure,vid_armwarmers:Video
ad_00735,2023-11,155.13,1057.38,21356,184,3,8 premium jacket built to ride,Built to ride. Premium jacket. ❄️,image,1:1,commute,img_jacket:Image
ad_00736,2023-11,218.29,439.59,17829,144,2,new 24 armwarmers collection,"Engineered for performance on every terrain. Our armwarmers is designed to help you race with total confidence, whether you are on a mountain pass or a city commute through changing weather.",video,1:1,casual,vid_armwarmers:Video|armwarmers:Noun|race:Verb|built to last:Phrase
ad_00737,2023-11,287.07,926.74,7831,60,1,new vest collection,26 climb further in our new vest.,image,9:16,gravel,img_vest:Image|vest:Noun|climb:Verb
ad_00738,2023-11,156.96,219.6,9126,53,1,cruise further in our bibs,cruise further in our new bibs.,video,9:16,gravel,vid_bibs:Video|bibs:Noun
ad_00739,2023-11,111.29,290.09,19914,81,1,premium vest built to explore,Built to explore. Premium vest. 🚴,image,4:5,sale,img_vest:Image
ad_00740,2023-11,41.33,92.94,22371,156,2,new jersey collection,Our jersey lets you race better.,video,4:5,casual,vid_jersey:Video|race:Verb
ad_00741,2023-11,132.42,462.84,18528,153,2,descend 27 further in our bibs,"Built for the long haul. Our premium bibs combines technical fabrics with a refined fit so you can descend harder and go further, no matter what the forecast brings this season.",image,1:1,casual,img_bibs:Image
ad_00742,2023-11,110.93,242.61,12883,76,1,premium 20 bibs built to layer,Our bibs lets you layer better.,video,4:5,accessories,vid_bibs:Video|bibs:Noun|layer:Verb
ad_00743,2023-11,84.14,680.8,12673,122,2,new 16 armwarmers collection,10 Ride ready. Try our armwarmers today.,image,4:5,mountain,img_armwarmers:Image|gravel ready:Phrase
ad_00744,2023-11,399.48,1202.32,18187,138,3,race further in our shorts,"Built for the long haul. Our premium shorts combines technical fabrics with a refined fit so you can race harder and go further, no matter what the forecast brings this season.",image,1:1,adventure,img_shorts:Image|shorts:Noun|race:Verb
ad_00745,2023-11,301.26,426.69,8731,44,0,shell for every race,Ride ready. Try our shell today.,video,9:16,adult,vid_shell:Video|shell:Noun|lightweight layers:Phrase
ad_00746,2023-11,55.72,378.36,17092,179,4,21 the wardrobe you need to ride,Our wardrobe lets you ride better.,image,4:5,gravel,img_wardrobe:Image
ad_00747,2023-11,183.19,208.15,8153,45,0,gloves for every cruise,Built to cruise. Premium gloves.,video,1:1,road,vid_gloves:Video|gloves:Noun|cruise:Verb
ad_00748,2023-11,102.31,442.09,9645,90,2,vest for every race,Built to race. Premium vest. 🔥,image,1:1,gravel,img_vest:Image|vest:Noun
ad_00749,2023-11,208.18,747.01,17848,119,2,bibs 28 for every sprint,Built to sprint. Premium bibs.,video,4:5,commute,vid_bibs:Video|bibs:Noun
ad_00750,2023-11,103.39,306.99,21854,161,2,premium wardrobe built to conquer,Ride ready. Try our wardrobe today.,image,1:1,accessories,img_wardrobe:Image|wardrobe:Noun|adventure awaits:Phrase
ad_00751,2023-11,120.89,311.92,19369,143,2,layer 23 further in our shorts,"Built for the long haul. Our premium shorts combines technical fabrics with a refined fit so you can layer harder and go further, no matter what the forecast brings this season.",image,9:16,casual,img_shorts:Image|shorts:Noun|layer:Verb|all day comfort:Phrase
ad_00752,2023-11,297.72,971.39,9351,47,1,premium jersey built to race,race further 14 in our new jersey.,video,4:5,mountain,vid_jersey:Video|jersey:Noun
ad_00753,2023-11,273.12,612.19,6406,48,1,new socks collection,Ride ready. Try our socks today.,video,4:5,gravel,vid_socks:Video|socks:Noun
ad_00754,2023-11,413.23,1180.3,16258,131,2,the shell you 4 need to climb,Built to climb. Premium shell.,image,9:16,adult,img_shell:Image|climb:Verb|gear up for summer:Phrase
ad_00755,2023-11,146.66,103.57,6316,28,0,premium jacket built to sprint,"Engineered for performance on every terrain. Our jacket is designed to help you sprint with total confidence, whether you are on a mountain pass or a city commute through changing weather.",video,1:1,mountain,vid_jacket:Video|jacket:Noun|sprint:Verb
ad_00756,2023-11,69.75,606.92,26180,384,12,gear further in our kit,Our kit lets you 7 gear better.,video,4:5,adventure,vid_kit:Video|kit:Noun|cold weather essentials:Phrase
ad_00757,2023-11,290.35,421.53,9508,36,0,shell for every cruise,25 Our shell lets you cruise better.,video,4:5,sale,vid_shell:Video|shell:Noun|cruise:Verb
ad_00758,2023-11,291.36,310.89,49892,198,2,the bibs you need to pedal,Built to pedal. Premium bibs. 🏔️,video,1:1,sale,vid_bibs:Video|bibs:Noun|pedal:Verb|new arrivals:Phrase
ad_00759,2023-11,243.54,537.73,10092,63,1,premium bibs built to shred,shred 22 further in our new bibs. ☀️,video,9:16,casual,vid_bibs:Video|shred:Verb
ad_00760,2023-11,106.92,348.44,20579,113,2,bibs for every push,push further in our new bibs.,image,4:5,mountain,img_bibs:Image|bibs:Noun|push:Verb
ad_00761,2023-11,87.87,241.68,11296,60,1,descend further in our armwarmers,Ride ready. Try our 14 armwarmers today.,image,9:16,adult,img_armwarmers:Image|armwarmers:Noun
ad_00762,2023-11,230.42,622.81,15010,88,1,premium socks built to train,Built to train. Premium socks.,image,1:1,mountain,img_socks:Image|socks:Noun|your spring wardrobe:Phrase
ad_00763,2023-11,98.16,376.0,17899,196,4,cap for every shred,Built to shred. Premium cap.,image,1:1,adventure,img_cap:Image|cap:Noun|shred:Verb
ad_00764,2023-11,138.87,172.09,25101,101,1,the tights you need to sprint,"Lightweight and breathable, this tights keeps you comfortable from the first pedal stroke to the last. Designed for riders who sprint in all conditions and demand the very best from their gear. 💪",image,1:1,sale,img_tights:Image|tights:Noun
ad_00765,2023-11,955.49,8181.18,27181,340,10,tights for every conquer,conquer further in our 23 new tights. 🔥,image,1:1,gravel,img_tights:Image|tights:Noun|cold weather essentials:Phrase
ad_00766,2023-11,599.25,1088.46,23487,123,1,race further in our baselayer,Built to race. Premium baselayer. 💪,video,9:16,urban,vid_baselayer:Video|race:Verb|lightweight layers:Phrase
ad_00767,2023-11,268.79,675.35,27429,160,2,premium shell built to conquer,"Lightweight and breathable, this shell keeps you comfortable from the first pedal stroke to the last. Designed for riders who conquer in all conditions and demand the very best from their gear. ⛰️",image,4:5,mountain,img_shell:Image|shell:Noun
ad_00768,2023-11,112.28,309.88,11998,116,2,premium armwarmers built to climb,Built to climb. Premium armwarmers.,image,9:16,adventure,img_armwarmers:Image|climb:Verb
ad_00769,2023-11,108.3,404.22,22582,175,3,the gloves you need to pedal,16 Our gloves lets you pedal better.,video,4:5,casual,vid_gloves:Video
ad_00770,2023-11,256.67,922.41,13768,130,3,gear further in our bibs,Built to gear. Premium bibs.,image,9:16,commute,img_bibs:Image|gear:Verb|cold weather essentials:Phrase
ad_00771,2023-11,410.15,970.52,26733,170,2,wardrobe 10 for every conquer,"Engineered for performance on every terrain. Our wardrobe is designed to help you conquer with total confidence, whether you are on a mountain pass or a city commute through changing weather. ❄️",image,1:1,mountain,img_wardrobe:Image|wardrobe:Noun|conquer:Verb|lightweight layers:Phrase
ad_00772,2023-11,122.9,503.96,17297,111,2,premium vest built to layer,Our vest lets you layer better.,image,4:5,adult,img_vest:Image|vest:Noun
ad_00773,2023-11,127.01,327.51,22262,158,2,premium baselayer built to train,train further in our new baselayer. 🚴,image,9:16,mountain,img_baselayer:Image|baselayer:Noun|train:Verb|gear up for summer:Phrase
ad_00774,2023-11,176.08,300.32,18888,91,1,29 bibs for every cruise,"Engineered for performance on every terrain. Our bibs is designed to help you cruise with total confidence, whether you are on a mountain pass or a city commute through changing weather.",image,9:16,adult,img_bibs:Image
ad_00775,2023-11,72.6,301.82,23878,157,2,18 explore further in our cap,Built to explore. Premium cap. ☀️,image,1:1,mountain,img_cap:Image
ad_00776,2023-11,73.94,193.95,10902,77,1,baselayer for every conquer,conquer further in our new baselayer.,video,4:5,casual,vid_baselayer:Video|baselayer:Noun
ad_00777,2023-11,82.49,97.89,7440,39,0,premium shorts built to layer,"Engineered for performance 13 on every terrain. Our shorts is designed to help you layer with total confidence, whether you are on a mountain pass or a city commute through changing weather.",video,9:16,gravel,vid_shorts:Video|shorts:Noun|layer:Verb
ad_00778,2023-11,231.82,662.96,26769,191,4,gear further in our shell,Ride ready. Try our shell today. ❄️,image,9:16,gravel,img_shell:Image
ad_00779,2023-11,196.67,256.97,31985,195,3,the kit you need to shred,"Engineered for performance on every terrain. Our kit is designed to help you shred with total confidence, whether you are on a mountain pass or a city commute through changing weather.",video,4:5,urban,vid_kit:Video|kit:Noun
ad_00780,2023-11,330.46,1175.37,15407,100,1,21 sprint further in our shorts,"Engineered for performance on every terrain. Our shorts is designed to help you sprint with total confidence, whether you are on a mountain pass or a city commute through changing weather.",image,4:5,adult,img_shorts:Image|shorts:Noun|sprint:Verb
ad_00781,2023-11,58.91,121.8,24491,159,2,the socks you need to shred,"Engineered for performance on every terrain. Our socks is designed to help you shred with total confidence, whether you are on a mountain pass or a city commute through changing weather.",video,4:5,gravel,vid_socks:Video|shred:Verb
ad_00782,2023-11,67.23,146.67,7229,36,0,gear further in our vest,Ride ready. Try our vest today.,image,9:16,adult,img_vest:Image|vest:Noun
ad_00783,2023-11,219.59,1190.41,11965,118,2,premium baselayer built to climb,Our baselayer lets you climb better.,image,4:5,casual,img_baselayer:Image|baselayer:Noun|gravel ready:Phrase
ad_00784,2023-11,99.0,354.79,17009,198,5,push further in our tights,"Lightweight and breathable, this tights keeps you comfortable from the first pedal stroke to the last. Designed for riders who push in all conditions and demand the very best from their gear.",video,4:5,adventure,vid_tights:Video|tights:Noun|push:Verb|built to last:Phrase
ad_00785,2023-11,103.41,294.57,6856,50,1,shred 18 further in our cap,Our cap lets you shred better.,video,4:5,gravel,vid_cap:Video|cap:Noun|shred:Verb
ad_00786,2023-11,306.73,852.73,7599,50,1,baselayer 21 for every gear,gear further in our new baselayer. 🚴,video,1:1,gravel,vid_baselayer:Video|gear:Verb
ad_00787,2023-11,119.89,484.58,17668,117,2,the 28 jersey you need to sprint,Built to sprint. Premium jersey. ⛰️,image,1:1,accessories,img_jersey:Image|jersey:Noun
ad_00788,2023-11,128.61,130.3,12060,50,0,new gloves collection,"Lightweight and breathable, this gloves keeps you comfortable from the first pedal stroke to the last. Designed for riders who shred in all conditions and demand the very best from their gear.",video,1:1,adult,vid_gloves:Video|gloves:Noun
ad_00789,2023-11,143.78,523.14,13728,160,4,cruise further in our cap,Our cap lets you cruise better. 💪,video,1:1,adventure,vid_cap:Video|cap:Noun|cruise:Verb|new arrivals:Phrase
ad_00790,2023-11,149.11,746.81,13325,94,1,8 shred further in our armwarmers,Built to shred. Premium armwarmers.,image,4:5,mountain,img_armwarmers:Image|armwarmers:Noun
ad_00791,2023-11,251.96,373.36,8593,45,1,push further in our armwarmers,Ride ready. Try our armwarmers today.,video,9:16,road,vid_armwarmers:Video|armwarmers:Noun|built to last:Phrase
ad_00792,2023-11,80.83,393.23,14644,189,5,premium jacket built to race,Built to race. Premium jacket.,image,1:1,adventure,img_jacket:Image|jacket:Noun|all day comfort:Phrase
ad_00793,2023-11,149.22,259.98,16215,66,1,premium cap built to cruise,"Built for the long haul. Our premium cap combines technical fabrics with a refined fit so you can cruise harder and go further, no matter what the forecast brings this season.",image,4:5,sale,img_cap:Image|cap:Noun|cruise:Verb|race day ready:Phrase
ad_00794,2023-11,335.54,1256.02,12200,133,3,jersey for every cruise,Our jersey lets you cruise better.,image,1:1,adventure,img_jersey:Image|jersey:Noun|cruise:Verb
ad_00795,2023-11,600.62,3671.51,12705,137,3,premium gloves 27 built to gear,Our gloves lets you gear better.,video,4:5,gravel,vid_gloves:Video|gloves:Noun|gear:Verb|adventure awaits:Phrase
ad_00796,2023-11,74.02,191.25,14743,119,2,conquer further in our armwarmers,Our armwarmers lets you conquer better.,image,1:1,casual,img_armwarmers:Image
ad_00797,2023-11,203.76,239.73,24598,91,1,premium kit built to push,Ride ready. Try our kit today.,image,9:16,sale,img_kit:Image|kit:Noun|push:Verb
ad_00798,2023-11,149.05,976.85,15573,194,5,shred further in our gloves,Built to shred. Premium gloves.,image,4:5,adventure,img_gloves:Image|shred:Verb
ad_00799,2023-11,157.44,636.2,6231,61,1,premium wardrobe built 7 to ride,ride further in our new wardrobe.,video,4:5,adventure,vid_wardrobe:Video|ride:Verb
ad_00800,2023-11,104.02,796.26,8988,108,3,the kit you need 9 to pedal,Built to pedal. Premium kit. ☀️,image,9:16,adventure,img_kit:Image|kit:Noun|pedal:Verb|lightweight layers:Phrase
ad_00801,2023-11,262.91,421.91,26015,83,1,15 the vest you need to explore,Built to explore. Premium vest.,video,4:5,sale,vid_vest:Video|vest:Noun|explore:Verb
ad_00802,2023-11,254.94,1266.14,11588,87,2,the 13 kit you need to shred,Our kit lets you 10 shred better. 🔥,video,4:5,urban,vid_kit:Video|kit:Noun|shred:Verb|lightweight layers:Phrase
ad_00803,2023-11,759.03,3190.02,15620,188,4,the vest you need to shred,Built to 8 shred. Premium vest.,video,4:5,adventure,vid_vest:Video|vest:Noun|shred:Verb
ad_00804,2023-11,75.62,249.53,42743,290,4,sprint further in our shorts,Ride ready. 23 Try our shorts today.,video,4:5,urban,vid_shorts:Video|shorts:Noun|sprint:Verb
ad_00805,2023-11,58.53,118.87,22391,190,3,the shorts you need to sprint,Ride ready. Try our shorts today.,video,1:1,casual,vid_shorts:Video|shorts:Noun|built to last:Phrase
ad_00806,2023-11,573.15,1157.3,5577,32,0,premium socks built to push,"Lightweight and breathable, this socks keeps you comfortable from the first pedal stroke to the last. Designed for riders who push in all conditions and demand the very best from their gear.",image,1:1,adult,img_socks:Image
ad_00807,2023-11,161.93,1010.54,33623,333,8,bibs for every ride,Our bibs lets you ride better. 🔥,image,4:5,casual,img_bibs:Image|ride:Verb|race day ready:Phrase
ad_00808,2023-11,127.01,209.43,17595,94,1,the gloves you need to climb,Ride ready. Try our gloves today.,video,1:1,mountain,vid_gloves:Video|gloves:Noun|climb:Verb|trail tested:Phrase
ad_00809,2023-11,187.03,216.55,19637,62,0,new jacket collection,"Lightweight and breathable, this jacket keeps you comfortable from the first pedal stroke to the last. Designed for riders who explore in all conditions and demand the very best from their gear.",image,4:5,sale,img_jacket:Image|jacket:Noun|explore:Verb
ad_00810,2023-11,72.34,66.31,19008,94,1,jersey for every descend,"Built for the long haul. Our premium jersey combines technical fabrics with a refined fit so you can descend harder and go further, no matter what the forecast brings this season.",video,1:1,mountain,vid_jersey:Video|jersey:Noun|descend:Verb
ad_00811,2023-11,209.31,1039.49,25776,174,2,cap 27 for every train,"Built for the long haul. Our premium cap combines technical fabrics with a refined fit so you can train harder and go further, no matter what the forecast brings this season.",image,4:5,road,img_cap:Image|cap:Noun|race day ready:Phrase
ad_00812,2023-11,159.2,947.63,15688,95,1,premium shell built 13 to gear,Ride ready. Try our 18 shell today.,image,4:5,adult,img_shell:Image|gear:Verb
ad_00813,2023-11,318.17,831.09,7783,42,0,shorts for every train,Ride 27 ready. Try our shorts today. 🔥,video,4:5,accessories,vid_shorts:Video|shorts:Noun|train:Verb
ad_00814,2023-11,279.37,413.49,19193,99,1,new gloves collection,Built 24 to pedal. Premium gloves.,video,1:1,road,vid_gloves:Video|gloves:Noun|pedal:Verb
ad_00815,2023-11,293.69,1076.24,8181,48,1,the baselayer you need to pedal,Built to pedal. Premium baselayer.,image,4:5,road,img_baselayer:Image|baselayer:Noun|pedal:Verb|lightweight layers:Phrase
ad_00816,2023-11,187.32,602.42,40490,367,6,explore further in our wardrobe,explore further in our new wardrobe.,image,9:16,gravel,img_wardrobe:Image|wardrobe:Noun|your spring wardrobe:Phrase
ad_00817,2023-11,437.43,1214.96,13622,99,1,race further in our socks,Our socks lets you race better. 🏔️,image,9:16,urban,img_socks:Image
ad_00818,2023-11,236.06,528.21,15909,54,0,train further in our wardrobe,Built to train. Premium wardrobe.,image,4:5,sale,img_wardrobe:Image|wardrobe:Noun|train:Verb
ad_00819,2023-11,121.32,257.33,11644,83,1,climb further 17 in our bibs,Our bibs lets you climb better.,video,9:16,casual,vid_bibs:Video|climb:Verb
ad_00820,2023-11,102.8,265.21,19343,142,2,premium jersey built to climb,climb further 2 in our new jersey. 🚴,video,1:1,urban,vid_jersey:Video|jersey:Noun
ad_00821,2023-11,109.99,433.24,20490,163,3,vest 18 for every descend,Ride ready. Try our vest today.,image,9:16,urban,img_vest:Image|vest:Noun|race day ready:Phrase
ad_00822,2023-11,237.84,788.14,11628,98,2,premium socks built to race,"Built for the long haul. Our premium socks combines technical fabrics with a refined fit so you can race harder and go further, no matter what the forecast brings this season. ⛰️",image,4:5,accessories,img_socks:Image|race:Verb|cold weather essentials:Phrase
ad_00823,2023-11,75.14,317.25,20477,210,5,the wardrobe you need to shred,Our wardrobe lets you shred better.,video,4:5,gravel,vid_wardrobe:Video|wardrobe:Noun|adventure awaits:Phrase
ad_00824,2023-11,183.35,526.24,16889,143,2,premium baselayer built to layer,"Built for the long haul. Our premium baselayer combines technical fabrics with a refined fit so you can layer harder and go further, no matter what the forecast brings this season.",image,4:5,casual,img_baselayer:Image|baselayer:Noun|layer:Verb
ad_00825,2023-11,101.35,446.34,15562,122,2,22 baselayer for every push,Built to 24 push. Premium baselayer.,image,1:1,road,img_baselayer:Image
ad_00826,2023-11,78.76,294.74,11212,91,1,10 new gloves collection,descend further in our new gloves.,image,9:16,mountain,img_gloves:Image|gloves:Noun|ride in comfort:Phrase
ad_00827,2023-11,86.78,288.02,51934,341,5,new bibs collection,20 gear further in our new bibs.,image,1:1,accessories,img_bibs:Image|bibs:Noun|gravel ready:Phrase
ad_00828,2023-11,164.69,618.14,29493,334,8,sprint further in our wardrobe,sprint further in our new wardrobe.,video,9:16,adventure,vid_wardrobe:Video|wardrobe:Noun|adventure awaits:Phrase
ad_00829,2023-11,264.17,1508.82,23499,232,4,premium bibs built to push,Our bibs lets you push better. ⛰️,image,4:5,casual,img_bibs:Image
ad_00830,2023-11,111.36,392.8,28675,226,3,socks for 20 every conquer,"Lightweight and breathable, this socks keeps you comfortable from the first pedal stroke to the last. Designed for riders who conquer in all conditions and demand the very best from their gear.",image,4:5,accessories,img_socks:Image|socks:Noun|race day ready:Phrase
ad_00831,2023-11,48.07,112.35,18967,110,1,premium baselayer built to pedal,pedal further in our new baselayer.,image,1:1,accessories,img_baselayer:Image
ad_00832,2023-11,1108.67,1809.3,13710,71,1,the kit you need to ride,"Built for the long haul. Our premium kit combines technical fabrics with a refined fit so you can ride harder and go further, no matter what the forecast brings this season.",video,4:5,mountain,vid_kit:Video|kit:Noun|gravel ready:Phrase
ad_00833,2023-11,326.68,638.48,4355,18,0,gear 12 further in our shorts,Ride ready. Try our shorts today.,image,1:1,sale,img_shorts:Image|shorts:Noun
ad_00834,2023-11,292.27,233.13,8875,42,0,the tights you need to cruise,"Built for the long haul. Our premium tights combines technical fabrics with a refined fit so you can cruise harder and go further, no matter what the forecast brings this season.",video,9:16,road,vid_tights:Video|tights:Noun|gravel ready:Phrase
ad_00835,2023-11,443.65,2019.54,48196,385,8,socks for 2 every layer,"Built for the long haul. Our premium socks combines technical fabrics with a refined fit so you can layer harder and go further, no matter what the forecast brings this season.",image,4:5,gravel,img_socks:Image|socks:Noun|layer:Verb
ad_00836,2023-11,176.57,304.08,29162,128,1,premium gloves built to descend,descend further in 22 our new gloves.,image,1:1,sale,img_gloves:Image|gloves:Noun|descend:Verb
ad_00837,2023-11,154.06,680.84,18064,302,8,the jacket you need to ride,"Built for the long haul. Our premium jacket combines technical fabrics with a refined fit so you can ride harder and go further, no matter what the forecast brings this season.",image,1:1,adventure,img_jacket:Image|ride:Verb|cold weather essentials:Phrase
ad_00838,2023-11,376.83,901.27,7419,39,0,14 the wardrobe you need to explore,explore further in our new wardrobe.,video,4:5,accessories,vid_wardrobe:Video|wardrobe:Noun
ad_00839,2023-11,375.31,894.89,22425,106,1,shorts for every shred,shred further in our 4 new shorts.,video,1:1,mountain,vid_shorts:Video|shorts:Noun
ad_00840,2023-11,241.64,868.86,14207,109,2,premium 25 cap built to ride,Our cap lets you ride better.,image,1:1,mountain,img_cap:Image|cap:Noun|ride:Verb|ride in comfort:Phrase
ad_00841,2023-11,283.67,526.28,23144,210,5,premium vest built to ride,"Engineered for performance on every terrain. Our vest is designed to help you ride with total confidence, whether you are on a mountain pass or a city commute through changing weather.",video,1:1,adventure,vid_vest:Video|vest:Noun|all day comfort:Phrase
ad_00842,2023-11,79.44,371.19,9363,98,2,19 the wardrobe you need to gear,26 Our wardrobe lets you gear better.,video,1:1,casual,vid_wardrobe:Video|wardrobe:Noun|gear:Verb|adventure awaits:Phrase
ad_00843,2023-11,143.14,131.85,12779,51,0,shell for every shred,Ride ready. Try our shell today.,video,9:16,accessories,vid_shell:Video|shred:Verb|all day comfort:Phrase
ad_00844,2023-11,464.33,1022.06,25415,122,2,new shorts collection,Our shorts lets you race better.,image,1:1,mountain,img_shorts:Image|shorts:Noun
ad_00845,2023-11,270.68,568.07,42806,285,4,cap for every pedal,Ride ready. Try our cap today. 🏔️,video,1:1,adult,vid_cap:Video|cap:Noun|pedal:Verb|adventure awaits:Phrase
ad_00846,2023-11,69.48,291.63,11746,98,2,the 15 wardrobe you need to climb,"Engineered for performance on every terrain. Our wardrobe is designed to help you climb with total confidence, whether you are on a mountain pass or a city commute through changing weather. 🌧️",image,9:16,commute,img_wardrobe:Image|wardrobe:Noun|built to last:Phrase
ad_00847,2023-11,121.47,960.84,9904,65,1,21 premium tights built to cruise,Built to 17 cruise. Premium tights.,image,4:5,adult,img_tights:Image|tights:Noun
ad_00848,2023-11,421.11,1526.88,27227,165,2,the kit 22 you need to race,race further in our new kit. 🏔️,image,1:1,adult,img_kit:Image|kit:Noun
ad_00849,2023-11,219.52,463.99,8696,58,1,the tights you need to pedal,"Engineered for performance on every terrain. Our 29 tights is designed to help you pedal with total confidence, whether you are on a mountain pass or a city commute through changing weather.",image,9:16,urban,img_tights:Image|tights:Noun|pedal:Verb
ad_00850,2023-11,186.32,199.99,9014,55,1,new shell collection,"Lightweight and breathable, this shell keeps you comfortable from the first pedal stroke to the last. Designed for riders who explore in all conditions and demand the very best from their gear.",video,1:1,gravel,vid_shell:Video|shell:Noun|explore:Verb
ad_00851,2023-11,189.71,685.37,18648,118,2,new shell collection,Our shell lets you shred better.,image,4:5,mountain,img_shell:Image|shell:Noun
ad_00852,2023-11,158.88,1059.82,46322,481,14,the 9 tights you need to train,Ride ready. Try our tights today. ❄️,image,1:1,adventure,img_tights:Image|tights:Noun|train:Verb
ad_00853,2023-11,121.97,368.84,10680,51,1,premium armwarmers built to push,"Built for the long haul. Our premium armwarmers combines technical fabrics with a refined fit so you can push harder and go further, no matter what the forecast brings this season. 🚴",image,4:5,road,img_armwarmers:Image
ad_00854,2023-11,101.31,233.4,13570,99,2,wardrobe for every climb,Built to climb. Premium wardrobe.,video,1:1,commute,vid_wardrobe:Video|wardrobe:Noun|new arrivals:Phrase
ad_00855,2023-11,306.28,461.8,17261,104,1,wardrobe for every sprint,sprint further in our new wardrobe.,video,1:1,gravel,vid_wardrobe:Video|sprint:Verb
ad_00856,2023-11,192.64,1291.94,12889,134,4,premium wardrobe built to pedal,"Built for the long 5 haul. Our premium wardrobe combines technical fabrics with a refined fit so you can pedal harder and go further, no matter what the forecast brings this season.",image,4:5,commute,img_wardrobe:Image|wardrobe:Noun|pedal:Verb|new arrivals:Phrase
ad_00857,2023-11,255.33,596.48,6749,40,0,premium bibs built to conquer,Our bibs lets you conquer better.,image,1:1,road,img_bibs:Image|bibs:Noun
ad_00858,2023-11,231.91,427.1,24380,130,2,premium bibs built to layer,Ride ready. Try our bibs today.,image,9:16,road,img_bibs:Image|bibs:Noun
ad_00859,2023-11,388.99,1890.32,17920,151,3,armwarmers 15 for every shred,shred further in our new armwarmers. 🌧️,video,4:5,urban,vid_armwarmers:Video|armwarmers:Noun|lightweight layers:Phrase
ad_00860,2023-11,219.45,927.01,19613,129,2,13 baselayer for every shred,"Lightweight and breathable, this baselayer keeps you comfortable from the first pedal stroke to the last. Designed for riders who shred in all conditions and demand the very best from their gear. 🔥",image,4:5,mountain,img_baselayer:Image|baselayer:Noun
ad_00861,2023-11,273.82,582.64,15209,106,2,premium gloves built to race,"Lightweight and breathable, this gloves keeps you comfortable from the first pedal stroke to the last. Designed for riders who race in all conditions and demand the very best from their gear.",image,9:16,gravel,img_gloves:Image|gloves:Noun
ad_00862,2023-11,184.69,1061.67,34791,346,5,15 new socks collection,29 Built to ride. Premium socks.,image,9:16,urban,img_socks:Image|race day ready:Phrase
ad_00863,2023-11,94.62,359.73,12686,97,2,new vest collection,"Lightweight and breathable, this vest keeps you comfortable from the first pedal stroke to the last. Designed for riders who race in all conditions and demand the very best from their gear.",image,4:5,casual,img_vest:Image|race:Verb|trail tested:Phrase
ad_00864,2023-11,145.9,333.32,9528,52,1,conquer further in our armwarmers,Built to conquer. Premium armwarmers.,video,4:5,adult,vid_armwarmers:Video|armwarmers:Noun|conquer:Verb|built to last:Phrase
ad_00865,2023-11,238.0,311.77,37511,178,2,wardrobe for every layer,"Built for the long haul. Our premium wardrobe combines technical fabrics with a refined fit so you can layer harder and go further, no matter what the forecast brings this season.",image,9:16,accessories,img_wardrobe:Image|wardrobe:Noun|layer:Verb|your spring wardrobe:Phrase
ad_00866,2023-11,250.87,767.08,5438,38,0,race further 4 in our armwarmers,race further in our new armwarmers.,image,1:1,adult,img_armwarmers:Image|race:Verb
ad_00867,2023-11,398.99,1469.2,15118,147,3,new cap collection,Ride ready. Try our cap today.,video,4:5,adventure,vid_cap:Video|cap:Noun|push:Verb
ad_00868,2023-11,126.77,244.89,15721,80,1,new socks collection,Ride ready. Try our socks today. 💪,image,9:16,road,img_socks:Image|socks:Noun|push:Verb
ad_00869,2023-11,191.31,728.51,15417,118,2,gear further in our vest,Ride ready. Try our vest today. 🏔️,video,4:5,casual,vid_vest:Video|gravel ready:Phrase
ad_00870,2023-11,154.6,499.92,7517,45,1,jacket for 4 every ride,Our jacket 7 lets you ride better.,image,9:16,adult,img_jacket:Image|jacket:Noun|ride:Verb
ad_00871,2023-11,442.71,2232.77,9027,108,3,bibs for every train,train further in our new bibs.,image,1:1,adventure,img_bibs:Image|bibs:Noun
ad_00872,2023-11,209.39,1674.81,26358,346,13,the socks you need to gear,Ride ready. Try our socks today.,image,4:5,adventure,img_socks:Image|socks:Noun|your spring wardrobe:Phrase
ad_00873,2023-11,211.81,330.6,32637,119,1,jersey for every descend,descend further in our new jersey. 🏔️,video,4:5,sale,vid_jersey:Video|jersey:Noun|descend:Verb
ad_00874,2023-11,163.52,440.32,13252,85,1,premium cap built to conquer,Our cap lets you conquer better.,video,4:5,gravel,vid_cap:Video|conquer:Verb
ad_00875,2023-11,145.95,800.69,10252,54,1,descend further 3 in our shorts,17 Built to descend. Premium shorts.,image,4:5,sale,img_shorts:Image
ad_00876,2023-11,70.04,109.72,6688,24,0,12 premium socks built to cruise,"Lightweight and breathable, this socks keeps you comfortable from the first pedal stroke to the last. Designed for riders who cruise in all conditions and demand the very best from their gear. 🚴",video,4:5,sale,vid_socks:Video|cruise:Verb
ad_00877,2023-11,78.38,157.71,26129,185,3,shred further in our bibs,shred further in our new bibs.,video,1:1,commute,vid_bibs:Video|all day comfort:Phrase
ad_00878,2023-11,185.98,431.96,26913,219,3,premium gloves built to explore,Built to explore. Premium gloves.,video,1:1,urban,vid_gloves:Video|built to last:Phrase
ad_00879,2023-11,172.57,419.13,4004,24,0,premium baselayer built to descend,Built to descend. Premium baselayer.,image,1:1,sale,img_baselayer:Image|cold weather essentials:Phrase
ad_00880,2023-11,186.6,705.29,4859,38,1,premium gloves built to ride,Ride ready. Try our gloves today. 🌧️,image,1:1,casual,img_gloves:Image|gloves:Noun|your spring wardrobe:Phrase
ad_00881,2023-11,293.87,558.87,17482,63,1,premium armwarmers built to train,Built to train. Premium armwarmers.,image,4:5,sale,img_armwarmers:Image|train:Verb
ad_00882,2023-11,176.63,390.45,18650,145,2,premium jacket built to push,push further 5 in our new jacket.,video,9:16,commute,vid_jacket:Video|jacket:Noun|all day comfort:Phrase
ad_00883,2023-11,135.55,584.58,12860,85,1,premium jersey built to ride,ride 24 further in our new jersey.,image,4:5,mountain,img_jersey:Image|jersey:Noun|ride:Verb
ad_00884,2023-11,147.28,1358.97,16059,196,6,the socks 20 you need to gear,Ride 2 ready. Try our socks today.,image,1:1,adventure,img_socks:Image|socks:Noun|gear:Verb
ad_00885,2023-11,193.38,1321.22,14428,222,6,the 24 wardrobe you need to gear,gear further in our new wardrobe.,image,1:1,adventure,img_wardrobe:Image|wardrobe:Noun|gear up for summer:Phrase
ad_00886,2023-11,133.0,434.51,16543,112,2,wardrobe for every layer,Ride ready. Try our wardrobe today.,image,4:5,mountain,img_wardrobe:Image|layer:Verb
ad_00887,2023-11,316.38,1504.8,10405,87,2,new gloves collection,Our gloves lets you push better. 💪,image,4:5,commute,img_gloves:Image|gloves:Noun
ad_00888,2023-11,165.93,288.72,16226,108,1,new shorts collection,Ride ready. Try our shorts today.,video,9:16,casual,vid_shorts:Video|shorts:Noun|your spring wardrobe:Phrase
ad_00889,2023-11,194.28,635.6,11653,75,1,the wardrobe you need to pedal,Ride ready. Try our wardrobe today.,image,4:5,accessories,img_wardrobe:Image|wardrobe:Noun|pedal:Verb
ad_00890,2023-11,102.35,579.16,11178,88,2,premium shorts built to explore,10 Our shorts lets you explore better.,image,4:5,accessories,img_shorts:Image|shorts:Noun|explore:Verb|built to last:Phrase
ad_00891,2023-11,316.47,600.31,6419,42,1,premium cap built to shred,"Engineered for performance on every terrain. Our cap is designed to help you shred with total confidence, whether you are on a mountain pass or a city commute through changing weather. ❄️",image,9:16,commute,img_cap:Image|cap:Noun|shred:Verb
ad_00892,2023-11,396.11,753.52,14954,96,1,premium tights built to shred,"Lightweight and breathable, this tights keeps you comfortable from the first pedal stroke to the last. Designed for riders who shred in all conditions and demand the very best from their gear. ❄️",video,4:5,commute,vid_tights:Video|tights:Noun|shred:Verb
ad_00893,2023-11,73.73,116.35,24392,102,1,the tights you need to sprint,Our tights lets you sprint better.,image,1:1,sale,img_tights:Image|tights:Noun|sprint:Verb|all day comfort:Phrase
ad_00894,2023-11,212.48,258.06,13873,72,1,shred further in our kit,Built to shred. Premium kit.,video,9:16,urban,vid_kit:Video|kit:Noun|shred:Verb
ad_00895,2023-11,156.58,903.75,13681,103,2,the jersey you need to sprint,sprint further in our 5 new jersey.,image,4:5,adult,img_jersey:Image|jersey:Noun
ad_00896,2023-11,198.09,331.48,30589,127,1,new tights collection,Ride ready. Try our tights today.,image,1:1,sale,img_tights:Image|sprint:Verb|new arrivals:Phrase
ad_00897,2023-11,219.11,330.03,27256,129,2,bibs for every descend,"Engineered for performance on every terrain. Our bibs is designed to help you descend with total confidence, whether you are on a mountain pass or a city commute through changing weather.",image,1:1,road,img_bibs:Image|descend:Verb|your spring wardrobe:Phrase
ad_00898,2023-11,43.7,72.42,38864,239,3,shred further in our baselayer,"Engineered for performance on every terrain. Our baselayer is designed to help you shred with total confidence, whether you are on a mountain pass or a city commute through changing weather.",image,9:16,urban,img_baselayer:Image
ad_00899,2023-11,263.49,814.61,50467,428,8,new tights collection,Our tights lets you race better.,image,1:1,casual,img_tights:Image|tights:Noun|race:Verb|built to last:Phrase
ad_00900,2023-11,325.63,1069.56,16819,111,2,premium cap built to train,"Engineered for performance on every terrain. Our cap is designed to help you train with total confidence, whether you are on a mountain pass or a city commute through changing weather.",image,4:5,commute,img_cap:Image|cap:Noun
ad_00901,2023-11,348.35,612.07,9154,70,1,layer further in our shell,Built to layer. Premium shell.,video,1:1,gravel,vid_shell:Video|shell:Noun
ad_00902,2023-11,94.78,343.13,12581,95,2,socks for every ride,"Built for the long haul. Our premium socks combines technical fabrics with a refined fit so you can ride harder and go further, no matter what the forecast brings this season.",image,4:5,commute,img_socks:Image
ad_00903,2023-11,163.98,223.32,21743,80,1,the baselayer you 11 need to layer,Ride ready. Try our baselayer today.,video,1:1,sale,vid_baselayer:Video|layer:Verb|gear up for summer:Phrase
ad_00904,2023-11,120.9,458.56,33543,303,7,premium jacket built to race,Our jacket lets 10 you race better.,image,9:16,gravel,img_jacket:Image|race:Verb|trail tested:Phrase
ad_00905,2023-11,52.94,283.58,9663,73,1,kit for every sprint,Built to sprint. 28 Premium kit.,image,1:1,urban,img_kit:Image|kit:Noun|lightweight layers:Phrase
ad_00906,2023-11,115.12,219.43,18549,116,1,premium tights built to explore,10 explore further in our new tights.,video,9:16,casual,vid_tights:Video|tights:Noun|explore:Verb
ad_00907,2023-11,87.17,72.38,10983,47,0,jersey for 12 every push,"Lightweight and breathable, this jersey keeps you comfortable from the first pedal stroke to the last. Designed for riders who push in all conditions and demand the very best from their gear.",video,1:1,road,vid_jersey:Video|jersey:Noun|push:Verb
ad_00908,2023-11,204.19,470.71,15172,91,1,premium armwarmers built to race,Our armwarmers lets you race better. 🌧️,image,1:1,accessories,img_armwarmers:Image|armwarmers:Noun
ad_00909,2023-11,62.77,548.93,15059,196,5,layer further in our kit,Our 21 kit lets you layer better. ⛰️,image,4:5,gravel,img_kit:Image|kit:Noun
ad_00910,2023-11,92.81,326.84,19754,141,2,17 the cap you need to cruise,Our cap lets you cruise better.,image,9:16,mountain,img_cap:Image|trail tested:Phrase
ad_00911,2023-11,122.32,728.45,45102,438,10,premium gloves 23 built to descend,Our gloves lets you descend better.,video,4:5,gravel,vid_gloves:Video|gloves:Noun|new arrivals:Phrase
ad_00912,2023-11,265.18,322.56,20704,94,1,tights for every race,Ride ready. 7 Try our tights today.,video,9:16,road,vid_tights:Video|tights:Noun|race:Verb
ad_00913,2023-11,884.46,2203.12,13169,76,1,new baselayer collection,Ride ready. Try our baselayer today.,image,1:1,adult,img_baselayer:Image|baselayer:Noun
ad_00914,2023-11,200.37,169.98,12126,42,0,new kit collection,"Engineered for performance on every terrain. Our kit is designed to help you race with total confidence, whether you are on a mountain pass or a city commute through changing weather.",video,1:1,accessories,vid_kit:Video
ad_00915,2023-11,89.93,92.95,14840,54,0,new socks collection,Our socks lets you gear better.,video,9:16,mountain,vid_socks:Video
ad_00916,2023-11,111.15,441.73,10558,57,1,new bibs collection,Our bibs lets you layer better.,image,4:5,mountain,img_bibs:Image
ad_00917,2023-11,247.93,1139.87,17507,162,3,race further in 10 our kit,"Engineered for performance on every terrain. Our kit is designed to help you race with total confidence, whether you are on 4 a mountain pass or a city commute through changing weather.",video,4:5,urban,vid_kit:Video|kit:Noun|built to last:Phrase
ad_00918,2023-11,74.49,482.29,4890,38,1,cruise further in our tights,Our tights lets 22 you cruise better.,image,4:5,road,img_tights:Image|race day ready:Phrase
ad_00919,2023-11,322.58,964.69,14690,125,2,train further in our vest,Ride ready. Try our vest today.,image,1:1,gravel,img_vest:Image|vest:Noun
ad_00920,2023-11,196.83,916.6,15283,126,2,8 new jersey collection,conquer further in our new jersey.,image,1:1,urban,img_jersey:Image|jersey:Noun|conquer:Verb|lightweight layers:Phrase
ad_00921,2023-11,154.98,223.01,9138,32,0,shell 21 for every climb,Our shell lets you climb better. ❄️,image,9:16,sale,img_shell:Image|shell:Noun|climb:Verb
ad_00922,2023-11,60.79,378.04,13487,89,2,21 new kit collection,Our 9 kit lets you gear better. 🔥,image,1:1,mountain,img_kit:Image
ad_00923,2023-11,290.19,1199.56,28581,195,3,shell for every ride,Built to ride. Premium shell.,image,4:5,urban,img_shell:Image|shell:Noun
ad_00924,2023-11,105.78,97.38,29630,153,2,new shorts collection,"Built for the long haul. Our premium shorts combines technical fabrics with a refined fit so you can shred harder and go further, no matter what the forecast brings this season.",video,9:16,casual,vid_shorts:Video|shorts:Noun|shred:Verb|lightweight layers:Phrase
ad_00925,2023-11,183.19,861.55,12506,86,1,new wardrobe collection,Ride 14 ready. Try our wardrobe today.,image,4:5,mountain,img_wardrobe:Image|wardrobe:Noun|layer:Verb
ad_00926,2023-11,152.02,1729.53,21211,248,8,the 16 jersey you need to shred,Ride ready. Try our jersey today. 🚴,image,4:5,commute,img_jersey:Image|shred:Verb|adventure awaits:Phrase
ad_00927,2023-11,64.59,169.3,7718,45,1,premium wardrobe built 8 to sprint,Built to sprint. Premium wardrobe. ☀️,image,9:16,mountain,img_wardrobe:Image|wardrobe:Noun|sprint:Verb
ad_00928,2023-11,145.46,447.82,14079,71,1,new armwarmers collection,Built to ride. Premium armwarmers.,image,4:5,mountain,img_armwarmers:Image|ride:Verb
ad_00929,2023-11,80.81,183.39,18323,112,2,the baselayer you need to sprint,sprint further in our new baselayer.,image,9:16,urban,img_baselayer:Image|baselayer:Noun
ad_00930,2023-11,112.97,273.08,35031,165,2,explore further in our tights,"Engineered for performance 3 on every terrain. Our tights is designed to help you explore with total confidence, whether you are on a mountain pass or a city commute through changing weather. ⛰️",image,9:16,accessories,img_tights:Image|tights:Noun
ad_00931,2023-11,216.59,861.51,29641,189,3,the socks you need 23 to explore,Our socks lets you explore better.,video,4:5,adult,vid_socks:Video|socks:Noun|your spring wardrobe:Phrase
ad_00932,2023-11,254.63,1313.67,18124,148,3,premium tights built to conquer,"Engineered 10 for performance on every terrain. Our tights is designed to help you conquer with total confidence, whether you are on a mountain pass or a city commute through changing weather.",image,4:5,casual,img_tights:Image|tights:Noun|conquer:Verb|all day comfort:Phrase
ad_00933,2023-11,165.24,458.09,10350,100,2,new bibs collection,Ride ready. Try our bibs today.,video,1:1,adventure,vid_bibs:Video|bibs:Noun|lightweight layers:Phrase
ad_00934,2023-11,98.29,226.7,32202,186,2,train further in our wardrobe,Our wardrobe lets you train better. 🌧️,image,9:16,mountain,img_wardrobe:Image
ad_00935,2023-11,113.28,655.96,13772,134,2,race further 16 in our jersey,Ride ready. Try our jersey today.,image,4:5,casual,img_jersey:Image|race:Verb
ad_00936,2023-11,112.11,743.14,20430,284,8,new 10 jacket collection,"Lightweight and breathable, this jacket keeps you comfortable from the first pedal stroke to the last. Designed for riders who shred in all conditions and demand the very best from their gear. 🚴",video,4:5,adventure,vid_jacket:Video|jacket:Noun|built to last:Phrase
ad_00937,2023-11,46.34,54.85,15356,67,1,new kit collection,Ride ready. Try our kit today.,video,9:16,road,vid_kit:Video
ad_00938,2023-11,174.56,362.13,44207,292,4,gear further in our tights,gear 11 further in our new tights.,video,1:1,casual,vid_tights:Video|tights:Noun|gear:Verb
ad_00939,2023-11,61.48,82.53,12034,64,1,ride further in our shorts,ride further in our new shorts.,image,9:16,accessories,img_shorts:Image|shorts:Noun|ride:Verb
ad_00940,2023-11,174.87,200.49,25814,176,2,sprint further in our tights,"Built for the long haul. Our premium tights combines technical fabrics with a refined fit so you can sprint harder and go further, no matter what the forecast brings this season.",video,1:1,mountain,vid_tights:Video|sprint:Verb|new arrivals:Phrase
ad_00941,2023-11,69.59,95.77,15636,77,1,baselayer for every race,Built to race. Premium baselayer.,image,9:16,accessories,img_baselayer:Image|race:Verb
ad_00942,2023-11,81.01,395.75,21700,175,3,kit 7 for every gear,Ride ready. Try our kit today.,video,4:5,casual,vid_kit:Video|kit:Noun|lightweight layers:Phrase
ad_00943,2023-11,249.51,318.95,36700,181,2,premium bibs 8 built to train,"Lightweight and breathable, this bibs keeps you comfortable from the first pedal stroke to the last. Designed for riders who train in all conditions and demand the very best from their gear.",video,1:1,adult,vid_bibs:Video|bibs:Noun|train:Verb|trail tested:Phrase
ad_00944,2023-11,169.53,578.34,5992,57,1,new jersey collection,"Built for the long haul. Our premium jersey combines technical fabrics with a refined fit so you can train harder and go further, no matter what the forecast brings this season. 🏔️",image,4:5,casual,img_jersey:Image|jersey:Noun|train:Verb
ad_00945,2023-11,53.92,114.91,15801,82,1,premium vest built to race,Built to race. Premium vest.,image,1:1,adult,img_vest:Image|race:Verb
ad_00946,2023-11,119.47,278.18,10441,81,1,the shell you need 14 to climb,"Lightweight and breathable, this shell keeps you comfortable from the first pedal stroke to the last. Designed for riders who climb in all 26 conditions and demand the very best from their gear.",video,1:1,commute,vid_shell:Video
ad_00947,2023-11,195.49,867.83,20402,157,2,26 premium tights built to climb,Ride ready. Try our tights today.,image,4:5,road,img_tights:Image|tights:Noun|climb:Verb
ad_00948,2023-11,115.21,809.39,23068,219,5,wardrobe 8 for every gear,Ride ready. Try 7 our wardrobe today.,image,1:1,gravel,img_wardrobe:Image|wardrobe:Noun|gear:Verb
ad_00949,2023-11,135.97,121.38,12904,60,1,descend further in our jersey,"Lightweight and breathable, this jersey keeps you comfortable from the first pedal stroke to the last. Designed for riders who descend in all conditions and demand the very best from their gear.",video,9:16,road,vid_jersey:Video|built to last:Phrase
ad_00950,2023-11,193.4,598.88,12575,93,1,the cap you need to gear,"Engineered for performance on every terrain. Our cap is designed to help you gear with total confidence, whether you are on a mountain pass or a city commute through changing weather. ❄️",image,4:5,commute,img_cap:Image|gear:Verb
ad_00951,2023-11,171.6,820.25,18078,153,3,premium armwarmers 23 built to climb,"Lightweight and breathable, this armwarmers keeps you comfortable from the first pedal stroke to the last. Designed for riders who climb in all conditions and demand the very best from their gear.",image,4:5,gravel,img_armwarmers:Image|armwarmers:Noun
ad_00952,2023-11,92.11,244.93,8638,52,1,26 new armwarmers collection,climb further in our new armwarmers.,image,9:16,accessories,img_armwarmers:Image|armwarmers:Noun
ad_00953,2023-11,169.3,882.05,19286,166,3,cap 15 for every gear,Our cap lets you gear better.,image,4:5,mountain,img_cap:Image|cap:Noun|gear:Verb|gravel ready:Phrase
ad_00954,2023-11,140.6,768.35,10847,60,1,4 new jacket collection,"Built 16 for the long haul. Our premium jacket combines technical fabrics with a refined fit so you can sprint harder and go further, no matter what the forecast brings this season.",image,4:5,accessories,img_jacket:Image|jacket:Noun
ad_00955,2023-11,470.03,1849.06,23561,132,2,the bibs 10 you need to climb,Our bibs lets you climb better.,image,9:16,mountain,img_bibs:Image|bibs:Noun|your spring wardrobe:Phrase
ad_00956,2023-11,157.03,278.86,8447,41,0,5 new shorts collection,Built to race. Premium shorts.,video,1:1,accessories,vid_shorts:Video
ad_00957,2023-11,181.15,280.01,12294,50,0,premium vest built to conquer,Our vest lets you conquer better.,image,1:1,sale,img_vest:Image|vest:Noun
ad_00958,2023-11,195.23,190.92,11214,49,0,new gloves collection,Our gloves lets you gear better.,video,1:1,adult,vid_gloves:Video|gloves:Noun|gear:Verb
ad_00959,2023-11,137.68,762.46,14065,79,1,the gloves you need to race,Our gloves lets you race better. 💪,image,4:5,road,img_gloves:Image|gloves:Noun|race:Verb|trail tested:Phrase
ad_00960,2023-11,108.46,753.04,32490,329,10,shred further in our jacket,Built to shred. Premium jacket. 🌧️,image,4:5,gravel,img_jacket:Image|jacket:Noun|ride in comfort:Phrase
ad_00961,2023-11,220.12,1010.91,24922,159,3,premium wardrobe 16 built to train,Our wardrobe lets you train better. ☀️,image,1:1,road,img_wardrobe:Image|wardrobe:Noun|train:Verb|new arrivals:Phrase
ad_00962,2023-11,221.2,433.79,12845,54,1,climb further in our socks,8 Built to climb. Premium socks. ☀️,video,9:16,adult,vid_socks:Video|socks:Noun|climb:Verb
ad_00963,2023-11,582.81,465.37,12839,50,0,new wardrobe collection,"Lightweight and breathable, this wardrobe keeps you comfortable from the first pedal stroke to the last. Designed for riders who train in all conditions and demand the very best from their gear.",video,9:16,accessories,vid_wardrobe:Video
ad_00964,2023-11,260.8,366.52,25417,145,2,pedal further in our bibs,6 pedal further in our new bibs.,video,9:16,mountain,vid_bibs:Video|bibs:Noun
ad_00965,2023-11,263.46,1669.57,9123,109,3,new baselayer collection,gear further 14 in our new baselayer.,image,9:16,adventure,img_baselayer:Image|baselayer:Noun|gear:Verb|new arrivals:Phrase
ad_00966,2023-11,256.97,843.6,16510,106,1,jersey for every pedal,Built 20 to pedal. Premium jersey.,image,4:5,accessories,img_jersey:Image|jersey:Noun|pedal:Verb
ad_00967,2023-11,110.4,265.57,12060,74,1,premium wardrobe built to pedal,Built 26 to pedal. Premium wardrobe.,video,1:1,road,vid_wardrobe:Video|wardrobe:Noun|ride in comfort:Phrase
ad_00968,2023-11,78.53,193.72,14983,80,1,the wardrobe you need to sprint,3 Our wardrobe lets you sprint better.,image,9:16,mountain,img_wardrobe:Image|wardrobe:Noun|sprint:Verb
ad_00969,2023-11,91.48,734.17,24467,253,5,the shorts you 22 need to sprint,Ride ready. Try our shorts today.,image,4:5,gravel,img_shorts:Image|shorts:Noun|sprint:Verb
ad_00970,2023-11,252.42,1964.08,11683,150,4,premium jacket built to layer,Our jacket lets you layer better. 💪,image,4:5,casual,img_jacket:Image|jacket:Noun|layer:Verb|cold weather essentials:Phrase
ad_00971,2023-11,392.01,860.46,26572,189,3,conquer further in our jersey,Built 19 to conquer. Premium jersey.,video,1:1,gravel,vid_jersey:Video|jersey:Noun|conquer:Verb
ad_00972,2023-11,259.49,757.58,49036,276,4,premium 27 armwarmers built to explore,explore further in 10 our new armwarmers.,video,1:1,adult,vid_armwarmers:Video|armwarmers:Noun
ad_00973,2023-11,151.13,305.24,22082,175,3,18 race further in our wardrobe,"Engineered for performance on every terrain. Our wardrobe is designed to help you race with total confidence, whether you are on a mountain pass or a city commute through changing weather.",video,1:1,casual,vid_wardrobe:Video|wardrobe:Noun|race:Verb|built to last:Phrase
ad_00974,2023-11,456.83,1983.25,15654,79,1,the tights you need to conquer,Our 21 tights lets you conquer better. 🌧️,image,4:5,mountain,img_tights:Image|tights:Noun|conquer:Verb
ad_00975,2023-11,128.01,468.06,29117,161,2,new baselayer collection,Built to push. 7 Premium baselayer. 🌧️,image,1:1,mountain,img_baselayer:Image|baselayer:Noun
ad_00976,2023-11,83.88,446.18,9378,78,1,conquer 6 further in our gloves,"Engineered for performance on every terrain. Our gloves is designed to help you conquer with total confidence, whether you are on a mountain pass or a city commute through changing weather.",image,4:5,adult,img_gloves:Image|gloves:Noun|ride in comfort:Phrase
ad_00977,2023-11,194.44,685.61,34929,253,5,new jersey collection,Built to pedal. Premium jersey. 🔥,video,4:5,gravel,vid_jersey:Video
ad_00978,2023-11,362.65,1268.14,11204,65,1,new jacket collection,shred further in our new jacket.,image,4:5,accessories,img_jacket:Image|jacket:Noun
ad_00979,2023-11,100.69,303.33,48270,259,4,new 18 socks collection,Built to explore. Premium socks.,video,4:5,accessories,vid_socks:Video|socks:Noun|explore:Verb|lightweight layers:Phrase
ad_00980,2023-11,60.07,167.26,11407,91,2,premium tights built to shred,Ride ready. Try 21 our tights today.,video,9:16,commute,vid_tights:Video|tights:Noun|built to last:Phrase
ad_00981,2023-11,170.88,358.68,22729,88,1,premium vest built to push,Ride ready. Try our vest today. ☀️,image,4:5,sale,img_vest:Image|vest:Noun|push:Verb
ad_00982,2023-11,265.38,1876.9,7486,110,3,new 7 socks collection,conquer further in our new socks.,video,4:5,adventure,vid_socks:Video|socks:Noun|gear up for summer:Phrase
ad_00983,2023-11,28.21,40.07,14675,69,1,gloves for every climb,"Engineered for performance on every terrain. Our gloves is designed to help you climb with total confidence, whether you are on a mountain pass or a city commute through changing weather.",video,1:1,adult,vid_gloves:Video|climb:Verb|trail tested:Phrase
ad_00984,2023-11,300.29,518.46,9516,66,1,baselayer for every cruise,Built to cruise. Premium baselayer.,video,9:16,urban,vid_baselayer:Video|new arrivals:Phrase
ad_00985,2023-11,73.57,213.9,7941,36,0,new 12 vest collection,train further in our new vest.,image,1:1,sale,img_vest:Image|vest:Noun|train:Verb|new arrivals:Phrase
ad_00986,2023-11,258.07,832.86,29830,225,4,the baselayer 20 you need to ride,Ride ready. Try our baselayer today. ☀️,image,1:1,adult,img_baselayer:Image|baselayer:Noun|ride:Verb
ad_00987,2023-11,50.42,161.53,8837,51,0,new socks collection,Built to 14 cruise. Premium socks.,image,4:5,sale,img_socks:Image|socks:Noun|cruise:Verb|new arrivals:Phrase
ad_00988,2023-11,68.95,316.91,11305,82,2,premium baselayer built to race,Our baselayer 28 lets you race better. 🌧️,image,1:1,commute,img_baselayer:Image|baselayer:Noun|race:Verb
ad_00989,2023-11,242.15,687.38,10665,85,1,pedal further in our kit,Built to pedal. Premium kit.,image,1:1,casual,img_kit:Image|pedal:Verb
ad_00990,2023-11,346.46,1334.45,28864,160,2,premium jersey built to push,Ride ready. Try our jersey today.,image,4:5,accessories,img_jersey:Image|jersey:Noun|lightweight layers:Phrase
ad_00991,2023-11,166.14,645.58,27154,282,6,the armwarmers you need to train,Built to 22 train. Premium armwarmers.,video,1:1,adventure,vid_armwarmers:Video|armwarmers:Noun
ad_00992,2023-11,703.12,2022.6,30812,158,2,wardrobe 4 for every explore,"Built for the long haul. Our premium wardrobe combines technical fabrics with a refined fit so you can explore harder and go further, no matter what the forecast brings this season.",image,1:1,accessories,img_wardrobe:Image|wardrobe:Noun|all day comfort:Phrase
ad_00993,2023-11,90.45,325.56,11018,98,2,27 train further in our gloves,Our gloves lets you train better.,image,1:1,urban,img_gloves:Image|gloves:Noun
ad_00994,2023-11,89.76,1003.62,32059,410,16,new shell collection,sprint 8 further in our new shell.,image,4:5,gravel,img_shell:Image|shell:Noun|sprint:Verb|cold weather essentials:Phrase
ad_00995,2023-11,139.35,1486.39,10971,117,3,gear further in our socks,gear further in our 17 new socks. ❄️,image,4:5,gravel,img_socks:Image
ad_00996,2023-11,135.43,588.62,11195,72,1,descend further in our shell,descend further in our 20 new shell. ⛰️,video,4:5,mountain,vid_shell:Video|shell:Noun|built to last:Phrase
ad_00997,2023-11,198.03,463.58,11512,97,2,premium armwarmers built 6 to sprint,Ride ready. Try our armwarmers today.,video,1:1,road,vid_armwarmers:Video|armwarmers:Noun|sprint:Verb|cold weather essentials:Phrase
ad_00998,2023-11,106.98,380.77,11724,83,1,socks for every cruise,28 cruise further in our new socks.,image,9:16,accessories,img_socks:Image|new arrivals:Phrase
ad_00999,2023-11,234.82,708.31,15602,127,2,premium shorts built to cruise,Built to cruise. Premium shorts.,image,9:16,casual,img_shorts:Image|shorts:Noun|cruise:Verb|built to last:Phrase
ad_01000,2023-11,231.48,3483.07,10734,205,11,new jacket collection,Built 8 to conquer. Premium jacket.,image,4:5,adventure,img_jacket:Image|jacket:Noun|conquer:Verb|cold weather essentials:Phrase
ad_01001,2023-11,439.81,923.76,18329,109,1,baselayer for every descend,Our baselayer lets you descend better.,video,4:5,accessories,vid_baselayer:Video|descend:Verb|ride in comfort:Phrase
ad_01002,2023-11,124.47,235.66,4429,26,0,premium 16 jersey built to explore,Built to explore. Premium jersey.,video,9:16,commute,vid_jersey:Video|jersey:Noun|explore:Verb
ad_01003,2023-11,204.49,892.04,18299,145,3,premium jersey built to race,Ride ready. 18 Try our jersey today.,video,4:5,gravel,vid_jersey:Video|jersey:Noun
ad_01004,2023-11,240.28,1175.4,9468,68,1,premium 3 tights built to gear,15 Built to gear. Premium tights.,image,1:1,mountain,img_tights:Image
ad_01005,2023-11,166.33,566.47,11682,83,1,shorts for every conquer,"Lightweight and breathable, this shorts keeps you comfortable from the first pedal stroke to the last. Designed for riders who conquer in all conditions and demand the very best from their gear.",image,4:5,urban,img_shorts:Image|shorts:Noun|conquer:Verb|built to last:Phrase
ad_01006,2023-11,147.13,214.54,11824,35,0,new bibs collection,"Built for the long haul. Our premium bibs combines technical fabrics with a refined fit so you can gear harder and go further, no matter what the forecast brings this season.",image,4:5,sale,img_bibs:Image|bibs:Noun
ad_01007,2023-11,48.43,75.9,26163,146,1,the vest you need to shred,Our vest lets you shred better. 🏔️,video,1:1,mountain,vid_vest:Video|vest:Noun
ad_01008,2023-11,175.63,904.03,21012,164,2,28 new tights collection,Built to shred. Premium tights.,image,4:5,road,img_tights:Image|tights:Noun
ad_01009,2023-11,238.8,521.17,15029,94,1,premium cap built to gear,Our cap lets you gear better. 🌧️,video,4:5,mountain,vid_cap:Video|cap:Noun|gear:Verb
ad_01010,2023-11,161.36,1234.18,11418,113,2,21 jacket for every pedal,"Lightweight and breathable, this jacket keeps you comfortable from the 3 first pedal stroke to the last. Designed for riders who pedal in all conditions and demand the very best from their gear. 🚴",image,4:5,urban,img_jacket:Image
ad_01011,2023-11,104.48,417.99,24148,152,2,new armwarmers collection,Built to sprint. Premium armwarmers. ☀️,image,4:5,accessories,img_armwarmers:Image|sprint:Verb
ad_01012,2023-11,60.99,90.85,40050,255,3,the shell you need to layer,Ride ready. Try our shell today.,video,1:1,adult,vid_shell:Video|shell:Noun|layer:Verb|gear up for summer:Phrase
ad_01013,2023-11,219.24,450.65,16099,84,1,new socks collection,Our socks lets you 11 sprint better.,image,9:16,road,img_socks:Image|socks:Noun|sprint:Verb
ad_01014,2023-11,170.41,1221.87,7342,82,2,the baselayer you need to gear,14 Built to gear. Premium baselayer. 🏔️,video,4:5,adventure,vid_baselayer:Video|baselayer:Noun
ad_01015,2023-11,384.63,1821.75,11488,85,1,the 21 vest you need to race,Our vest lets you 22 race better.,image,1:1,mountain,img_vest:Image|vest:Noun|race:Verb|all day comfort:Phrase
ad_01016,2023-11,70.01,177.87,21593,120,2,premium jacket built to push,Ride ready. Try our jacket today.,image,4:5,accessories,img_jacket:Image|push:Verb
ad_01017,2023-11,125.98,517.14,13084,156,3,vest for every climb,Ride ready. Try our vest today.,video,4:5,adventure,vid_vest:Video|vest:Noun|lightweight layers:Phrase
ad_01018,2023-11,75.61,311.79,10627,83,2,the bibs you need to gear,Ride ready. Try our bibs today. 💪,image,1:1,commute,img_bibs:Image|gravel ready:Phrase
ad_01019,2023-11,309.05,382.06,10399,58,1,wardrobe 23 for every push,push further in our new wardrobe.,video,9:16,mountain,vid_wardrobe:Video|wardrobe:Noun|push:Verb
ad_01020,2023-11,351.33,1003.04,17092,164,3,tights for every cruise,"Built for the long haul. Our premium tights combines technical fabrics with a refined fit so you can cruise harder and go further, no matter what the forecast brings this season.",image,1:1,gravel,img_tights:Image|tights:Noun|cruise:Verb|new arrivals:Phrase
ad_01021,2023-11,529.47,463.72,7583,32,0,the jacket you need to ride,Ride ready. Try our jacket today.,video,9:16,accessories,vid_jacket:Video|jacket:Noun|ride:Verb
ad_01022,2023-11,228.42,349.44,16046,93,1,conquer further in our armwarmers,Our armwarmers lets you conquer better.,video,1:1,commute,vid_armwarmers:Video|armwarmers:Noun
ad_01023,2023-11,268.24,888.02,17065,96,1,7 new jacket collection,Ride ready. Try our jacket today.,video,4:5,accessories,vid_jacket:Video|jacket:Noun|climb:Verb|race day ready:Phrase
ad_01024,2023-11,217.02,339.14,13040,63,1,conquer further in our cap,"Built for the long haul. Our premium cap combines technical fabrics with a refined fit so you can conquer harder and go further, no matter what the forecast brings this season. 💪",image,9:16,adult,img_cap:Image|cap:Noun
ad_01025,2023-11,235.61,338.64,9692,50,1,kit for every cruise,Ride ready. Try our kit today.,video,4:5,accessories,vid_kit:Video|kit:Noun|cruise:Verb
ad_01026,2023-11,172.05,458.0,27166,145,2,the shorts you need to train,17 Built to train. Premium shorts.,video,1:1,casual,vid_shorts:Video
ad_01027,2023-11,242.16,779.0,8384,45,0,premium vest built to race,Built to 3 race. Premium vest.,video,4:5,adult,vid_vest:Video|vest:Noun
ad_01028,2023-11,603.24,1320.82,17799,117,2,new 27 vest collection,Built to ride. Premium vest.,video,1:1,urban,vid_vest:Video|vest:Noun
ad_01029,2023-11,190.48,627.33,23492,149,2,10 premium wardrobe built to layer,"Lightweight and breathable, this wardrobe keeps you comfortable from the first pedal stroke to the last. Designed for riders who layer in all conditions and demand the very best from their gear.",image,4:5,road,img_wardrobe:Image|layer:Verb
ad_01030,2023-11,169.48,948.76,17681,154,3,the socks you need to layer,Ride ready. Try our socks today.,image,4:5,commute,img_socks:Image|socks:Noun|layer:Verb|lightweight layers:Phrase
ad_01031,2023-11,188.14,462.2,30216,213,3,new shorts collection,train further in our new shorts.,video,4:5,commute,vid_shorts:Video|train:Verb
ad_01032,2023-11,152.76,254.35,9254,67,1,the kit you need to descend,"Engineered for performance on every terrain. Our kit is designed to help you descend with total confidence, whether you are on a mountain pass or a city commute through changing weather.",image,9:16,gravel,img_kit:Image|kit:Noun|descend:Verb
ad_01033,2023-11,193.67,147.31,10994,29,0,new bibs collection,Built to climb. Premium bibs. 🚴,video,9:16,sale,vid_bibs:Video
ad_01034,2023-11,149.68,311.28,12964,54,0,armwarmers 5 for every gear,Ride ready. Try our armwarmers today.,image,1:1,sale,img_armwarmers:Image|armwarmers:Noun
ad_01035,2023-11,331.86,603.2,84616,282,2,new armwarmers collection,"Built for the long haul. Our premium armwarmers combines technical fabrics with a refined fit so you can descend harder and go further, no matter what the forecast brings this season.",image,4:5,sale,img_armwarmers:Image|armwarmers:Noun
ad_01036,2023-11,312.55,1445.74,21045,231,5,ride further in our jacket,ride further in our new jacket. 🚴,image,1:1,urban,img_jacket:Image|built to last:Phrase
ad_01037,2023-11,612.7,585.51,23110,134,2,premium armwarmers built to explore,Our armwarmers lets you explore better.,video,9:16,urban,vid_armwarmers:Video|armwarmers:Noun|explore:Verb
ad_01038,2023-11,164.71,310.68,22634,156,2,push further in our shell,push further in our new shell.,image,9:16,adult,img_shell:Image|shell:Noun|push:Verb|built to last:Phrase
ad_01039,2023-11,198.64,240.83,16982,73,1,baselayer 23 for every ride,"Lightweight and breathable, this baselayer keeps you comfortable from the first pedal stroke to the last. Designed for riders who ride in all conditions and demand the very best from their gear.",video,9:16,road,vid_baselayer:Video|baselayer:Noun|ride:Verb|built to last:Phrase
ad_01040,2023-11,193.74,256.13,27591,185,2,premium bibs built to explore,"Lightweight and breathable, this bibs keeps you comfortable from the first pedal stroke to the last. Designed for riders who explore in all conditions and demand the very best from their gear.",image,9:16,urban,img_bibs:Image|bibs:Noun|explore:Verb
ad_01041,2023-11,188.31,189.71,6408,28,0,the gloves you need to shred,Our gloves lets you shred better.,video,9:16,mountain,vid_gloves:Video
ad_01042,2023-11,329.08,1103.61,18751,110,2,the baselayer you need 7 to pedal,pedal further in our new baselayer.,image,1:1,road,img_baselayer:Image
ad_01043,2023-11,63.01,213.52,20224,99,2,shorts for every sprint,Built to sprint. Premium shorts.,image,4:5,adult,img_shorts:Image|shorts:Noun
ad_01044,2023-11,220.25,830.77,27170,247,4,22 new gloves collection,"Built for the long haul. Our premium gloves combines technical fabrics with a refined fit so you can descend harder and go further, no matter what the forecast brings this season.",image,1:1,gravel,img_gloves:Image|gloves:Noun|descend:Verb|lightweight layers:Phrase
ad_01045,2023-11,553.23,2415.05,9161,100,2,the cap you need to descend,Built to descend. Premium cap.,image,1:1,urban,img_cap:Image|cold weather essentials:Phrase
ad_01046,2023-11,378.45,925.5,9504,64,1,the armwarmers you need to push,push further in our new armwarmers.,video,1:1,commute,vid_armwarmers:Video|built to last:Phrase
ad_01047,2023-11,353.35,301.32,9809,57,1,descend further in our bibs,"Built for the long haul. Our premium bibs combines technical fabrics with a refined fit so you can descend harder and go further, no matter what the forecast brings this season.",video,9:16,commute,vid_bibs:Video|bibs:Noun|descend:Verb
ad_01048,2023-11,276.87,1473.71,21199,174,4,the socks you need to pedal,Our socks lets you pedal better.,image,4:5,commute,img_socks:Image|socks:Noun|gravel ready:Phrase
ad_01049,2023-11,116.85,182.49,21350,146,2,gloves for every ride,"Engineered for performance on every terrain. Our gloves is designed to help you ride with total confidence, whether you are on a mountain pass or a city commute through changing weather.",video,1:1,adventure,vid_gloves:Video|gloves:Noun|ride:Verb
ad_01050,2023-11,106.53,175.42,10154,39,0,the jacket you need to conquer,conquer further in our new jacket.,image,1:1,sale,img_jacket:Image|jacket:Noun|conquer:Verb|lightweight layers:Phrase
ad_01051,2023-11,107.03,242.15,42517,244,3,23 the gloves you need to climb,Built to 26 climb. Premium gloves. 🌧️,video,9:16,mountain,vid_gloves:Video
ad_01052,2023-11,84.37,286.32,18840,142,2,push further in our bibs,"Lightweight and breathable, this bibs keeps you comfortable from the first pedal stroke to the last. Designed for riders who push in all conditions and demand the very best from their gear.",image,4:5,adult,img_bibs:Image|bibs:Noun|new arrivals:Phrase
ad_01053,2023-11,294.8,2264.96,17372,220,7,the 21 baselayer you need to train,Our baselayer lets you train better.,image,1:1,adventure,img_baselayer:Image|baselayer:Noun|race day ready:Phrase
ad_01054,2023-11,403.16,1407.46,14716,106,2,gloves for 6 every climb,"Built for the long haul. Our premium gloves combines technical fabrics with a refined fit so you can climb harder and go further, no matter what the forecast brings this season.",image,4:5,mountain,img_gloves:Image|gloves:Noun|climb:Verb|gear up for summer:Phrase
ad_01055,2023-11,216.8,826.15,25998,221,4,new kit collection,Built to climb. Premium kit. 🔥,video,4:5,gravel,vid_kit:Video|kit:Noun|climb:Verb|all day comfort:Phrase
ad_01056,2023-11,270.75,589.98,19836,102,1,premium shell built to train,"Built for the long haul. Our premium shell combines technical fabrics with a refined fit so you can train harder and go further, no matter what the forecast brings this season.",image,4:5,adult,img_shell:Image|train:Verb
ad_01057,2023-11,199.22,328.66,42001,235,3,premium vest built to gear,Built to gear. Premium vest.,video,1:1,road,vid_vest:Video|gear up for summer:Phrase
ad_01058,2023-11,235.0,484.94,8898,57,1,new cap collection,"Built for the long haul. Our premium cap combines technical fabrics with a refined fit so you can ride harder and go further, no matter what the forecast brings this season.",video,4:5,commute,vid_cap:Video|cap:Noun|ride:Verb|all day comfort:Phrase
ad_01059,2023-11,46.9,280.24,7538,84,2,new gloves collection,climb further in our 20 new gloves.,image,4:5,urban,img_gloves:Image|lightweight layers:Phrase
ad_01060,2023-11,201.77,380.65,11277,55,1,shell for every push,Our shell lets you push better.,image,9:16,accessories,img_shell:Image|shell:Noun
ad_01061,2023-11,129.41,727.34,21530,226,4,the kit 28 you need to pedal,Built to pedal. Premium kit.,image,1:1,adventure,img_kit:Image|pedal:Verb
ad_01062,2023-11,163.08,384.97,13180,88,1,train further in our baselayer,"Lightweight and breathable, this baselayer keeps you comfortable from the first pedal stroke to the last. Designed for riders who train in all conditions and demand the very best from their gear.",image,1:1,adult,img_baselayer:Image|baselayer:Noun|trail tested:Phrase
ad_01063,2023-11,191.29,184.89,30824,146,1,the baselayer you need to explore,Built to explore. Premium baselayer.,video,9:16,mountain,vid_baselayer:Video|explore:Verb
ad_01064,2023-11,108.74,207.98,13410,102,1,the armwarmers you need to climb,climb further in our new armwarmers.,video,1:1,gravel,vid_armwarmers:Video|armwarmers:Noun
ad_01065,2023-11,87.61,349.43,28043,296,8,the jacket you need to race,race further in our new jacket.,video,4:5,adventure,vid_jacket:Video|jacket:Noun
ad_01066,2023-11,106.78,214.82,10777,56,1,new jacket collection,Built to ride. Premium jacket.,image,9:16,mountain,img_jacket:Image
ad_01067,2023-11,70.06,261.75,29497,215,4,new cap collection,Built to sprint. Premium cap.,image,1:1,casual,img_cap:Image
ad_01068,2023-11,83.53,437.4,32374,425,11,the jacket you 24 need to ride,Ride ready. Try our jacket today.,image,9:16,adventure,img_jacket:Image|jacket:Noun
ad_01069,2023-11,90.7,286.78,12310,101,2,premium jersey built to explore,explore further in our new jersey.,video,4:5,gravel,vid_jersey:Video|jersey:Noun|explore:Verb|trail tested:Phrase
ad_01070,2023-11,70.62,478.28,20854,294,9,kit 22 for every explore,"Lightweight and breathable, this kit 19 keeps you comfortable from the first pedal stroke to the last. Designed for riders who explore in all conditions and demand the very best from their gear.",image,1:1,adventure,img_kit:Image|kit:Noun|race day ready:Phrase
ad_01071,2023-11,229.43,592.29,18665,89,1,new cap collection,17 Our cap lets you gear better.,video,4:5,mountain,vid_cap:Video|cap:Noun
ad_01072,2023-11,97.32,80.8,21139,93,1,layer further in our socks,"Built for the long haul. Our premium socks combines technical fabrics with a refined fit so you can layer harder and go further, no matter what the forecast brings this season.",video,9:16,accessories,vid_socks:Video|your spring wardrobe:Phrase
ad_01073,2023-11,54.62,138.93,31031,179,2,armwarmers 2 for every climb,climb further in our new armwarmers.,image,9:16,mountain,img_armwarmers:Image|armwarmers:Noun|climb:Verb
ad_01074,2023-11,131.31,238.66,26559,185,3,vest for every train,"Lightweight and breathable, this vest keeps you comfortable from the first 15 pedal stroke to the last. Designed for riders who train in all conditions and demand the very best from their gear.",image,9:16,urban,img_vest:Image|train:Verb
ad_01075,2023-11,85.66,240.38,21112,151,2,premium jacket built to cruise,Built to cruise. Premium jacket.,image,1:1,urban,img_jacket:Image|jacket:Noun
ad_01076,2023-11,400.92,735.66,22744,127,2,the baselayer you need 14 to explore,explore further in our new baselayer.,video,1:1,mountain,vid_baselayer:Video|baselayer:Noun|explore:Verb|gravel ready:Phrase
ad_01077,2023-11,180.92,412.82,8655,31,0,climb further in our baselayer,"Lightweight and breathable, this baselayer keeps you comfortable from the first pedal stroke to the last. Designed for riders who climb in all conditions and demand the very best from their gear.",image,4:5,sale,img_baselayer:Image|baselayer:Noun|your spring wardrobe:Phrase
ad_01078,2023-11,69.13,390.24,15996,190,5,the jacket you 15 need to explore,Our jacket lets you explore better.,image,1:1,adventure,img_jacket:Image|jacket:Noun|explore:Verb
ad_01079,2023-11,234.99,863.73,9412,74,1,cruise further in our jacket,Ride ready. Try our jacket today. 🚴,image,9:16,casual,img_jacket:Image|jacket:Noun
ad_01080,2023-11,175.79,205.27,16179,74,1,vest for every climb,Our vest lets you climb better.,video,1:1,mountain,vid_vest:Video
ad_01081,2023-11,144.77,989.78,28536,283,6,tights for 14 every race,race further in our new tights. 🏔️,image,4:5,casual,img_tights:Image|tights:Noun|race:Verb
ad_01082,2023-11,429.7,4499.31,16269,238,6,climb further in our shorts,Ride ready. Try 21 our shorts today.,image,4:5,gravel,img_shorts:Image|shorts:Noun|climb:Verb|new arrivals:Phrase
ad_01083,2023-11,93.04,318.36,4664,41,1,explore further in our tights,Built to explore. Premium tights. 🏔️,image,1:1,commute,img_tights:Image|tights:Noun
ad_01084,2023-11,310.88,1188.95,9673,82,1,ride further in our baselayer,"Engineered for performance on every terrain. Our baselayer is designed to help you ride with total confidence, whether you are on a mountain pass or a city commute through changing weather.",image,4:5,accessories,img_baselayer:Image|baselayer:Noun|cold weather essentials:Phrase
ad_01085,2023-11,130.66,309.21,21831,145,2,armwarmers for every train,train further in our new armwarmers.,image,9:16,road,img_armwarmers:Image|armwarmers:Noun|train:Verb|cold weather essentials:Phrase
ad_01086,2023-11,165.22,304.19,12469,79,1,race further in our gloves,"Lightweight and breathable, this 17 gloves keeps you comfortable from the first pedal stroke to the last. Designed for riders who race in all conditions and demand the very best from their gear. 🔥",video,1:1,adult,vid_gloves:Video|gloves:Noun|race:Verb|new arrivals:Phrase
ad_01087,2023-11,106.53,158.48,24160,104,1,the jacket you need to push,Built to push. Premium jacket. ⛰️,video,1:1,accessories,vid_jacket:Video|jacket:Noun|gear up for summer:Phrase
ad_01088,2023-11,110.68,227.61,8928,64,1,new 4 jacket collection,pedal further in our new jacket.,video,9:16,gravel,vid_jacket:Video|jacket:Noun
ad_01089,2023-11,128.6,266.12,19759,120,2,jacket for every climb,Ride ready. Try our jacket today.,video,4:5,commute,vid_jacket:Video|jacket:Noun|climb:Verb
ad_01090,2023-11,53.4,77.25,20262,131,2,armwarmers for every explore,Ride ready. Try our armwarmers today.,video,1:1,casual,vid_armwarmers:Video|armwarmers:Noun|explore:Verb
ad_01091,2023-11,205.68,1667.64,24233,266,6,the 23 jersey you need to gear,"Built for the long haul. Our premium jersey 10 combines technical fabrics with a refined fit so you can gear harder and go further, no matter what the forecast brings this season. 🌧️",image,4:5,gravel,img_jersey:Image|gear:Verb
ad_01092,2023-11,178.98,462.51,11765,86,1,the shorts you need to descend,"Lightweight and breathable, this shorts keeps you comfortable from the first pedal stroke to the last. Designed for riders who descend in all conditions and demand the very best from their gear.",image,1:1,adult,img_shorts:Image|shorts:Noun|new arrivals:Phrase
ad_01093,2023-11,68.01,80.57,24111,87,1,new socks collection,pedal further in our new socks.,image,1:1,sale,img_socks:Image|socks:Noun|pedal:Verb
ad_01094,2023-11,248.21,787.9,34676,319,6,premium wardrobe built to shred,"Built for the long haul. Our premium wardrobe combines technical fabrics with a refined fit so you can shred harder and go further, no matter what the forecast brings this season.",image,1:1,adventure,img_wardrobe:Image|shred:Verb
ad_01095,2023-11,400.44,1079.78,5241,38,1,new shell collection,Our shell lets you cruise better. 💪,video,4:5,commute,vid_shell:Video|shell:Noun
ad_01096,2023-11,112.12,526.67,16754,194,4,the wardrobe you need to race,Ride ready. Try our wardrobe today.,video,4:5,adventure,vid_wardrobe:Video|race:Verb|your spring wardrobe:Phrase
ad_01097,2023-11,104.32,527.18,6617,72,2,new jersey collection,Ride ready. Try our jersey today.,image,1:1,adventure,img_jersey:Image|built to last:Phrase
ad_01098,2023-11,325.83,2188.74,10619,87,1,premium kit built 22 to layer,layer further in our 17 new kit.,image,4:5,mountain,img_kit:Image|layer:Verb|your spring wardrobe:Phrase
ad_01099,2023-11,212.78,527.1,11062,59,1,premium bibs built to explore,Ride ready. Try our bibs today. ☀️,image,1:1,adult,img_bibs:Image|bibs:Noun|explore:Verb
ad_01100,2023-11,153.97,434.49,15793,110,2,the gloves you need to train,20 Our gloves lets you train better.,image,9:16,urban,img_gloves:Image|gloves:Noun
ad_01101,2023-11,272.34,327.74,19718,69,0,layer further in our tights,layer further in our new tights.,video,4:5,sale,vid_tights:Video
ad_01102,2023-11,196.92,655.54,25668,156,2,socks for 18 every conquer,Built to 8 conquer. Premium socks.,image,1:1,sale,img_socks:Image|socks:Noun|conquer:Verb|adventure awaits:Phrase
ad_01103,2023-11,393.63,1416.39,18630,162,2,premium kit 25 built to pedal,Ride ready. Try our kit today.,image,1:1,mountain,img_kit:Image|pedal:Verb|gear up for summer:Phrase
ad_01104,2023-11,165.38,226.91,22864,128,2,explore further in our gloves,Ride ready. Try our gloves today.,video,1:1,road,vid_gloves:Video|gloves:Noun|explore:Verb|ride in comfort:Phrase
ad_01105,2023-11,215.77,1396.32,9521,104,3,new jersey collection,"Built for the long haul. Our premium 17 jersey combines technical fabrics with a refined fit so you can descend harder and go further, no matter what the forecast brings this season.",image,4:5,adventure,img_jersey:Image|jersey:Noun
ad_01106,2023-11,322.84,1498.52,27691,210,4,2 new gloves collection,"Lightweight and breathable, this gloves keeps you comfortable from the first pedal stroke to the last. Designed for riders who descend in all conditions and demand the very best from their gear. 🌧️",image,4:5,urban,img_gloves:Image|gloves:Noun|descend:Verb
ad_01107,2023-11,38.46,55.77,3142,16,0,descend further in our cap,descend further in our new cap.,video,1:1,accessories,vid_cap:Video|cap:Noun|gear up for summer:Phrase
ad_01108,2023-11,329.93,903.41,35027,187,2,shell for 2 every sprint,Our shell lets you sprint better. ⛰️,video,4:5,road,vid_shell:Video|shell:Noun|sprint:Verb
ad_01109,2023-11,123.38,1422.65,32020,412,16,descend further in our kit,Built 21 to descend. Premium kit.,image,4:5,adventure,img_kit:Image|kit:Noun|descend:Verb|built to last:Phrase
ad_01110,2023-11,225.49,689.4,23755,161,3,new gloves collection,Built to race. Premium gloves.,image,1:1,casual,img_gloves:Image|gloves:Noun
ad_01111,2023-11,453.41,1950.09,49762,325,6,kit for every push,12 Our kit lets you push better. 🏔️,image,9:16,road,img_kit:Image|kit:Noun|built to last:Phrase
ad_01112,2023-11,139.04,544.35,6625,39,1,gloves for 14 every ride,Ride ready. Try our gloves today.,image,1:1,adult,img_gloves:Image
ad_01113,2023-11,127.1,247.79,24107,144,2,tights for 12 every gear,"Built for the long haul. Our premium tights combines technical fabrics with a refined fit so you can gear harder and go further, no matter what the forecast brings this season. 💪",video,9:16,mountain,vid_tights:Video|tights:Noun|cold weather essentials:Phrase
ad_01114,2023-11,161.66,184.1,17467,80,1,bibs for every shred,shred further in our new bibs.,video,1:1,accessories,vid_bibs:Video|bibs:Noun|shred:Verb
ad_01115,2023-11,69.89,244.09,18445,163,4,new 4 jacket collection,"Lightweight and breathable, this jacket keeps 4 you comfortable from the first pedal stroke to the last. Designed for riders who shred in all conditions and demand the very best from their gear.",video,1:1,adventure,vid_jacket:Video|shred:Verb
ad_01116,2023-11,625.03,1159.27,9125,53,1,new gloves collection,"Built for 22 the long haul. Our premium gloves combines technical fabrics with a refined fit so you can push harder and go further, no matter what the forecast brings this season.",image,9:16,urban,img_gloves:Image|gloves:Noun|push:Verb
ad_01117,2023-11,162.85,627.19,19889,155,3,descend further in our socks,descend further in our new socks.,image,4:5,commute,img_socks:Image|socks:Noun|descend:Verb
ad_01118,2023-11,448.39,2052.16,19427,145,2,premium socks 29 built to climb,"Lightweight and breathable, this socks keeps you comfortable from the first pedal stroke to the last. Designed for riders 2 who climb in all conditions and demand the very best from their gear. ❄️",video,4:5,casual,vid_socks:Video|socks:Noun
ad_01119,2023-11,136.78,412.65,11565,80,1,premium jacket built 10 to sprint,Built to sprint. Premium jacket.,video,4:5,mountain,vid_jacket:Video|your spring wardrobe:Phrase
ad_01120,2023-11,170.5,423.09,15775,80,1,the 28 jersey you need to gear,Our 12 jersey lets you gear better.,video,1:1,accessories,vid_jersey:Video|jersey:Noun
ad_01121,2023-11,294.38,1106.93,8461,68,1,the armwarmers you need to push,Ride ready. Try our armwarmers today.,image,4:5,commute,img_armwarmers:Image|armwarmers:Noun|push:Verb
ad_01122,2023-11,86.23,481.43,13398,95,1,premium tights built to sprint,sprint further in our 14 new tights.,image,1:1,urban,img_tights:Image|sprint:Verb|race day ready:Phrase
ad_01123,2023-11,157.09,222.73,26395,84,1,7 new kit collection,"Lightweight and breathable, this kit keeps you comfortable from the first pedal stroke to the last. Designed for riders who gear in all conditions and demand the very best from their gear.",image,1:1,sale,img_kit:Image
ad_01124,2023-11,287.84,779.26,26660,140,2,shorts for every layer,20 layer further in our new shorts.,image,1:1,accessories,img_shorts:Image|shorts:Noun
ad_01125,2023-11,147.01,239.86,23978,145,2,new shorts collection,Our shorts lets you climb better.,video,1:1,commute,vid_shorts:Video|shorts:Noun|climb:Verb
ad_01126,2023-11,125.02,349.96,26389,233,4,the bibs you need 5 to cruise,"Built for the long haul. Our premium bibs combines technical fabrics with a refined fit so you can cruise harder and go further, no matter what the forecast brings this season.",image,9:16,gravel,img_bibs:Image
ad_01127,2023-11,326.18,1810.84,26563,224,3,gear 29 further in our cap,Our 23 cap lets you gear better.,video,4:5,commute,vid_cap:Video|gear:Verb
ad_01128,2023-11,387.22,682.51,11834,75,1,premium gloves built to descend,Ride ready. Try our gloves today. 🏔️,video,9:16,casual,vid_gloves:Video|gloves:Noun
ad_01129,2023-11,425.98,1164.55,19347,163,2,the armwarmers you need to cruise,Our armwarmers lets you cruise better.,image,9:16,casual,img_armwarmers:Image|armwarmers:Noun|cruise:Verb|race day ready:Phrase
ad_01130,2023-11,111.42,210.67,28111,134,1,the baselayer you need to gear,Our baselayer lets you gear better.,image,1:1,sale,img_baselayer:Image|baselayer:Noun|ride in comfort:Phrase
ad_01131,2023-11,118.01,664.18,8191,59,1,14 jersey for every sprint,Our jersey lets 18 you sprint better.,image,1:1,urban,img_jersey:Image|jersey:Noun|sprint:Verb|gravel ready:Phrase
ad_01132,2023-11,125.89,248.59,8167,51,1,wardrobe for every race,"Engineered for performance on every terrain. Our 8 wardrobe is designed to help you race with total confidence, whether you are on a mountain pass or a city commute through changing weather.",image,1:1,road,img_wardrobe:Image|wardrobe:Noun|race:Verb
ad_01133,2023-11,257.09,843.12,7944,39,1,new cap collection,cruise further in our new cap.,image,4:5,mountain,img_cap:Image|cap:Noun
ad_01134,2023-11,81.47,190.07,6686,40,0,new shell collection,Built to conquer. Premium shell.,image,1:1,adult,img_shell:Image
ad_01135,2023-11,84.28,624.46,9654,96,2,the jersey you need to shred,Our 6 jersey lets you shred better.,image,4:5,gravel,img_jersey:Image|jersey:Noun
ad_01136,2023-11,108.82,784.24,12554,133,3,new 20 shell collection,Ride ready. Try our shell today.,image,4:5,gravel,img_shell:Image|shell:Noun
ad_01137,2023-11,95.14,316.91,34776,242,3,layer further in our baselayer,layer further in our new baselayer.,image,1:1,casual,img_baselayer:Image|baselayer:Noun
ad_01138,2023-11,283.99,982.41,13119,77,1,16 new wardrobe collection,Ride ready. Try our 16 wardrobe today.,video,4:5,road,vid_wardrobe:Video|wardrobe:Noun|pedal:Verb
ad_01139,2023-11,272.73,753.17,7649,54,1,the armwarmers you need to ride,Our armwarmers lets you ride better. 🔥,image,9:16,urban,img_armwarmers:Image|armwarmers:Noun|your spring wardrobe:Phrase
ad_01140,2023-11,125.12,497.94,17741,150,3,new socks collection,race further in our new socks.,image,1:1,adventure,img_socks:Image|race:Verb
ad_01141,2023-11,148.71,878.1,14854,110,2,new jersey collection,Our jersey lets you race better. 🌧️,image,4:5,accessories,img_jersey:Image|jersey:Noun|built to last:Phrase
ad_01142,2023-11,36.4,63.42,11042,43,0,pedal further in our shorts,Built to pedal. Premium shorts.,image,4:5,sale,img_shorts:Image|pedal:Verb
ad_01143,2023-11,126.96,595.35,12164,92,2,the gloves you 20 need to climb,climb further in our new gloves.,image,1:1,accessories,img_gloves:Image|gloves:Noun|cold weather essentials:Phrase
ad_01144,2023-11,352.37,457.95,27836,90,1,premium baselayer built to ride,Ride ready. Try our baselayer today.,image,9:16,sale,img_baselayer:Image|baselayer:Noun|ride:Verb
ad_01145,2023-11,122.88,500.83,8067,37,0,race 5 further in our baselayer,Built 28 to race. Premium baselayer.,image,4:5,sale,img_baselayer:Image|race:Verb
ad_01146,2023-11,86.73,466.61,7099,62,1,the shorts you need to cruise,cruise further in our new shorts.,image,4:5,mountain,img_shorts:Image|shorts:Noun|cruise:Verb|adventure awaits:Phrase
ad_01147,2023-11,381.48,673.02,20618,128,1,premium shorts built to conquer,"Engineered for performance on every terrain. Our shorts is designed to help you conquer with total confidence, whether you are on a mountain pass or a city commute through changing weather. 💪",image,9:16,accessories,img_shorts:Image|shorts:Noun|gravel ready:Phrase
ad_01148,2023-11,85.6,133.23,12011,62,1,new socks collection,"Engineered for performance on every terrain. Our socks is designed to help you race with total confidence, whether you are on a mountain pass or a city commute through changing weather.",image,1:1,accessories,img_socks:Image|socks:Noun
ad_01149,2023-11,422.4,758.55,35477,199,2,premium shell built to descend,Ride ready. Try our shell today. 💪,video,1:1,mountain,vid_shell:Video|shell:Noun|all day comfort:Phrase
ad_01150,2023-11,944.89,3786.88,15114,117,2,tights for every shred,Our tights lets you 4 shred better.,video,4:5,commute,vid_tights:Video|tights:Noun
ad_01151,2023-11,156.44,634.85,15527,136,3,premium kit built to explore,Ride ready. 2 Try our kit today.,video,4:5,gravel,vid_kit:Video|kit:Noun
ad_01152,2023-11,352.34,2775.94,24193,200,3,the 28 tights you need to climb,Ride 11 ready. Try our tights today.,image,4:5,mountain,img_tights:Image|tights:Noun
ad_01153,2023-11,61.37,219.19,7076,45,1,layer further in 9 our shell,"Lightweight and breathable, this shell keeps you comfortable from the 4 first pedal stroke to the last. Designed for riders who layer in all conditions and demand the very best from their gear. 🔥",video,1:1,commute,vid_shell:Video|shell:Noun
ad_01154,2023-11,59.77,198.68,19328,169,2,new jacket collection,Ride ready. Try our jacket today. ❄️,image,9:16,gravel,img_jacket:Image
ad_01155,2023-11,103.57,382.44,13599,83,1,vest for every cruise,"Engineered for performance on every terrain. Our vest is designed to help you cruise with total confidence, whether you are on a mountain pass 12 or a city commute through changing weather. ⛰️",image,4:5,road,img_vest:Image|vest:Noun|cruise:Verb
ad_01156,2023-11,273.63,1279.41,27281,252,5,cruise further in our bibs,Built to cruise. Premium bibs.,image,1:1,adventure,img_bibs:Image
ad_01157,2023-11,167.23,829.87,11815,111,2,the vest you need to climb,"Engineered for performance on every terrain. Our vest is designed to 25 help you climb with total confidence, whether you are on a mountain pass or a city commute through changing weather.",image,4:5,casual,img_vest:Image|vest:Noun|all day comfort:Phrase
ad_01158,2023-11,149.38,445.46,17835,116,1,pedal further 27 in our jersey,Our jersey lets you pedal better.,image,9:16,accessories,img_jersey:Image|jersey:Noun|race day ready:Phrase
ad_01159,2023-11,77.0,222.86,13644,89,1,the vest you need to explore,"Built for the long haul. Our premium vest combines technical fabrics with 9 a refined fit so you can explore harder and go further, no matter what the forecast brings this season.",image,9:16,accessories,img_vest:Image|vest:Noun|built to last:Phrase
ad_01160,2023-11,154.76,682.05,20070,174,3,pedal further in our tights,pedal further in our 26 new tights.,image,1:1,casual,img_tights:Image|tights:Noun|pedal:Verb
ad_01161,2023-11,113.54,153.88,14400,98,1,new tights collection,Our tights lets you shred better.,video,9:16,casual,vid_tights:Video|tights:Noun
ad_01162,2023-11,96.05,243.2,18614,168,2,kit for every sprint,Built to sprint. Premium kit.,video,4:5,urban,vid_kit:Video|sprint:Verb|ride in comfort:Phrase
ad_01163,2023-11,91.28,190.72,39228,252,3,new gloves collection,"Lightweight and breathable, this gloves keeps you comfortable from the first pedal stroke to the last. Designed for riders who push in all conditions and demand the very best from their gear.",image,4:5,mountain,img_gloves:Image|gloves:Noun
ad_01164,2023-11,187.44,166.5,14151,90,1,the tights you need to descend,"Engineered for performance on every terrain. Our tights is designed to help you descend with total confidence, whether you are on a mountain pass or a city commute through changing weather.",video,9:16,casual,vid_tights:Video|tights:Noun|descend:Verb
ad_01165,2023-11,108.43,384.75,19968,193,4,pedal further in our tights,"Lightweight and breathable, this tights keeps you comfortable from the first pedal stroke to the last. Designed for riders who pedal in all conditions and demand the very best from their gear.",image,4:5,gravel,img_tights:Image
ad_01166,2023-11,166.4,477.94,51214,481,7,the 10 jersey you need to descend,Our jersey lets you descend better. ⛰️,video,1:1,road,vid_jersey:Video|jersey:Noun|descend:Verb|adventure awaits:Phrase
ad_01167,2023-11,57.8,470.92,19840,247,6,premium gloves built to cruise,Ride 10 ready. Try our gloves today.,image,4:5,casual,img_gloves:Image|gloves:Noun|cruise:Verb|built to last:Phrase
ad_01168,2023-11,225.92,412.96,4834,17,0,baselayer for every push,"Lightweight and 2 breathable, this baselayer keeps you comfortable from the first pedal stroke to the last. Designed for riders who push in all conditions and demand the very best from their gear.",image,1:1,sale,img_baselayer:Image|baselayer:Noun|push:Verb|race day ready:Phrase
ad_01169,2023-11,193.01,413.4,11701,68,1,premium 6 shell built to shred,"Built for the long haul. Our premium shell combines technical fabrics with a refined fit so you can shred harder and go further, no matter what the forecast brings this season.",video,4:5,urban,vid_shell:Video|shred:Verb
ad_01170,2023-11,145.4,336.31,8943,71,1,premium tights built to ride,"Engineered for performance on every terrain. Our tights is designed to help you ride 5 with total confidence, whether you are on a mountain pass or a city commute through changing weather.",video,4:5,commute,vid_tights:Video|tights:Noun|ride:Verb
ad_01171,2023-11,184.05,698.32,25887,174,3,gear further in 3 our jersey,gear further in our new jersey. ❄️,video,4:5,urban,vid_jersey:Video|jersey:Noun
ad_01172,2023-11,292.6,1374.71,15578,169,4,cruise further in our socks,Our socks lets you cruise better. 🔥,image,1:1,adventure,img_socks:Image|socks:Noun
ad_01173,2023-11,70.04,288.7,27786,200,3,vest for every pedal,pedal further in our new vest. ❄️,image,4:5,adult,img_vest:Image
ad_01174,2023-11,173.87,256.58,22166,101,1,premium vest built to train,"Built for the long haul. Our premium vest combines technical fabrics with a refined fit so you can train harder and go further, no matter what the forecast brings this season. 💪",video,4:5,accessories,vid_vest:Video|gear up for summer:Phrase
ad_01175,2023-11,76.34,617.61,22118,188,5,baselayer 19 for every cruise,6 Our baselayer lets you cruise better.,image,4:5,commute,img_baselayer:Image|baselayer:Noun|cruise:Verb
ad_01176,2023-11,176.07,555.14,8856,50,1,premium socks built to race,Ride ready. Try our socks today.,image,4:5,accessories,img_socks:Image|socks:Noun|race:Verb
ad_01177,2023-11,143.02,762.38,21015,132,2,cruise further in 12 our shorts,cruise further in our new shorts. ❄️,image,4:5,mountain,img_shorts:Image|cruise:Verb
ad_01178,2023-11,164.58,536.95,32332,130,1,new shell collection,Our shell lets you explore better.,image,4:5,sale,img_shell:Image|ride in comfort:Phrase
ad_01179,2023-11,277.93,1396.49,7919,84,2,26 new cap collection,Ride ready. Try our cap today.,video,4:5,adventure,vid_cap:Video|cap:Noun|push:Verb
ad_01180,2023-11,272.99,580.61,13932,88,1,premium armwarmers built to conquer,Ride ready. Try our armwarmers today.,video,1:1,commute,vid_armwarmers:Video|armwarmers:Noun|conquer:Verb|your spring wardrobe:Phrase
ad_01181,2023-11,320.65,2381.96,19492,174,3,the kit you need to gear,6 gear further in our new kit.,image,4:5,commute,img_kit:Image|kit:Noun|all day comfort:Phrase
ad_01182,2023-11,131.7,436.83,17146,128,2,premium shorts built to shred,shred further in our new shorts.,image,4:5,adult,img_shorts:Image|shorts:Noun|shred:Verb
ad_01183,2023-11,254.73,841.2,33484,199,3,descend further in our cap,Built to descend. Premium cap.,image,1:1,casual,img_cap:Image
ad_01184,2023-11,226.4,878.37,23501,125,1,new 27 vest collection,Built to push. Premium vest. ☀️,image,4:5,sale,img_vest:Image|push:Verb
ad_01185,2023-11,133.7,256.47,20002,124,1,kit for every pedal,Our kit lets you pedal better. ☀️,image,9:16,road,img_kit:Image|pedal:Verb
ad_01186,2023-11,179.22,1086.48,24571,141,2,cruise further in our bibs,13 Ride ready. Try our bibs today. ⛰️,image,4:5,adult,img_bibs:Image|cruise:Verb
ad_01187,2023-11,154.32,819.33,23925,323,9,new shorts collection,Built to climb. Premium shorts.,image,9:16,adventure,img_shorts:Image|climb:Verb|new arrivals:Phrase
ad_01188,2023-11,385.77,695.67,16665,115,2,new tights collection,"Lightweight and breathable, this tights keeps you comfortable from the first pedal stroke to the last. Designed for riders who ride in all conditions and demand the very best from their gear.",image,9:16,urban,img_tights:Image|tights:Noun|ride:Verb|trail tested:Phrase
ad_01189,2023-11,271.63,1942.24,13672,121,2,the vest 26 you need to pedal,Ride ready. 15 Try our vest today. 🔥,image,1:1,casual,img_vest:Image|vest:Noun
ad_01190,2023-11,136.56,150.35,26787,74,1,shell for every sprint,sprint further in our new shell.,video,4:5,sale,vid_shell:Video|shell:Noun|sprint:Verb
ad_01191,2023-11,130.98,416.85,11260,53,0,new gloves collection,Our gloves lets you 19 shred better.,image,4:5,sale,img_gloves:Image
ad_01192,2023-11,296.75,2875.89,15747,144,3,descend 25 further in our shell,17 Built to descend. Premium shell. 🏔️,image,4:5,mountain,img_shell:Image
ad_01193,2023-11,373.27,311.67,9156,41,0,train further in our baselayer,"Built for the long haul. Our premium baselayer combines technical fabrics with a refined fit so you can train harder and go further, no matter what the forecast brings this season.",video,1:1,accessories,vid_baselayer:Video
ad_01194,2023-11,201.87,752.86,23538,158,3,premium armwarmers built to race,race further in our new armwarmers.,image,4:5,road,img_armwarmers:Image|armwarmers:Noun|race:Verb|all day comfort:Phrase
ad_01195,2023-11,248.01,483.44,30236,146,2,armwarmers 25 for every conquer,"Engineered for performance on every terrain. Our armwarmers is designed to help you conquer with total confidence, whether you are on a mountain pass or a city commute through changing weather.",image,9:16,accessories,img_armwarmers:Image|armwarmers:Noun
ad_01196,2023-11,365.11,2177.13,10227,119,3,premium kit built to push,"Engineered for performance on every terrain. Our kit is designed to help you push with total confidence, whether you are on a mountain pass or 6 a city commute through changing weather.",image,4:5,adventure,img_kit:Image|kit:Noun|push:Verb
ad_01197,2023-11,150.42,479.68,15117,119,2,new tights collection,Our tights lets you push better.,image,1:1,adult,img_tights:Image|tights:Noun|gravel ready:Phrase
ad_01198,2023-11,175.63,390.34,12842,70,1,the 20 armwarmers you need to explore,explore further in our new armwarmers.,video,1:1,mountain,vid_armwarmers:Video|armwarmers:Noun
ad_01199,2023-11,223.71,598.87,27950,156,2,new vest collection,"Engineered for performance on every terrain. Our vest is designed to help you conquer with total confidence, whether you are on a mountain pass or a city commute through changing weather. ☀️",image,4:5,mountain,img_vest:Image|vest:Noun|conquer:Verb
ad_01200,2023-11,129.14,238.52,33157,164,2,push further in our gloves,Ride ready. Try our gloves today.,video,4:5,mountain,vid_gloves:Video|gloves:Noun
ad_01201,2023-11,463.01,1642.03,12848,90,1,baselayer for every train,Ride ready. Try our baselayer today.,image,4:5,mountain,img_baselayer:Image|train:Verb
ad_01202,2023-11,128.45,586.62,3481,30,1,premium bibs built 11 to sprint,"Built for the long haul. Our premium bibs combines technical fabrics with a refined fit so you can sprint harder and go further, no matter what the forecast brings this season. 🔥",image,4:5,casual,img_bibs:Image|bibs:Noun|sprint:Verb
ad_01203,2023-11,173.31,233.97,29054,128,1,new jacket collection,Ride ready. 16 Try our jacket today.,video,1:1,accessories,vid_jacket:Video|jacket:Noun|race:Verb
ad_01204,2023-11,527.5,1595.75,16698,105,1,the cap you need to train,Built to 9 train. Premium cap. 🔥,image,9:16,road,img_cap:Image|cap:Noun
ad_01205,2023-11,54.67,390.01,16731,188,5,the jacket you need to push,Our jacket lets you push better.,image,4:5,adventure,img_jacket:Image|push:Verb
ad_01206,2023-11,190.17,1237.96,26433,288,6,premium shorts built to explore,explore further in our new shorts.,image,4:5,urban,img_shorts:Image|shorts:Noun|adventure awaits:Phrase
ad_01207,2023-11,112.39,509.25,13609,89,1,5 new shell collection,Built 10 to race. Premium shell.,image,1:1,adult,img_shell:Image|shell:Noun
ad_01208,2023-11,167.07,440.61,11913,89,1,new wardrobe collection,train further 25 in our new wardrobe.,video,1:1,gravel,vid_wardrobe:Video|train:Verb
ad_01209,2023-11,81.03,97.31,13666,60,1,jersey for every explore,"Engineered for performance on every terrain. Our jersey is designed to help 9 you explore with total confidence, whether you are on a mountain pass or a city commute through changing weather.",video,1:1,accessories,vid_jersey:Video|jersey:Noun
ad_01210,2023-11,133.73,312.65,20849,142,2,premium jacket built to shred,Built to shred. Premium jacket.,video,4:5,urban,vid_jacket:Video|jacket:Noun
ad_01211,2023-11,169.56,273.32,25337,178,2,the armwarmers you need to climb,Ride ready. Try our armwarmers today. 💪,video,9:16,mountain,vid_armwarmers:Video|armwarmers:Noun|climb:Verb|adventure awaits:Phrase
ad_01212,2023-11,192.73,605.43,36942,269,3,the wardrobe you need to gear,Built to gear. Premium wardrobe.,image,1:1,accessories,img_wardrobe:Image|wardrobe:Noun|trail tested:Phrase
ad_01213,2023-11,285.92,1582.9,19975,159,2,premium gloves built 21 to climb,climb further in 10 our new gloves.,video,4:5,commute,vid_gloves:Video
ad_01214,2023-11,41.43,137.18,15187,94,1,premium socks built to sprint,Our socks lets you sprint better.,image,4:5,adult,img_socks:Image|socks:Noun
ad_01215,2023-11,154.9,202.28,25428,96,1,the jersey 25 you need to sprint,"Lightweight and breathable, this jersey keeps you comfortable from the first pedal stroke to the last. Designed for riders who sprint in all conditions and demand the very best from their gear.",video,4:5,sale,vid_jersey:Video|sprint:Verb|gravel ready:Phrase
ad_01216,2023-11,150.43,554.52,10046,125,3,the 27 wardrobe you need to shred,shred 8 further in our new wardrobe.,video,9:16,adventure,vid_wardrobe:Video|wardrobe:Noun|shred:Verb|your spring wardrobe:Phrase
ad_01217,2023-11,160.73,480.65,33197,164,2,new wardrobe collection,Built to cruise. Premium wardrobe.,image,4:5,mountain,img_wardrobe:Image|wardrobe:Noun|cruise:Verb
ad_01218,2023-11,170.32,325.46,18146,111,2,shred further in our shell,"Lightweight and breathable, this shell keeps you comfortable from the first pedal stroke to the last. Designed for riders who shred in all conditions and demand the very best from their gear.",image,4:5,adult,img_shell:Image|shell:Noun|shred:Verb
ad_01219,2023-11,101.52,155.16,14562,102,1,race further in our baselayer,19 Our baselayer lets you race better.,video,9:16,commute,vid_baselayer:Video|baselayer:Noun|race:Verb
ad_01220,2023-11,66.03,76.55,10062,45,0,jersey for every gear,"Engineered for performance on every terrain. Our jersey is designed to help you gear with total confidence, whether you are on a mountain pass or a city commute through changing weather.",image,1:1,mountain,img_jersey:Image|jersey:Noun|gear:Verb
ad_01221,2023-11,190.3,2096.74,22337,250,7,premium gloves built to push,push further in 17 our new gloves.,image,4:5,commute,img_gloves:Image|gloves:Noun|cold weather essentials:Phrase
ad_01222,2023-11,92.0,572.62,14189,106,2,new wardrobe collection,Our wardrobe 7 lets you gear better. ☀️,image,4:5,accessories,img_wardrobe:Image|wardrobe:Noun|gear:Verb|all day comfort:Phrase
ad_01223,2023-11,212.72,407.94,15574,119,2,descend further in our kit,Ride ready. Try our kit today.,video,1:1,gravel,vid_kit:Video|kit:Noun
ad_01224,2023-11,95.2,160.98,7079,37,0,the shorts 27 you need to layer,layer further in our new shorts.,video,9:16,adult,vid_shorts:Video|shorts:Noun
ad_01225,2023-11,253.14,1432.73,13137,153,5,premium jersey built to conquer,conquer further in our new jersey.,image,1:1,adventure,img_jersey:Image|race day ready:Phrase
ad_01226,2023-11,161.68,588.8,12287,88,1,premium gloves built to gear,Ride ready. Try our gloves today.,image,4:5,urban,img_gloves:Image|gloves:Noun
ad_01227,2023-11,168.56,1376.38,20127,292,10,jacket for every conquer,Built to conquer. 2 Premium jacket. 🏔️,image,9:16,adventure,img_jacket:Image|gear up for summer:Phrase
ad_01228,2023-11,144.1,678.14,14281,110,2,the shorts you need to gear,Ride ready. Try our shorts today.,image,4:5,commute,img_shorts:Image|shorts:Noun
ad_01229,2023-11,130.88,218.51,4342,23,0,new jersey collection,Our jersey lets you gear better.,video,4:5,mountain,vid_jersey:Video|jersey:Noun|gear:Verb
ad_01230,2023-11,145.26,213.82,13267,127,2,new tights collection,"Lightweight and breathable, this tights keeps you comfortable from the first pedal stroke to the last. Designed for riders who explore in all conditions and demand the very best from their gear. 🌧️",video,9:16,adventure,vid_tights:Video|explore:Verb
ad_01231,2023-11,339.44,2093.88,7889,93,2,pedal further in our wardrobe,Built to pedal. Premium wardrobe.,image,4:5,adventure,img_wardrobe:Image|wardrobe:Noun
ad_01232,2023-11,66.53,260.72,9692,121,2,race further in our tights,Built to race. Premium tights.,image,1:1,adventure,img_tights:Image|tights:Noun|race:Verb
ad_01233,2023-11,113.23,234.99,26970,189,3,vest for every descend,Ride ready. Try our vest today.,image,9:16,gravel,img_vest:Image|vest:Noun|descend:Verb
ad_01234,2023-11,314.92,770.36,7017,41,0,premium jacket built to explore,"Lightweight and breathable, this jacket keeps you comfortable from the first pedal stroke to the last. Designed for riders who explore in all conditions and 22 demand the very best from their gear.",image,1:1,adult,img_jacket:Image|jacket:Noun|explore:Verb
ad_01235,2023-11,273.19,1486.31,18919,184,3,new 19 vest collection,Our vest lets you explore better.,image,4:5,urban,img_vest:Image|explore:Verb
ad_01236,2023-11,374.07,1500.77,12669,121,2,climb further in our jersey,"Lightweight and breathable, this jersey keeps you comfortable from the first pedal stroke to the last. Designed for riders who climb in all conditions and demand the very best from their gear.",image,4:5,casual,img_jersey:Image|jersey:Noun|climb:Verb|new arrivals:Phrase
ad_01237,2023-11,161.22,241.69,11505,80,1,race further in our shorts,"Lightweight and breathable, this shorts keeps you comfortable from the first pedal stroke to the last. Designed for riders who race in all conditions and demand the very best from their gear. 🚴",video,1:1,gravel,vid_shorts:Video|shorts:Noun|race:Verb
ad_01238,2023-11,75.74,153.86,10005,52,1,the wardrobe you need to shred,Our wardrobe lets you shred better.,image,1:1,mountain,img_wardrobe:Image|wardrobe:Noun
ad_01239,2023-11,85.94,158.91,19154,159,3,climb further in our armwarmers,Built to climb. Premium armwarmers.,video,9:16,gravel,vid_armwarmers:Video|armwarmers:Noun|ride in comfort:Phrase
ad_01240,2023-11,139.64,792.77,20261,244,6,premium wardrobe built to sprint,Ride ready. Try our 16 wardrobe today.,image,1:1,adventure,img_wardrobe:Image|wardrobe:Noun|sprint:Verb
ad_01241,2023-11,263.68,2194.05,6891,88,2,17 new cap collection,Our 9 cap lets you push better. ☀️,video,4:5,adventure,vid_cap:Video|cap:Noun|push:Verb
ad_01242,2023-11,143.38,520.86,29021,193,4,climb further in our vest,Built to 22 climb. Premium vest.,video,4:5,mountain,vid_vest:Video|ride in comfort:Phrase
ad_01243,2023-11,136.91,931.24,9022,70,1,pedal 20 further in our armwarmers,Built to pedal. 21 Premium armwarmers.,image,4:5,sale,img_armwarmers:Image|armwarmers:Noun|adventure awaits:Phrase
ad_01244,2023-11,211.98,644.37,19828,111,1,shred further 22 in our gloves,shred further in our new gloves. 🏔️,image,1:1,sale,img_gloves:Image|shred:Verb|race day ready:Phrase
ad_01245,2023-11,169.86,267.01,9046,60,1,kit for every descend,"Built for the long haul. Our premium kit combines technical fabrics with a refined fit so you can descend harder and go further, no matter what the forecast brings this season.",image,9:16,gravel,img_kit:Image|kit:Noun|descend:Verb
ad_01246,2023-11,128.25,799.6,12978,150,3,descend further in our cap,"Engineered for performance on every terrain. Our cap is designed to help you descend with total confidence, whether you are on a 24 mountain pass or a city commute through changing weather.",image,4:5,adventure,img_cap:Image|cap:Noun|descend:Verb
ad_01247,2023-11,91.6,142.59,8614,41,0,baselayer for every train,Our baselayer lets you train better.,video,1:1,mountain,vid_baselayer:Video
ad_01248,2023-11,294.86,1733.49,12533,95,2,premium vest built to climb,climb 10 further in our new vest. 💪,image,4:5,adult,img_vest:Image|climb:Verb
ad_01249,2023-11,313.25,582.8,14765,78,1,premium 15 jacket built to explore,"Lightweight and breathable, this jacket keeps you comfortable from the first 5 pedal stroke to the last. Designed for riders who explore in all conditions and demand the very best from their gear.",video,9:16,mountain,vid_jacket:Video
ad_01250,2023-11,88.56,522.02,9190,75,2,22 the tights you need to train,Built to train. Premium tights.,image,4:5,mountain,img_tights:Image|new arrivals:Phrase
ad_01251,2023-11,131.2,670.98,19106,194,5,26 the shorts you need to descend,Built to descend. Premium shorts.,image,1:1,adventure,img_shorts:Image|descend:Verb
ad_01252,2023-11,249.26,1617.84,20399,176,4,vest 5 for every cruise,"Built for the long haul. Our premium vest combines technical fabrics with a refined fit so you can cruise 18 harder and go further, no matter what the forecast brings this season.",image,4:5,commute,img_vest:Image|cruise:Verb
ad_01253,2023-11,84.41,528.9,63167,685,18,armwarmers for every layer,Our armwarmers 14 lets you layer better. ⛰️,video,4:5,casual,vid_armwarmers:Video|armwarmers:Noun|built to last:Phrase
ad_01254,2023-11,207.98,292.47,25975,132,1,push further in 12 our tights,"Lightweight and breathable, this tights keeps you comfortable from the first pedal stroke to the last. Designed for riders who push in all conditions and demand the very best from their gear.",video,9:16,adult,vid_tights:Video|tights:Noun
ad_01255,2023-11,137.33,750.57,29400,413,9,premium 2 wardrobe built to shred,shred further in our new wardrobe.,image,9:16,adventure,img_wardrobe:Image|wardrobe:Noun|shred:Verb|all day comfort:Phrase
ad_01256,2023-11,80.5,141.89,6741,35,0,descend further in our tights,descend further in our new tights.,video,1:1,accessories,vid_tights:Video|tights:Noun|trail tested:Phrase
ad_01257,2023-11,485.28,224.96,6132,15,0,new shell collection,"Engineered for performance on every terrain. Our shell is designed to help you shred with total confidence, whether you are on a mountain pass or a city commute through changing weather.",video,1:1,sale,vid_shell:Video|shred:Verb
ad_01258,2023-11,136.11,214.9,14073,69,1,the kit you need to climb,Our kit lets you climb better.,video,1:1,accessories,vid_kit:Video|climb:Verb|ride in comfort:Phrase
ad_01259,2023-11,228.81,348.38,39892,210,2,23 vest for every cruise,Ride ready. Try our vest today.,video,9:16,urban,vid_vest:Video|vest:Noun|cruise:Verb
ad_01260,2023-11,85.25,369.51,56258,440,7,premium kit 12 built to conquer,conquer further in our new kit.,image,1:1,urban,img_kit:Image|kit:Noun
ad_01261,2023-11,423.99,1231.27,11577,108,2,the jacket you need to explore,"Engineered for performance on every terrain. Our jacket is designed to help 19 you explore with total confidence, whether you are on a mountain pass or a city commute through changing weather.",video,1:1,adventure,vid_jacket:Video|jacket:Noun
ad_01262,2023-11,537.4,1475.57,12178,82,1,premium cap built to shred,Our cap lets you shred better.,image,4:5,road,img_cap:Image|shred:Verb
ad_01263,2023-11,67.83,315.5,21428,187,4,race further in our armwarmers,Ride ready. Try our armwarmers today.,image,4:5,road,img_armwarmers:Image|armwarmers:Noun|new arrivals:Phrase
ad_01264,2023-11,151.35,308.99,14794,56,0,new cap collection,Our cap lets you ride better.,image,4:5,sale,img_cap:Image|ride:Verb
ad_01265,2023-11,370.57,398.84,14981,93,1,new vest collection,"Lightweight and breathable, this vest keeps you comfortable from the first pedal stroke to the last. Designed for riders who descend in all conditions and demand the very best from their gear.",video,9:16,commute,vid_vest:Video|vest:Noun|descend:Verb|ride in comfort:Phrase
ad_01266,2023-11,126.12,192.05,22426,136,2,race further in 19 our jersey,"Lightweight and breathable, this jersey keeps you comfortable from the first pedal stroke to the last. Designed for riders who race in all conditions and demand the very best from their gear.",video,9:16,accessories,vid_jersey:Video|race:Verb|cold weather essentials:Phrase
ad_01267,2023-11,213.56,485.4,63468,378,5,the kit you need to climb,"Built for the long haul. Our premium kit combines 26 technical fabrics with a refined fit so you can climb harder and go further, no matter what the forecast brings this season.",video,4:5,mountain,vid_kit:Video|kit:Noun|climb:Verb|built to last:Phrase
ad_01268,2023-11,60.95,152.85,31345,222,3,new shorts collection,layer further in our new shorts.,image,9:16,casual,img_shorts:Image|shorts:Noun
ad_01269,2023-11,104.1,613.56,41568,388,9,explore further in our jacket,Our jacket lets you explore better.,image,4:5,gravel,img_jacket:Image|jacket:Noun
ad_01270,2023-11,200.61,282.68,6493,37,0,the shell you need to pedal,"Engineered for performance on every terrain. Our shell is designed to help you pedal with total confidence, whether you are on a mountain pass or a city commute through changing weather.",image,1:1,adult,img_shell:Image|pedal:Verb
ad_01271,2023-11,117.29,365.78,27943,218,3,vest for every cruise,Our vest lets you cruise better.,image,1:1,accessories,img_vest:Image|vest:Noun|cruise:Verb|adventure awaits:Phrase
ad_01272,2023-11,134.56,723.83,10154,87,2,climb further in our shell,Our 24 shell lets you climb better.,image,4:5,urban,img_shell:Image|shell:Noun|climb:Verb
ad_01273,2023-11,67.29,78.39,37750,197,2,the vest you need to conquer,"Built for the long haul. Our premium vest combines technical fabrics with a refined fit so you can conquer harder and go further, no matter what the forecast brings this season. 🏔️",video,9:16,mountain,vid_vest:Video|conquer:Verb|ride in comfort:Phrase
ad_01274,2023-11,247.34,499.23,32183,148,2,sprint further in our tights,Ride ready. Try our tights today.,image,1:1,accessories,img_tights:Image
ad_01275,2023-11,74.78,340.23,22080,138,2,new shell collection,24 Our shell lets you shred better.,image,1:1,road,img_shell:Image|shell:Noun|gear up for summer:Phrase
ad_01276,2023-11,421.04,683.45,11261,63,1,race further in our shell,Our shell lets you race better.,video,4:5,road,vid_shell:Video|shell:Noun
ad_01277,2023-11,110.91,272.49,12818,72,1,cap for every layer,Ride ready. Try our cap today.,video,4:5,adult,vid_cap:Video|cap:Noun|your spring wardrobe:Phrase
ad_01278,2023-11,270.09,591.18,13347,86,1,the shell you need to shred,"Engineered for performance on every terrain. Our shell is designed to help you shred with total confidence, whether you are on a mountain pass or a city commute through changing weather. 💪",image,1:1,adult,img_shell:Image|shell:Noun|race day ready:Phrase
ad_01279,2023-11,254.59,346.06,23901,122,1,21 the vest you need to ride,"Engineered for performance on every terrain. Our vest is designed to help you ride with total confidence, whether you are on a mountain pass or a city commute through changing weather. 🏔️",video,1:1,road,vid_vest:Video|vest:Noun|ride:Verb
ad_01280,2023-11,92.51,528.03,19980,211,4,race further in our shorts,race further 8 in our new shorts.,image,9:16,gravel,img_shorts:Image|built to last:Phrase
ad_01281,2023-11,118.26,447.03,33208,288,5,new 29 gloves collection,layer further in our new gloves.,video,4:5,gravel,vid_gloves:Video|gloves:Noun|layer:Verb
ad_01282,2023-11,126.96,523.8,36532,568,13,the gloves you need to layer,"Built for the long haul. Our premium gloves combines technical fabrics with a refined fit so you can layer harder and go further, no matter what the forecast brings this season. 🏔️",image,1:1,adventure,img_gloves:Image|layer:Verb|trail tested:Phrase
ad_01283,2023-11,132.23,952.11,10698,145,4,cap for every ride,ride further in our new cap.,image,4:5,adventure,img_cap:Image
ad_01284,2023-11,76.69,293.2,20705,155,2,shred further in 20 our shorts,"Engineered for performance on every terrain. Our shorts is designed to help you shred with total confidence, whether you are on a mountain pass or 4 a city commute through changing weather.",image,9:16,accessories,img_shorts:Image|shorts:Noun|adventure awaits:Phrase
ad_01285,2023-11,230.13,2171.57,20579,255,10,premium wardrobe built to conquer,Our 10 wardrobe lets you conquer better.,image,4:5,adventure,img_wardrobe:Image|wardrobe:Noun|conquer:Verb
ad_01286,2023-11,110.51,257.81,15569,125,2,the tights you need to descend,"Built for the long haul. Our premium tights combines technical fabrics with a refined fit so you can descend harder and go further, no matter what the forecast brings this season. 🚴",image,1:1,urban,img_tights:Image|tights:Noun|descend:Verb|lightweight layers:Phrase
ad_01287,2023-11,155.99,828.29,26145,344,7,cruise further in our kit,24 Our kit lets you cruise better.,image,9:16,adventure,img_kit:Image|kit:Noun
ad_01288,2023-11,305.55,1431.42,20869,130,2,14 premium jacket built to gear,gear further in our new jacket.,image,4:5,road,img_jacket:Image|jacket:Noun|gear:Verb
ad_01289,2023-11,235.43,426.85,12250,61,1,shorts for every descend,descend further in our new shorts.,image,9:16,mountain,img_shorts:Image|shorts:Noun
ad_01290,2023-11,115.07,335.95,15206,114,2,vest for every push,push further in our new vest.,video,4:5,gravel,vid_vest:Video|vest:Noun
ad_01291,2023-11,311.96,1383.03,13710,114,2,the jacket you need to cruise,Built to cruise. Premium jacket.,image,4:5,commute,img_jacket:Image|jacket:Noun|cruise:Verb
ad_01292,2023-11,249.05,1257.55,11348,93,2,the kit you need to push,Ride ready. Try our kit today. ❄️,image,1:1,adult,img_kit:Image|ride in comfort:Phrase
ad_01293,2023-11,109.38,169.89,15644,81,1,12 gloves for every pedal,Built to pedal. Premium gloves.,video,1:1,road,vid_gloves:Video|gloves:Noun|pedal:Verb
ad_01294,2023-11,122.72,434.22,8536,64,1,ride further in 8 our baselayer,"Lightweight and 16 breathable, this baselayer keeps you comfortable from the first pedal stroke to the last. Designed for riders who ride in all conditions and demand the very best from their gear.",image,9:16,casual,img_baselayer:Image|baselayer:Noun
ad_01295,2023-11,304.48,1043.58,20691,213,4,premium armwarmers built to explore,Our armwarmers lets you explore better.,image,9:16,adventure,img_armwarmers:Image
ad_01296,2023-11,266.54,2813.28,32945,411,13,29 vest for every climb,Ride ready. Try our vest today.,image,4:5,adventure,img_vest:Image|vest:Noun
ad_01297,2023-11,67.81,93.46,16743,90,1,premium jersey built to ride,"Lightweight and breathable, this jersey keeps you comfortable from the first pedal stroke to the last. Designed for riders who ride in all conditions and demand the very best from their gear. 🏔️",image,9:16,road,img_jersey:Image|jersey:Noun|ride:Verb|lightweight layers:Phrase
ad_01298,2023-11,91.37,82.25,26206,86,1,pedal further in our tights,"Lightweight and breathable, this tights keeps you comfortable from the first pedal stroke to the last. Designed for riders who pedal in all conditions and demand the very best from their gear.",video,4:5,sale,vid_tights:Video|pedal:Verb|race day ready:Phrase
ad_01299,2023-11,253.55,1320.16,17645,139,3,17 bibs for every ride,Built to ride. Premium bibs. 🏔️,image,4:5,mountain,img_bibs:Image|bibs:Noun|ride:Verb
ad_01300,2023-11,82.57,192.89,9793,50,1,jersey for every conquer,Built to conquer. Premium jersey.,image,1:1,accessories,img_jersey:Image|conquer:Verb|lightweight layers:Phrase
ad_01301,2023-11,270.77,1050.39,44536,421,8,premium wardrobe built to ride,"Engineered for performance on every terrain. Our wardrobe is designed to help you ride with total confidence, whether you are on a mountain pass or a city commute through changing weather.",image,4:5,commute,img_wardrobe:Image|race day ready:Phrase
ad_01302,2023-11,533.68,2051.15,4863,35,1,the shell you 13 need to sprint,24 Our shell lets you sprint better.,image,1:1,accessories,img_shell:Image
ad_01303,2023-11,208.99,180.64,16411,67,1,wardrobe for every train,"Lightweight and breathable, this wardrobe keeps you comfortable from the first pedal stroke to the last. Designed for riders who train in all conditions and demand the very best from their gear.",video,9:16,mountain,vid_wardrobe:Video|wardrobe:Noun|train:Verb|all day comfort:Phrase
ad_01304,2023-11,96.02,418.17,11117,93,2,new jersey collection,4 push further in our new jersey.,image,1:1,urban,img_jersey:Image|jersey:Noun|gear up for summer:Phrase
ad_01305,2023-11,185.72,556.23,36004,271,4,premium bibs built to sprint,sprint further in our new bibs.,image,1:1,mountain,img_bibs:Image|new arrivals:Phrase
ad_01306,2023-11,310.78,985.9,18188,130,2,new cap collection,22 Our cap lets you train better.,image,1:1,mountain,img_cap:Image
ad_01307,2023-11,177.27,268.84,58587,234,2,shorts for every explore,explore further in our 2 new shorts.,video,1:1,accessories,vid_shorts:Video|shorts:Noun|explore:Verb
ad_01308,2023-11,223.32,901.38,16623,126,2,the armwarmers you need to train,"Lightweight and breathable, this armwarmers keeps you comfortable from the first pedal stroke to the last. Designed for riders who train in all conditions and demand the 7 very best from their gear.",image,4:5,accessories,img_armwarmers:Image|armwarmers:Noun|trail tested:Phrase
ad_01309,2023-11,103.41,239.97,11160,82,2,3 climb further in our tights,"Lightweight and breathable, this tights keeps you comfortable from the first pedal stroke to the last. Designed for riders who climb in all conditions and demand the very best from their gear.",video,1:1,adventure,vid_tights:Video|tights:Noun|climb:Verb
ad_01310,2023-11,108.21,191.77,6942,46,1,gear further in our kit,"Built for the long haul. Our premium kit combines technical fabrics with a refined fit so you can gear harder and go further, no matter what the forecast brings this season.",video,4:5,commute,vid_kit:Video
ad_01311,2023-11,287.71,1449.37,28392,247,5,new cap collection,Built to pedal. Premium cap.,image,4:5,road,img_cap:Image|cap:Noun|cold weather essentials:Phrase
ad_01312,2023-11,108.97,600.99,10755,142,3,climb further in our armwarmers,"Engineered for performance on every terrain. Our 6 armwarmers is designed to help you climb with total confidence, whether you are on a mountain pass or a city commute through changing weather.",video,4:5,adventure,vid_armwarmers:Video|armwarmers:Noun|new arrivals:Phrase
ad_01313,2023-11,35.4,181.83,13235,121,2,the bibs you 27 need to descend,Ride ready. Try our bibs today.,image,1:1,gravel,img_bibs:Image|bibs:Noun|descend:Verb
ad_01314,2023-11,139.01,882.96,30169,272,5,26 the bibs you need to cruise,"Lightweight and breathable, this bibs keeps you comfortable from the first pedal stroke to the last. Designed for riders who cruise in all conditions and demand the very best from their gear. 🌧️",image,4:5,accessories,img_bibs:Image|bibs:Noun|adventure awaits:Phrase
ad_01315,2023-11,201.71,1066.07,27645,297,8,premium shorts built to sprint,sprint further in our new shorts.,image,4:5,commute,img_shorts:Image|shorts:Noun|sprint:Verb|ride in comfort:Phrase
ad_01316,2023-11,315.27,657.76,12037,101,1,18 new armwarmers collection,"Engineered for performance on every terrain. Our armwarmers is designed to help you climb with total confidence, whether you are on a mountain pass or a city commute through changing weather.",image,9:16,casual,img_armwarmers:Image
ad_01317,2023-11,448.44,2921.02,13011,178,4,the socks you need to sprint,Our 2 socks lets you sprint better.,video,4:5,adventure,vid_socks:Video|socks:Noun|your spring wardrobe:Phrase
ad_01318,2023-11,175.76,464.61,6785,50,1,the socks 4 you need to layer,Built to layer. Premium socks.,video,1:1,road,vid_socks:Video|ride in comfort:Phrase
ad_01319,2023-11,248.01,279.07,5842,34,0,pedal further in our shorts,Ride ready. Try our shorts today.,video,1:1,accessories,vid_shorts:Video|shorts:Noun|pedal:Verb|gravel ready:Phrase
ad_01320,2023-11,179.59,288.73,23918,176,2,cap for every explore,"Lightweight and breathable, this cap keeps you comfortable from the first pedal stroke to the last. Designed for riders who explore in all conditions and demand the very best from their gear. 🚴",video,1:1,gravel,vid_cap:Video
ad_01321,2023-11,206.59,390.22,25274,207,3,the socks you need to explore,"Built for the long haul. Our premium socks combines technical fabrics with 28 a refined fit so you can explore harder and go further, no matter what the forecast brings this season.",video,9:16,adventure,vid_socks:Video|socks:Noun|explore:Verb
ad_01322,2023-11,149.34,453.39,19519,158,3,vest 22 for every sprint,"Engineered for performance on every terrain. Our vest is designed to help you sprint with total confidence, whether you are on a 27 mountain pass or a city commute through changing weather.",video,1:1,casual,vid_vest:Video|ride in comfort:Phrase
ad_01323,2023-11,210.65,375.75,17928,75,0,jersey for every train,Ride 28 ready. Try our jersey today. 💪,image,9:16,sale,img_jersey:Image|jersey:Noun
ad_01324,2023-11,107.81,409.39,11469,95,2,new armwarmers collection,push further in our new armwarmers. ⛰️,image,1:1,casual,img_armwarmers:Image|armwarmers:Noun
ad_01325,2023-11,548.05,857.58,34016,127,1,premium 25 jacket built to pedal,Built to pedal. Premium jacket.,image,9:16,sale,img_jacket:Image|jacket:Noun
ad_01326,2023-11,39.79,112.08,6691,35,0,new vest collection,push further in our 11 new vest.,image,9:16,mountain,img_vest:Image|vest:Noun
ad_01327,2023-11,235.3,638.29,12917,95,1,gear further in our shorts,gear further in our new shorts. 💪,image,9:16,casual,img_shorts:Image|shorts:Noun|gear:Verb
ad_01328,2023-11,202.36,893.95,17692,171,3,premium jersey 24 built to descend,Our jersey lets you descend better.,image,9:16,casual,img_jersey:Image|jersey:Noun|lightweight layers:Phrase
ad_01329,2023-11,208.74,278.47,16323,92,1,premium shell built to climb,Ride ready. Try our shell today.,video,1:1,mountain,vid_shell:Video|shell:Noun
ad_01330,2023-11,82.16,199.99,16309,115,2,the tights 15 you need to sprint,"Lightweight and breathable, this tights keeps you comfortable from the first pedal stroke to the last. Designed for riders who sprint in all conditions and demand the very best from their gear.",image,9:16,commute,img_tights:Image|sprint:Verb|your spring wardrobe:Phrase
ad_01331,2023-11,61.03,103.73,12593,69,1,baselayer for 21 every climb,"Lightweight and breathable, this baselayer keeps you comfortable from the first pedal stroke to the last. Designed for riders who climb in all conditions and demand the very best from their gear.",image,9:16,adult,img_baselayer:Image|baselayer:Noun
ad_01332,2023-11,240.27,480.32,21396,117,2,bibs for every train,Built to train. Premium bibs. 🏔️,video,1:1,commute,vid_bibs:Video|bibs:Noun|train:Verb
ad_01333,2023-11,373.5,1169.62,8891,55,1,climb further in our vest,Built to climb. Premium vest.,image,4:5,adult,img_vest:Image|climb:Verb
ad_01334,2023-11,190.65,260.59,15192,85,1,new socks collection,"Built for the long haul. Our premium socks combines technical fabrics with a refined fit so you can sprint harder and go further, no matter what the forecast brings this season.",video,4:5,mountain,vid_socks:Video|socks:Noun
ad_01335,2023-11,270.83,2439.91,20261,145,2,sprint further in 10 our jersey,Built 29 to sprint. Premium jersey. 🚴,image,4:5,accessories,img_jersey:Image|jersey:Noun|sprint:Verb
ad_01336,2023-11,126.9,980.69,13825,176,5,10 jacket for every shred,"Lightweight and breathable, this jacket keeps you comfortable from the first pedal stroke to the last. Designed for riders who shred in all conditions and demand the very best from their gear. ❄️",image,4:5,adventure,img_jacket:Image|jacket:Noun|shred:Verb|all day comfort:Phrase
ad_01337,2023-11,203.82,289.58,16365,61,0,new shell collection,"Built for the long haul. Our premium shell combines technical fabrics with a refined fit so you can climb harder and 17 go further, no matter what the forecast brings this season.",image,1:1,sale,img_shell:Image|climb:Verb
ad_01338,2023-11,348.53,1109.2,18184,260,6,tights for every cruise,Ride ready. Try our tights today.,video,1:1,adventure,vid_tights:Video|tights:Noun|new arrivals:Phrase
ad_01339,2023-11,138.41,376.07,6769,52,1,race 10 further in our wardrobe,race further in our new wardrobe.,video,1:1,gravel,vid_wardrobe:Video|race:Verb
ad_01340,2023-11,340.27,1134.12,7093,66,1,socks for every descend,Our socks lets you descend better.,image,9:16,gravel,img_socks:Image|new arrivals:Phrase
ad_01341,2023-11,62.65,212.78,17457,206,4,sprint further in our shell,Our shell lets you sprint better.,video,4:5,gravel,vid_shell:Video|sprint:Verb|adventure awaits:Phrase
ad_01342,2023-11,115.64,934.62,12044,130,3,the gloves you need to train,Built to train. 24 Premium gloves.,image,4:5,gravel,img_gloves:Image|train:Verb|your spring wardrobe:Phrase
ad_01343,2023-11,231.8,1715.97,12413,173,5,sprint further in our vest,Built to sprint. Premium vest.,image,4:5,adventure,img_vest:Image|vest:Noun|sprint:Verb|trail tested:Phrase
ad_01344,2023-11,523.22,1306.41,21699,177,3,new kit collection,Built to layer. Premium kit.,video,4:5,gravel,vid_kit:Video|layer:Verb
ad_01345,2023-11,168.49,519.09,9958,61,1,premium armwarmers built 18 to train,Our armwarmers lets you train better.,image,9:16,mountain,img_armwarmers:Image|armwarmers:Noun|train:Verb
ad_01346,2023-11,89.83,304.21,4885,42,1,premium baselayer built to descend,"Lightweight 22 and breathable, this baselayer keeps you comfortable from the first pedal stroke to the last. Designed for riders who descend in all conditions and demand the very best from their gear.",image,9:16,adventure,img_baselayer:Image|baselayer:Noun|descend:Verb
ad_01347,2023-11,516.13,678.5,37386,183,2,push further in our baselayer,"Lightweight and breathable, this baselayer keeps you comfortable from the first pedal stroke to the last. Designed for riders who push in all conditions and demand the very best from their gear. ☀️",image,9:16,accessories,img_baselayer:Image|baselayer:Noun
ad_01348,2023-11,154.88,545.87,29895,179,2,train further in our jersey,train further in our new jersey.,image,4:5,mountain,img_jersey:Image|train:Verb
ad_01349,2023-11,248.93,1116.8,29706,280,7,premium gloves built to climb,Built to 20 climb. Premium gloves.,video,9:16,adventure,vid_gloves:Video|gloves:Noun|climb:Verb|adventure awaits:Phrase
ad_01350,2023-11,136.68,390.62,9322,43,0,gloves for every sprint,Built to sprint. Premium gloves.,image,4:5,sale,img_gloves:Image|gloves:Noun|gear up for summer:Phrase
ad_01351,2023-11,181.94,824.83,15706,142,2,the cap you need to descend,"Lightweight and breathable, this cap keeps you comfortable from the first pedal stroke to the last. Designed for riders who 16 descend in all conditions and demand the very best from their gear.",image,4:5,gravel,img_cap:Image|descend:Verb
ad_01352,2023-11,119.23,459.11,8659,73,1,the shorts you 24 need to push,push further in our new shorts.,image,1:1,casual,img_shorts:Image|shorts:Noun
ad_01353,2023-11,647.36,4452.86,15844,189,5,cruise further 15 in our kit,cruise 25 further in our new kit.,video,4:5,commute,vid_kit:Video|kit:Noun|new arrivals:Phrase
ad_01354,2023-11,341.4,1542.24,13719,141,3,new 21 baselayer collection,Built to descend. 17 Premium baselayer.,video,9:16,gravel,vid_baselayer:Video|baselayer:Noun|trail tested:Phrase
ad_01355,2023-11,482.6,2494.4,9523,82,2,tights for every sprint,Built to sprint. Premium tights.,image,4:5,commute,img_tights:Image|tights:Noun
ad_01356,2023-11,104.09,165.19,20998,115,1,premium jersey built to explore,Ride ready. Try our jersey today.,video,4:5,adult,vid_jersey:Video|jersey:Noun|explore:Verb
ad_01357,2023-11,55.89,134.52,14345,67,1,gloves for every descend,Our gloves lets you descend better.,video,4:5,accessories,vid_gloves:Video|gloves:Noun|gear up for summer:Phrase
ad_01358,2023-11,140.13,342.43,38634,242,3,17 gear further in our socks,Ride ready. Try our socks today.,image,9:16,mountain,img_socks:Image
ad_01359,2023-11,756.12,2488.94,17042,117,2,premium jacket built to conquer,Built to conquer. Premium jacket.,video,4:5,commute,vid_jacket:Video
ad_01360,2023-11,137.72,308.19,4567,34,0,ride further in our vest,Ride ready. Try our vest today.,image,9:16,casual,img_vest:Image|ride:Verb
ad_01361,2023-11,314.0,1144.76,6598,36,0,shell for every cruise,Our shell 10 lets you cruise better.,image,1:1,road,img_shell:Image
ad_01362,2023-11,90.32,88.91,46553,175,2,19 jacket for every train,"Built for the long haul. Our premium jacket combines technical fabrics with a refined fit so you can train harder and go further, no matter what the forecast brings this season.",video,9:16,mountain,vid_jacket:Video|train:Verb
ad_01363,2023-11,101.59,237.93,13643,88,2,premium wardrobe built to race,Our wardrobe lets you race better.,image,9:16,urban,img_wardrobe:Image|race:Verb|gravel ready:Phrase
ad_01364,2023-11,159.24,466.42,18408,109,2,premium shell 7 built to train,Our shell lets you train better.,image,1:1,road,img_shell:Image|shell:Noun|train:Verb
ad_01365,2023-11,592.37,798.03,16406,109,1,premium cap 20 built to ride,"Lightweight and breathable, this cap keeps you comfortable from the first pedal stroke to the last. Designed for riders who ride in all conditions and demand the very best from their gear.",video,9:16,casual,vid_cap:Video|ride:Verb
ad_01366,2023-11,323.26,3412.76,33146,439,12,the shorts you need 14 to push,Built to push. Premium shorts.,image,4:5,adventure,img_shorts:Image|shorts:Noun
ad_01367,2023-11,48.74,98.44,6292,28,0,push further in our baselayer,Ride ready. Try our baselayer today.,image,1:1,road,img_baselayer:Image|push:Verb
ad_01368,2023-11,249.22,294.12,31734,174,2,new baselayer collection,explore further in our new baselayer.,video,9:16,casual,vid_baselayer:Video|explore:Verb
ad_01369,2023-11,83.85,475.87,30660,325,6,sprint further in our jersey,Ride ready. Try our jersey today.,image,4:5,casual,img_jersey:Image|jersey:Noun|gravel ready:Phrase
ad_01370,2023-11,110.98,241.67,16377,64,1,tights for every explore,Our tights lets you explore better.,image,4:5,sale,img_tights:Image
ad_01371,2023-11,226.91,423.41,20074,112,1,the wardrobe you need to train,Built to train. Premium wardrobe. ❄️,video,1:1,urban,vid_wardrobe:Video
ad_01372,2023-11,386.6,1915.73,13565,147,3,shorts for every explore,"Built for the long haul. Our premium shorts combines technical fabrics with a refined fit so you can explore harder and go further, no 26 matter what the forecast brings this season. 💪",image,1:1,commute,img_shorts:Image|shorts:Noun|trail tested:Phrase
ad_01373,2023-11,375.36,1387.46,7030,50,1,armwarmers for every ride,Our armwarmers lets you ride better.,image,4:5,urban,img_armwarmers:Image|armwarmers:Noun|ride:Verb
ad_01374,2023-11,203.82,1708.02,21822,293,7,jersey for every ride,Ride ready. Try our jersey today.,image,4:5,adventure,img_jersey:Image|jersey:Noun|ride:Verb|gravel ready:Phrase
ad_01375,2023-11,205.55,951.92,18468,144,2,premium shorts built to sprint,5 sprint further in our new shorts.,image,1:1,accessories,img_shorts:Image|built to last:Phrase
ad_01376,2023-11,374.67,877.61,18661,190,4,wardrobe for every shred,"Built for the long haul. Our premium wardrobe combines technical fabrics with a refined fit so you can shred harder and go further, no matter what the forecast brings this season. 🚴",image,9:16,adventure,img_wardrobe:Image
ad_01377,2023-11,64.91,217.93,20778,214,5,premium jacket built to pedal,pedal further in our new jacket.,image,9:16,adventure,img_jacket:Image|jacket:Noun|pedal:Verb
ad_01378,2023-11,500.06,896.26,12069,69,1,premium shorts built to race,Built to race. Premium shorts.,image,9:16,accessories,img_shorts:Image|shorts:Noun
ad_01379,2023-11,107.42,198.79,34446,259,4,gear further in our wardrobe,Ride ready. Try our wardrobe today.,video,1:1,gravel,vid_wardrobe:Video
ad_01380,2023-11,195.33,759.17,16393,127,2,vest 16 for every descend,"Lightweight and breathable, this vest keeps you comfortable from the first pedal stroke to the last. Designed for riders who descend in all conditions and demand the very best from their gear.",image,4:5,urban,img_vest:Image|vest:Noun
ad_01381,2023-11,124.04,149.46,21405,76,1,pedal further in our gloves,Our gloves lets you pedal better.,video,4:5,sale,vid_gloves:Video|pedal:Verb
ad_01382,2023-11,83.49,117.91,14249,48,0,conquer further in our armwarmers,Ride ready. Try our armwarmers today.,video,4:5,sale,vid_armwarmers:Video|all day comfort:Phrase
ad_01383,2023-11,220.36,448.93,27602,207,4,jersey for every layer,Ride ready. Try our jersey today.,image,9:16,gravel,img_jersey:Image|jersey:Noun|layer:Verb
ad_01384,2023-11,192.53,832.5,17198,178,4,new 8 baselayer collection,Ride ready. Try our baselayer today.,image,9:16,commute,img_baselayer:Image|baselayer:Noun|new arrivals:Phrase
ad_01385,2023-11,156.82,837.54,15646,97,2,premium vest built to cruise,Ride ready. Try 10 our vest today.,image,4:5,mountain,img_vest:Image
ad_01386,2023-11,152.43,477.15,29858,195,4,premium shell built to pedal,Built to pedal. Premium shell.,image,1:1,urban,img_shell:Image|lightweight layers:Phrase
ad_01387,2023-11,417.33,1164.01,6899,58,1,new tights collection,cruise further in our new tights. ⛰️,video,1:1,adventure,vid_tights:Video|tights:Noun|cruise:Verb
ad_01388,2023-11,622.66,1272.75,14193,65,1,sprint further in our jacket,Our jacket lets you sprint better.,video,4:5,accessories,vid_jacket:Video|jacket:Noun|lightweight layers:Phrase
ad_01389,2023-11,354.27,845.96,12019,79,1,climb further in our jacket,"Engineered for 15 performance on every terrain. Our jacket is designed to help you climb with total confidence, whether you are on a mountain pass or a city commute through changing weather.",image,9:16,casual,img_jacket:Image|jacket:Noun|climb:Verb
ad_01390,2023-11,197.31,961.96,19682,132,2,shred further 29 in our armwarmers,"Lightweight and breathable, this armwarmers 16 keeps you comfortable from the first pedal stroke to the last. Designed for riders who shred in all conditions and demand the very best from their gear.",image,4:5,accessories,img_armwarmers:Image|armwarmers:Noun
ad_01391,2023-11,62.55,238.88,19119,140,3,the vest you need to train,"Built for the long haul. Our premium vest combines technical fabrics with a refined fit so you can train harder 24 and go further, no matter what the forecast brings this season.",image,1:1,commute,img_vest:Image|lightweight layers:Phrase
ad_01392,2023-11,243.38,1024.21,16230,126,2,the jersey you need to gear,19 Our jersey lets you gear better. 🔥,image,9:16,gravel,img_jersey:Image|jersey:Noun
ad_01393,2023-11,249.92,398.03,11425,46,0,premium baselayer built to sprint,sprint further in our new baselayer.,video,4:5,sale,vid_baselayer:Video|trail tested:Phrase
ad_01394,2023-11,265.37,1306.26,16131,153,3,29 jacket for every layer,Our jacket lets you layer better.,video,4:5,commute,vid_jacket:Video|jacket:Noun|trail tested:Phrase
ad_01395,2023-11,84.24,259.92,19191,158,2,premium wardrobe built to gear,Built to gear. Premium wardrobe.,image,9:16,casual,img_wardrobe:Image|wardrobe:Noun|gear:Verb|new arrivals:Phrase
ad_01396,2023-11,278.2,454.25,14933,84,1,climb further in our shorts,climb further in our new shorts.,image,9:16,mountain,img_shorts:Image|shorts:Noun
ad_01397,2023-11,426.35,639.36,28404,155,2,descend further in our wardrobe,"Lightweight and breathable, this wardrobe keeps you comfortable from the first pedal stroke to the last. Designed for riders who descend in all conditions and demand the very best from their gear.",image,1:1,adult,img_wardrobe:Image|wardrobe:Noun
ad_01398,2023-11,92.64,310.99,22171,146,2,cap for every cruise,Our cap lets you cruise better.,image,4:5,mountain,img_cap:Image|cap:Noun|cruise:Verb
ad_01399,2023-11,251.92,2452.85,16482,225,6,push further in 15 our cap,"Engineered for performance on every terrain. Our cap is designed to help you push with 8 total confidence, whether you are on a mountain pass or a city commute through changing weather. 🚴",image,1:1,gravel,img_cap:Image|cap:Noun|adventure awaits:Phrase
ad_01400,2023-11,102.64,115.04,5052,29,0,premium gloves built to ride,"Built for the long haul. Our premium gloves combines technical fabrics with a refined fit so you can ride harder and go further, no matter what the forecast brings this season.",video,1:1,commute,vid_gloves:Video
ad_01401,2023-11,156.92,350.55,14638,105,1,ride further in 17 our armwarmers,"Built for the long haul. Our premium armwarmers combines technical fabrics with a refined fit so you can ride harder and go further, no matter what the forecast brings this season.",image,9:16,gravel,img_armwarmers:Image|ride:Verb
ad_01402,2023-11,94.55,300.07,22372,154,3,the cap you need to race,race further in our new cap.,image,1:1,urban,img_cap:Image
ad_01403,2023-11,135.35,448.81,14198,104,1,premium socks built 27 to climb,climb further in our 24 new socks.,video,1:1,urban,vid_socks:Video|socks:Noun
ad_01404,2023-11,135.98,1112.9,18999,166,3,vest for 27 every cruise,cruise further in our 5 new vest.,image,4:5,mountain,img_vest:Image|vest:Noun|cruise:Verb|trail tested:Phrase
ad_01405,2023-11,213.94,463.01,14592,101,1,bibs for every gear,Our bibs lets you gear better.,video,4:5,commute,vid_bibs:Video|bibs:Noun|gear:Verb
ad_01406,2023-11,285.01,324.46,18339,66,1,premium jacket built to conquer,Our jacket lets you conquer better.,image,1:1,sale,img_jacket:Image|jacket:Noun|conquer:Verb
ad_01407,2023-11,346.55,1095.29,32893,193,3,new socks collection,Built to sprint. 13 Premium socks.,image,1:1,accessories,img_socks:Image|sprint:Verb|gear up for summer:Phrase
ad_01408,2023-11,112.97,684.25,24195,274,8,the gloves you need 14 to cruise,"Engineered for performance on every terrain. Our gloves is designed to help you cruise with total confidence, whether you are on a mountain pass or a city commute through changing weather. 💪",image,4:5,urban,img_gloves:Image|gloves:Noun|adventure awaits:Phrase
ad_01409,2023-11,207.31,231.65,8542,36,0,10 kit for every shred,Our kit lets you shred better. ⛰️,video,9:16,sale,vid_kit:Video|kit:Noun|gravel ready:Phrase
ad_01410,2023-11,86.44,249.05,7126,62,1,race further in our shorts,Ride ready. Try our shorts today.,image,1:1,gravel,img_shorts:Image
ad_01411,2023-11,156.32,709.01,20370,132,2,the tights you 29 need to push,Ride ready. Try our tights today.,image,4:5,road,img_tights:Image|tights:Noun
ad_01412,2023-11,171.39,344.94,29274,144,2,jersey for every shred,Built to 23 shred. Premium jersey.,video,1:1,road,vid_jersey:Video|shred:Verb|all day comfort:Phrase
ad_01413,2023-11,96.04,191.96,7117,50,1,new armwarmers collection,"Built for the long haul. Our premium armwarmers combines technical fabrics with a refined fit so you can conquer harder and go further, no matter what the forecast brings this season.",image,1:1,casual,img_armwarmers:Image|armwarmers:Noun
ad_01414,2023-11,233.64,568.58,14700,97,1,new vest collection,gear further in our 18 new vest.,video,1:1,commute,vid_vest:Video|vest:Noun
ad_01415,2023-11,152.15,250.46,53484,409,8,layer further in our jacket,Built to layer. Premium jacket.,video,9:16,adventure,vid_jacket:Video|layer:Verb
ad_01416,2023-11,183.27,492.94,14274,68,1,premium jersey built to sprint,Our jersey lets you sprint better. 💪,image,9:16,mountain,img_jersey:Image
ad_01417,2023-11,348.29,968.72,57726,407,6,premium tights built to push,"Engineered for performance on every terrain. Our tights is designed to help you push with total confidence, whether you are on a mountain pass or a city commute through changing weather. 🏔️",video,4:5,gravel,vid_tights:Video|tights:Noun|push:Verb|race day ready:Phrase
ad_01418,2023-11,129.25,78.9,10815,53,0,bibs for every train,"Built for the long haul. Our premium bibs combines technical fabrics with a refined fit so you can train harder and go further, no matter what the forecast brings this season.",video,9:16,mountain,vid_bibs:Video|bibs:Noun|train:Verb
ad_01419,2023-11,278.23,692.2,11814,80,1,premium baselayer built to shred,Ride ready. Try our baselayer today.,image,9:16,gravel,img_baselayer:Image
ad_01420,2023-11,397.04,813.39,11488,90,1,new bibs collection,"Built for the long haul. Our premium bibs combines technical fabrics with a 20 refined fit so you can ride harder and go further, no matter what the forecast brings this season. 🚴",video,1:1,gravel,vid_bibs:Video|bibs:Noun|ride:Verb
ad_01421,2023-11,382.71,1411.95,8612,50,1,cruise 25 further in our bibs,cruise further in our new bibs. ❄️,video,4:5,mountain,vid_bibs:Video|bibs:Noun
ad_01422,2023-11,149.22,649.37,7008,76,2,the cap you need to push,Ride ready. Try 19 our cap today.,video,4:5,gravel,vid_cap:Video|push:Verb|gear up for summer:Phrase
ad_01423,2023-11,93.2,934.75,14616,197,6,jersey for every descend,Our jersey 4 lets you descend better. 🚴,image,4:5,adventure,img_jersey:Image|descend:Verb
ad_01424,2023-11,109.11,197.01,17553,187,4,shorts for every explore,Ride ready. Try our shorts today.,video,9:16,adventure,vid_shorts:Video
ad_01425,2023-11,64.48,118.42,11409,66,1,the jacket you 11 need to train,Built to train. Premium jacket.,video,1:1,mountain,vid_jacket:Video
ad_01426,2023-11,252.13,369.14,12867,54,0,2 premium shell built to ride,Our shell lets you ride better.,video,9:16,sale,vid_shell:Video|shell:Noun|ride:Verb|adventure awaits:Phrase
ad_01427,2023-11,261.69,445.29,33643,241,4,premium tights built to gear,Ride ready. Try our tights today. 🚴,video,1:1,casual,vid_tights:Video|tights:Noun
ad_01428,2023-11,179.25,179.16,26540,124,1,cap for every descend,"Built for the long haul. Our premium cap combines technical fabrics with a refined fit so you can descend harder and go further, no matter what the forecast brings this season.",video,1:1,road,vid_cap:Video|cap:Noun
ad_01429,2023-11,73.16,235.08,14345,93,1,the jersey you need to climb,Built to climb. Premium jersey.,image,4:5,mountain,img_jersey:Image
ad_01430,2023-11,134.18,457.11,20241,189,4,new jacket collection,Built to descend. Premium jacket.,image,9:16,adventure,img_jacket:Image|jacket:Noun|descend:Verb
ad_01431,2023-11,382.4,1210.77,7203,51,1,sprint further in our baselayer,Ride ready. Try our baselayer today.,image,1:1,urban,img_baselayer:Image|baselayer:Noun
ad_01432,2023-11,240.84,1244.4,18682,141,2,premium gloves built to cruise,cruise 5 further in our new gloves.,image,4:5,accessories,img_gloves:Image|gloves:Noun
ad_01433,2023-11,267.24,738.94,15825,137,2,cap for every cruise,Our cap lets you 26 cruise better.,video,1:1,gravel,vid_cap:Video
ad_01434,2023-11,1215.79,5794.35,13541,194,7,cap for every conquer,Ride ready. Try our cap today.,image,9:16,adventure,img_cap:Image|cap:Noun|cold weather essentials:Phrase
ad_01435,2023-11,203.4,444.63,16596,108,2,new tights collection,Ride ready. Try our tights today.,video,4:5,adult,vid_tights:Video|tights:Noun|all day comfort:Phrase
ad_01436,2023-11,45.75,138.98,15308,105,2,shell for every pedal,Our shell lets you pedal better. 🔥,image,1:1,casual,img_shell:Image|pedal:Verb
ad_01437,2023-11,86.29,365.28,8465,72,1,10 premium kit built to sprint,"Engineered for performance on every terrain. Our kit is designed to help you sprint with total confidence, whether you are on a mountain pass or a city commute through changing weather.",image,4:5,road,img_kit:Image|gear up for summer:Phrase
ad_01438,2023-11,200.67,275.29,37813,196,2,kit for every sprint,"Lightweight and breathable, this kit keeps you comfortable from the first pedal stroke to the last. Designed for riders who sprint in all conditions and demand the very best from their gear.",video,4:5,accessories,vid_kit:Video|kit:Noun
ad_01439,2023-11,168.94,824.07,26263,214,5,explore further in our vest,Built to explore. Premium vest.,image,4:5,commute,img_vest:Image
ad_01440,2023-11,150.67,454.52,13449,108,2,the armwarmers you need to push,Ride ready. Try our armwarmers today. 🌧️,video,4:5,commute,vid_armwarmers:Video|armwarmers:Noun
ad_01441,2023-11,152.27,164.09,6770,25,0,shred 24 further in our wardrobe,Ride ready. Try our wardrobe today.,video,1:1,sale,vid_wardrobe:Video|wardrobe:Noun|shred:Verb|gravel ready:Phrase
ad_01442,2023-11,104.34,438.71,4781,31,1,shred further in our socks,Our socks lets you shred better.,image,4:5,adult,img_socks:Image|socks:Noun|lightweight layers:Phrase
ad_01443,2023-11,209.06,235.89,44484,142,1,race further 15 in our wardrobe,Our wardrobe lets you race better.,video,1:1,sale,vid_wardrobe:Video|race:Verb
ad_01444,2023-11,385.65,421.86,14968,88,1,premium jacket built to climb,Ride ready. Try our jacket today.,video,9:16,commute,vid_jacket:Video|climb:Verb
ad_01445,2023-11,472.35,1770.78,23909,137,2,the cap you need to push,29 Our cap lets you push better.,image,1:1,road,img_cap:Image|cap:Noun
ad_01446,2023-11,464.38,1914.25,10159,81,1,22 shell for every push,Our shell lets you push better.,image,1:1,gravel,img_shell:Image|shell:Noun|push:Verb
ad_01447,2023-11,94.14,160.11,14000,98,1,sprint further in our cap,Built to sprint. 29 Premium cap.,video,9:16,gravel,vid_cap:Video|sprint:Verb
ad_01448,2023-11,165.04,306.92,14362,90,1,shorts for every train,Our shorts lets you train better.,video,1:1,commute,vid_shorts:Video|shorts:Noun|your spring wardrobe:Phrase
ad_01449,2023-11,138.38,617.41,18421,136,2,shred further in 22 our tights,Our tights lets you shred better.,image,4:5,accessories,img_tights:Image|tights:Noun|shred:Verb|all day comfort:Phrase
ad_01450,2023-11,238.29,672.44,17077,106,1,vest for every pedal,Our vest lets you pedal better.,image,1:1,adult,img_vest:Image
ad_01451,2023-11,158.97,408.16,10295,83,1,premium socks 17 built to descend,"Built for the long haul. Our premium socks combines technical fabrics with a refined fit so you can descend harder and go further, no matter what the forecast brings this season.",image,1:1,commute,img_socks:Image|socks:Noun|descend:Verb
ad_01452,2023-11,145.9,1041.99,10241,151,4,new baselayer collection,Built to gear. Premium baselayer.,image,4:5,adventure,img_baselayer:Image|baselayer:Noun
ad_01453,2023-11,399.84,1406.49,15674,86,1,the tights you 10 need to race,"Engineered for performance on every terrain. Our tights is designed to help you race with total confidence, whether you are on a mountain pass or a city commute through changing weather. 💪",image,1:1,road,img_tights:Image
ad_01454,2023-11,177.21,356.45,6791,42,1,shred further in our shell,Our shell lets you shred better. 🚴,video,9:16,commute,vid_shell:Video|shell:Noun|your spring wardrobe:Phrase
ad_01455,2023-11,179.98,1388.16,10818,110,2,new cap collection,10 Ride ready. Try our cap today.,image,4:5,road,img_cap:Image|cap:Noun|ride in comfort:Phrase
ad_01456,2023-11,214.06,1168.08,15115,225,7,kit for every race,"Lightweight and breathable, this kit keeps you comfortable from the first pedal stroke to the last. Designed for riders who race in all conditions and demand the very best from their gear.",image,4:5,adventure,img_kit:Image|kit:Noun|new arrivals:Phrase
ad_01457,2023-11,250.64,1468.04,19916,143,2,train further in our shell,5 Ride ready. Try our shell today. ⛰️,image,4:5,road,img_shell:Image|shell:Noun
ad_01458,2023-11,251.51,511.93,34622,212,3,cruise further in our shorts,"Built for the long haul. Our premium shorts combines technical fabrics with a refined fit so you can cruise harder and go further, no matter 9 what the forecast brings this season.",image,1:1,adult,img_shorts:Image|shorts:Noun|cruise:Verb
ad_01459,2023-11,423.94,1062.93,12865,51,0,vest for every race,race further in our 9 new vest.,image,4:5,sale,img_vest:Image|vest:Noun|race:Verb
ad_01460,2023-11,77.24,155.44,16624,95,1,bibs for every shred,Our bibs lets you shred better.,image,9:16,mountain,img_bibs:Image|bibs:Noun|shred:Verb
ad_01461,2023-11,202.96,606.72,6418,39,0,the kit 20 you need to train,Our kit lets you train better.,image,1:1,adult,img_kit:Image|train:Verb
ad_01462,2023-11,157.1,409.59,19301,118,1,sprint further in our jacket,Ride ready. Try our jacket today. 🌧️,video,4:5,mountain,vid_jacket:Video|jacket:Noun
ad_01463,2023-11,139.46,147.36,10361,45,0,the cap you need to sprint,sprint further in our new cap.,video,1:1,mountain,vid_cap:Video|sprint:Verb
ad_01464,2023-11,263.22,407.47,13994,76,1,baselayer 4 for every ride,Built to ride. Premium baselayer.,video,9:16,adult,vid_baselayer:Video|baselayer:Noun|ride:Verb|lightweight layers:Phrase
ad_01465,2023-11,363.67,259.7,20712,79,1,the cap you need to explore,"Lightweight and breathable, this cap keeps you comfortable from the first pedal stroke to the last. Designed for riders who explore in all conditions and demand the very best from their gear.",video,1:1,accessories,vid_cap:Video|cap:Noun
ad_01466,2023-11,117.13,817.71,21149,313,10,premium baselayer built to layer,layer further in our new baselayer.,image,1:1,adventure,img_baselayer:Image|baselayer:Noun|built to last:Phrase
ad_01467,2023-11,459.66,494.47,7892,35,0,premium bibs built to shred,Built to shred. Premium bibs.,video,9:16,road,vid_bibs:Video|bibs:Noun
ad_01468,2023-11,70.76,225.22,24380,167,2,the wardrobe 21 you need to explore,Our wardrobe lets you explore better. 🚴,video,4:5,adult,vid_wardrobe:Video|wardrobe:Noun|explore:Verb
ad_01469,2023-11,238.05,271.72,16012,77,1,premium shell built to pedal,"Built for the long haul. Our premium shell combines technical fabrics with a refined fit so you can pedal harder and go further, no matter what the forecast brings this season.",image,9:16,accessories,img_shell:Image|shell:Noun
ad_01470,2023-11,97.9,236.37,30764,195,3,premium cap built to explore,explore further in our new cap.,video,9:16,commute,vid_cap:Video|new arrivals:Phrase
ad_01471,2023-11,113.66,395.27,33906,292,6,the gloves you 2 need to descend,Our gloves lets you descend better.,image,9:16,gravel,img_gloves:Image|descend:Verb
ad_01472,2023-11,173.19,432.17,36446,187,3,the baselayer you need to train,Built to train. Premium baselayer.,image,9:16,adult,img_baselayer:Image|lightweight layers:Phrase
ad_01473,2023-11,131.5,576.29,8009,62,1,premium jacket built to layer,layer further in our new jacket. ❄️,image,1:1,road,img_jacket:Image|jacket:Noun|new arrivals:Phrase
ad_01474,2023-11,29.97,32.73,19964,95,1,gear further in our tights,gear further in our new tights.,video,1:1,road,vid_tights:Video|gear:Verb
ad_01475,2023-11,241.1,555.09,7419,41,1,baselayer for every conquer,"Built for the long haul. Our premium baselayer combines technical fabrics with a refined fit so you can conquer harder and go further, no matter what the forecast brings this season.",image,4:5,accessories,img_baselayer:Image|baselayer:Noun|lightweight layers:Phrase
ad_01476,2023-11,266.71,380.33,31296,143,1,the cap you need to sprint,Ride 2 ready. Try our cap today.,video,9:16,accessories,vid_cap:Video|cap:Noun|sprint:Verb
ad_01477,2023-11,151.67,458.98,33604,325,6,premium jacket built to climb,"Engineered for performance on every terrain. Our jacket is designed to help you climb with total confidence, whether you are on a mountain pass or a city commute through changing weather. ⛰️",image,9:16,commute,img_jacket:Image|jacket:Noun|new arrivals:Phrase
ad_01478,2023-11,144.68,609.57,26624,193,4,premium tights built to conquer,3 Ride ready. Try our tights today.,video,4:5,gravel,vid_tights:Video|tights:Noun
ad_01479,2023-11,133.56,706.9,13203,127,2,10 new baselayer collection,Built to descend. Premium baselayer.,image,4:5,casual,img_baselayer:Image|descend:Verb
ad_01480,2023-11,59.83,132.81,21432,157,3,jersey for every climb,climb further in our new jersey.,video,1:1,gravel,vid_jersey:Video|jersey:Noun|climb:Verb|ride in comfort:Phrase
ad_01481,2023-11,56.15,487.33,12387,123,3,shred 10 further in our shorts,Ride ready. Try our shorts today. ⛰️,image,4:5,adult,img_shorts:Image|shorts:Noun|built to last:Phrase
ad_01482,2023-11,270.56,287.54,16439,48,0,20 the kit you need to descend,"Lightweight and breathable, this kit keeps you comfortable from the first pedal stroke to the last. Designed for riders who descend 25 in all conditions and demand the very best from their gear.",video,1:1,sale,vid_kit:Video|kit:Noun
ad_01483,2023-11,316.44,531.7,15591,150,3,25 premium armwarmers built to descend,"Lightweight and breathable, this armwarmers keeps you comfortable from the first pedal stroke to the last. Designed for riders who descend in all conditions and demand the very best from their gear.",video,9:16,commute,vid_armwarmers:Video|armwarmers:Noun|descend:Verb|adventure awaits:Phrase
ad_01484,2023-11,238.99,719.09,6011,52,1,gloves for 19 every layer,"Built for the long haul. Our premium 6 gloves combines technical fabrics with a refined fit so you can layer harder and go further, no matter what the forecast brings this season.",image,9:16,urban,img_gloves:Image|gloves:Noun
ad_01485,2023-11,209.74,632.67,10892,62,1,the shorts you need to gear,Ride ready. Try our shorts today.,image,4:5,mountain,img_shorts:Image|shorts:Noun
ad_01486,2023-11,267.19,1238.15,50815,420,7,the cap you need to cruise,"Lightweight and breathable, this cap keeps you comfortable from the 8 first pedal stroke to the last. Designed for riders who cruise in all conditions and demand the very best from their gear.",image,4:5,commute,img_cap:Image|cap:Noun
ad_01487,2023-11,256.72,1181.64,15634,156,4,new gloves collection,gear further in our 9 new gloves.,image,1:1,adventure,img_gloves:Image|gear:Verb
ad_01488,2023-11,104.3,185.86,17688,76,1,the shorts you need to shred,Our shorts lets you shred better.,image,9:16,mountain,img_shorts:Image|shred:Verb
ad_01489,2023-11,190.91,606.82,16256,111,2,new 23 socks collection,Our socks lets you gear better. 🏔️,video,9:16,road,vid_socks:Video|socks:Noun|cold weather essentials:Phrase
ad_01490,2023-11,139.86,804.14,13297,119,2,premium 21 cap built to push,Built to push. 25 Premium cap. 🚴,image,1:1,mountain,img_cap:Image|push:Verb|trail tested:Phrase
ad_01491,2023-11,140.98,941.6,16624,129,2,2 jacket for every explore,Ride ready. 23 Try our jacket today.,image,4:5,accessories,img_jacket:Image|jacket:Noun
ad_01492,2023-11,331.11,344.63,13320,61,1,premium baselayer built to train,"Built for the long haul. Our premium baselayer combines technical fabrics with a refined fit so you can train harder and go further, no matter what the forecast brings this season.",video,1:1,road,vid_baselayer:Video|gear up for summer:Phrase
ad_01493,2023-11,429.71,507.73,5214,26,0,premium armwarmers built to descend,"Lightweight and breathable, this armwarmers keeps you comfortable from the first pedal stroke to the last. Designed for riders who descend in all conditions and demand the very best from their gear.",image,9:16,adult,img_armwarmers:Image
ad_01494,2023-11,40.87,114.02,24189,171,2,pedal further in 26 our tights,"Engineered for performance on every terrain. Our tights is designed to help you pedal with total confidence, whether you are on a mountain pass or a city commute through changing weather. 🚴",image,1:1,adult,img_tights:Image|pedal:Verb|all day comfort:Phrase
ad_01495,2023-11,143.35,295.53,36569,203,2,14 new gloves collection,Ride ready. Try our gloves today.,image,9:16,mountain,img_gloves:Image|conquer:Verb
ad_01496,2023-11,138.91,450.28,9122,78,1,2 train further in our shorts,train further in our new shorts.,video,1:1,commute,vid_shorts:Video|shorts:Noun|built to last:Phrase
ad_01497,2023-11,335.36,1124.14,13281,117,2,18 gloves for every pedal,"Built for the long haul. Our premium gloves combines technical fabrics with a refined fit so you can pedal harder and go further, no matter what the forecast brings this season.",image,1:1,gravel,img_gloves:Image|gloves:Noun|pedal:Verb|gear up for summer:Phrase
ad_01498,2023-11,69.97,217.71,34562,286,4,13 new cap collection,"Built for the long haul. Our premium cap combines technical fabrics with a refined fit so you can pedal harder and go further, no matter what the forecast brings this season.",image,9:16,gravel,img_cap:Image|cap:Noun
ad_01499,2023-11,27.79,314.24,11101,161,4,climb further in 11 our baselayer,Built to climb. Premium baselayer.,image,4:5,adventure,img_baselayer:Image|baselayer:Noun|climb:Verb|all day comfort:Phrase
ad_01500,2023-11,273.38,1354.88,19819,211,6,layer further in our wardrobe,Built to layer. Premium wardrobe.,image,4:5,adventure,img_wardrobe:Image|wardrobe:Noun
ad_01501,2023-11,297.7,1834.6,142057,1382,36,train further in our jersey,train 13 further in our new jersey.,image,1:1,adventure,img_jersey:Image|train:Verb
ad_01502,2023-11,57.28,276.9,22397,147,2,the gloves you need 29 to train,Ride ready. Try our gloves today.,image,4:5,sale,img_gloves:Image|gloves:Noun|new arrivals:Phrase
ad_01503,2023-11,155.04,377.52,16898,131,2,new 9 vest collection,"Built for the long haul. Our premium vest combines technical fabrics with a refined fit so you can sprint harder and go further, no matter what the forecast brings this season.",video,1:1,commute,vid_vest:Video|gear up for summer:Phrase
ad_01504,2023-11,418.4,1666.18,25371,323,7,vest for every explore,Built 18 to explore. Premium vest.,video,1:1,adventure,vid_vest:Video|explore:Verb|ride in comfort:Phrase
ad_01505,2023-11,87.49,158.08,24074,162,2,sprint further in our baselayer,"Built for the long haul. Our premium baselayer combines technical fabrics with a refined fit so you can sprint harder and go further, no matter what the forecast brings this season.",image,9:16,mountain,img_baselayer:Image|baselayer:Noun|new arrivals:Phrase
ad_01506,2023-11,177.5,1951.06,11724,184,6,the shorts you need to descend,Built to 12 descend. Premium shorts.,image,4:5,adventure,img_shorts:Image|your spring wardrobe:Phrase
ad_01507,2023-11,226.58,837.38,6852,43,1,the tights you need to explore,2 explore further in our new tights.,video,4:5,urban,vid_tights:Video|tights:Noun
ad_01508,2023-11,70.93,232.35,21971,131,2,armwarmers for 15 every gear,gear further in our new armwarmers.,image,9:16,mountain,img_armwarmers:Image|armwarmers:Noun|lightweight layers:Phrase
ad_01509,2023-11,119.11,565.05,23682,100,1,gear further 19 in our cap,Ride 16 ready. Try our cap today.,image,4:5,sale,img_cap:Image|cap:Noun|gear:Verb
ad_01510,2023-11,60.57,215.66,14070,74,1,27 the kit you need to sprint,Built to sprint. Premium kit. ⛰️,video,4:5,road,vid_kit:Video|kit:Noun|sprint:Verb|all day comfort:Phrase
ad_01511,2023-11,151.35,434.37,37165,181,2,the socks you need to gear,Our socks lets you gear better.,image,4:5,sale,img_socks:Image|socks:Noun|gear:Verb|gear up for summer:Phrase
ad_01512,2023-11,103.93,770.56,33621,288,5,13 the gloves you need to sprint,Built to sprint. Premium gloves. 💪,image,4:5,adult,img_gloves:Image|gloves:Noun
ad_01513,2023-11,189.22,702.5,24047,169,3,22 kit for every push,Our kit lets you push better.,image,9:16,casual,img_kit:Image|kit:Noun|push:Verb
ad_01514,2023-11,244.5,731.88,14203,107,2,explore further 8 in our shorts,explore further in our new shorts.,video,4:5,urban,vid_shorts:Video|shorts:Noun|explore:Verb|lightweight layers:Phrase
ad_01515,2023-11,384.33,653.07,5739,30,0,20 shred further in our kit,"Lightweight and breathable, this kit keeps you comfortable from the first pedal stroke to the last. Designed for riders who shred in all conditions and demand the very best from their gear.",video,4:5,adult,vid_kit:Video|shred:Verb
ad_01516,2023-11,677.01,1577.55,14963,98,1,new jersey collection,train further in our new jersey.,image,1:1,mountain,img_jersey:Image|jersey:Noun
ad_01517,2023-11,189.23,595.62,6519,40,1,tights for 22 every train,train further in our new tights. 🔥,image,9:16,road,img_tights:Image|train:Verb
ad_01518,2023-11,138.15,808.76,5024,35,1,14 new shorts collection,Our shorts lets you shred better.,image,4:5,road,img_shorts:Image|all day comfort:Phrase
ad_01519,2023-11,133.42,307.33,22564,116,1,premium bibs built to descend,"Built for the long haul. Our premium bibs combines technical fabrics with a refined fit so you can descend harder and go further, no matter what the forecast brings this season.",image,4:5,mountain,img_bibs:Image|descend:Verb
ad_01520,2023-11,93.63,125.07,29339,198,3,tights for every conquer,Ride ready. Try our tights today.,video,9:16,gravel,vid_tights:Video|tights:Noun|conquer:Verb
ad_01521,2023-11,218.59,835.55,6156,55,1,new bibs collection,Built to push. Premium bibs. 💪,image,9:16,commute,img_bibs:Image|bibs:Noun|push:Verb|trail tested:Phrase
ad_01522,2023-11,124.14,364.11,14361,78,1,22 shorts for every race,Our shorts lets you race better. 🏔️,image,9:16,mountain,img_shorts:Image|shorts:Noun|race:Verb
ad_01523,2023-11,227.96,960.78,16184,99,1,20 premium socks built to layer,layer further in our new socks.,image,4:5,accessories,img_socks:Image|socks:Noun|layer:Verb
ad_01524,2023-11,95.44,499.04,14106,112,2,19 cruise further in our gloves,Built to cruise. Premium gloves.,image,4:5,commute,img_gloves:Image|gloves:Noun|cruise:Verb
ad_01525,2023-11,126.3,680.99,8195,61,1,the vest you need to conquer,Built to 25 conquer. Premium vest.,image,4:5,road,img_vest:Image|conquer:Verb|built to last:Phrase
ad_01526,2023-11,216.53,464.34,31763,288,4,descend further in our cap,Our cap lets you descend better.,video,1:1,gravel,vid_cap:Video|cap:Noun|trail tested:Phrase
ad_01527,2023-11,154.99,180.9,8309,40,0,4 new shorts collection,"Engineered for performance on every terrain. Our shorts is designed to help you climb with total confidence, whether you are on a mountain pass or a city commute through changing weather.",video,9:16,mountain,vid_shorts:Video|shorts:Noun|climb:Verb|gravel ready:Phrase
ad_01528,2023-11,52.78,152.74,6161,57,1,the baselayer you need to descend,Our baselayer lets you descend better. 🌧️,video,1:1,commute,vid_baselayer:Video|adventure awaits:Phrase
ad_01529,2023-11,165.54,229.11,8212,39,0,socks for every explore,Ride ready. Try our socks today.,video,1:1,road,vid_socks:Video|your spring wardrobe:Phrase
ad_01530,2023-11,103.26,379.23,20769,163,3,armwarmers 9 for every layer,"Lightweight and breathable, this armwarmers keeps you comfortable from the first pedal stroke to the last. Designed for riders who layer in all conditions and demand the very best from their gear.",video,4:5,urban,vid_armwarmers:Video|armwarmers:Noun|ride in comfort:Phrase
ad_01531,2023-11,339.4,342.8,14284,82,1,the wardrobe you need to shred,"Built for the long haul. Our premium wardrobe combines technical fabrics with a refined fit so you can shred harder and go further, no matter what the forecast brings this season.",video,1:1,road,vid_wardrobe:Video|shred:Verb|ride in comfort:Phrase
ad_01532,2023-11,299.16,1341.08,11108,101,2,premium gloves built to sprint,Ride ready. Try our 19 gloves today. ☀️,video,1:1,adventure,vid_gloves:Video
ad_01533,2023-11,42.46,174.18,21255,231,6,29 vest for every conquer,Our vest lets you conquer better.,video,1:1,gravel,vid_vest:Video|new arrivals:Phrase
ad_01534,2023-11,270.21,280.54,19280,92,1,bibs for every cruise,Built to cruise. Premium bibs.,video,1:1,accessories,vid_bibs:Video|bibs:Noun|cruise:Verb|all day comfort:Phrase
ad_01535,2023-11,211.01,593.89,5151,30,0,new vest collection,Our 19 vest lets you explore better.,video,4:5,mountain,vid_vest:Video|explore:Verb|race day ready:Phrase
ad_01536,2023-11,68.57,111.48,21148,132,2,the bibs you need to race,race further 17 in our new bibs.,video,9:16,casual,vid_bibs:Video|race:Verb
ad_01537,2023-11,282.96,1128.55,29470,263,5,the armwarmers you need to ride,"Built for the long haul. Our premium armwarmers combines technical fabrics with a refined fit so you can ride harder and go further, no matter what the forecast brings this season.",image,4:5,gravel,img_armwarmers:Image|armwarmers:Noun
ad_01538,2023-11,77.51,255.27,15351,87,1,new shorts collection,race further in our new shorts.,image,4:5,accessories,img_shorts:Image|shorts:Noun|race:Verb|all day comfort:Phrase
ad_01539,2023-11,332.14,650.3,14517,131,2,the gloves you need to gear,Ride ready. Try our gloves today.,video,1:1,adventure,vid_gloves:Video|gloves:Noun|gear:Verb
ad_01540,2023-11,113.36,738.68,42086,323,6,the cap you need 29 to gear,gear further in our new cap. ⛰️,image,4:5,urban,img_cap:Image|gear:Verb
ad_01541,2023-11,67.19,276.0,11449,76,1,vest for every descend,Ride ready. Try our vest today.,image,4:5,accessories,img_vest:Image|vest:Noun|built to last:Phrase
ad_01542,2023-11,596.31,1071.15,15028,54,1,tights for every conquer,Ride 18 ready. Try our tights today.,video,4:5,sale,vid_tights:Video|tights:Noun|trail tested:Phrase
ad_01543,2023-11,66.06,227.88,19264,165,4,tights for every explore,Our tights lets you explore better.,video,4:5,gravel,vid_tights:Video|explore:Verb|new arrivals:Phrase
ad_01544,2023-11,103.0,313.22,16726,114,2,new cap collection,Ride ready. Try 7 our cap today.,video,4:5,casual,vid_cap:Video|cap:Noun|sprint:Verb
ad_01545,2023-11,115.86,291.79,14248,105,2,explore further in our vest,Our vest lets you explore better.,video,1:1,commute,vid_vest:Video|gear up for summer:Phrase
ad_01546,2023-11,127.09,203.99,17071,81,1,premium armwarmers built to push,"Built for the long haul. Our premium armwarmers combines technical fabrics 25 with a refined fit so you can push harder and go further, no matter what the forecast brings this season.",video,1:1,urban,vid_armwarmers:Video
ad_01547,2023-11,254.06,1812.7,35775,332,8,24 ride further in our socks,Our socks lets you ride better.,image,4:5,commute,img_socks:Image|socks:Noun
ad_01548,2023-11,172.96,374.45,24449,152,2,new jacket collection,shred further in our new jacket.,image,1:1,road,img_jacket:Image|jacket:Noun
ad_01549,2023-11,305.18,818.05,15728,117,2,new shell collection,Our shell lets you race better. ❄️,image,9:16,casual,img_shell:Image|shell:Noun|race:Verb
ad_01550,2023-11,208.82,303.0,10599,56,1,premium bibs built to shred,Built to shred. Premium bibs.,image,9:16,accessories,img_bibs:Image
ad_01551,2023-11,61.22,669.64,11328,193,8,premium shorts built to push,Built to push. Premium shorts.,image,4:5,adventure,img_shorts:Image|shorts:Noun|adventure awaits:Phrase
ad_01552,2023-11,232.35,277.36,26256,172,2,climb further in our gloves,"Built for the long haul. Our premium gloves combines technical fabrics with a refined fit so you can climb harder and go further, no matter what the forecast brings this season. 🏔️",video,1:1,mountain,vid_gloves:Video|gloves:Noun|climb:Verb|new arrivals:Phrase
ad_01553,2023-11,192.21,380.98,7360,49,1,new baselayer collection,"Engineered for performance on 5 every terrain. Our baselayer is designed to help you train with total confidence, whether you are on a mountain pass or a city commute through changing weather.",image,9:16,urban,img_baselayer:Image|baselayer:Noun|train:Verb
ad_01554,2023-11,114.84,203.41,54291,296,3,the baselayer you need to layer,"Built for the long haul. Our premium baselayer combines technical fabrics with a refined fit so you can layer harder and go further, no 14 matter what the forecast brings this season.",video,1:1,mountain,vid_baselayer:Video|baselayer:Noun|trail tested:Phrase
ad_01555,2023-11,579.72,2021.26,16069,96,2,shell for every push,Our shell lets you push better.,image,4:5,mountain,img_shell:Image|shell:Noun
ad_01556,2023-11,240.65,1044.22,8195,74,2,tights for 26 every cruise,Our tights lets you cruise better.,image,9:16,adventure,img_tights:Image|tights:Noun|cruise:Verb
ad_01557,2023-11,293.93,3975.35,17881,287,11,14 new tights collection,"Built for the long haul. Our premium tights combines 16 technical fabrics with a refined fit so you can descend harder and go further, no matter what the forecast brings this season.",image,4:5,adventure,img_tights:Image|built to last:Phrase
ad_01558,2023-11,300.14,1010.57,10940,80,1,premium gloves built to cruise,Our gloves lets you cruise better.,image,1:1,commute,img_gloves:Image|gloves:Noun
ad_01559,2023-11,129.84,97.13,13240,70,1,race further in our baselayer,"Lightweight and breathable, this baselayer keeps you comfortable from the first pedal stroke to the last. Designed for riders who race in all conditions and demand the very best from their gear.",video,9:16,casual,vid_baselayer:Video|baselayer:Noun|race:Verb
ad_01560,2023-11,244.29,503.47,7671,67,1,premium wardrobe built to shred,"Lightweight and breathable, this wardrobe keeps you comfortable from the first pedal stroke to the last. Designed for riders who shred in all conditions and demand the very best from their gear.",video,4:5,gravel,vid_wardrobe:Video|shred:Verb|gear up for summer:Phrase
ad_01561,2023-11,201.93,759.69,14490,98,2,shorts for every train,train further in our new shorts. ⛰️,image,1:1,adult,img_shorts:Image|shorts:Noun|built to last:Phrase
ad_01562,2023-11,119.59,785.7,5649,70,2,shorts for every conquer,Ride ready. Try our shorts today.,image,4:5,gravel,img_shorts:Image|shorts:Noun|conquer:Verb|adventure awaits:Phrase
ad_01563,2023-11,80.27,318.0,12096,90,1,4 the bibs you need to gear,Ride ready. Try our bibs today.,image,9:16,road,img_bibs:Image|bibs:Noun|ride in comfort:Phrase
ad_01564,2023-11,169.5,242.99,10795,59,1,gloves for every descend,"Engineered for performance on every terrain. Our gloves is designed to help you descend with total confidence, whether you are on a mountain pass or a city commute through changing weather.",image,1:1,accessories,img_gloves:Image
ad_01565,2023-11,237.57,280.22,12700,76,1,premium cap built to shred,shred further in our new cap.,video,9:16,road,vid_cap:Video|shred:Verb|ride in comfort:Phrase
ad_01566,2023-11,168.69,458.8,11141,103,2,premium gloves built to ride,14 Our gloves lets you ride better.,video,1:1,adventure,vid_gloves:Video|gloves:Noun|ride:Verb
ad_01567,2023-11,149.74,307.38,16606,116,2,new socks collection,descend further in our new socks.,video,4:5,casual,vid_socks:Video
ad_01568,2023-11,169.82,171.19,25451,145,2,the shorts you need to race,"Lightweight and breathable, this shorts keeps you comfortable from the first pedal stroke to the last. Designed for riders who race in all conditions and demand the very best from their gear.",video,9:16,mountain,vid_shorts:Video|shorts:Noun|race:Verb|cold weather essentials:Phrase
ad_01569,2023-11,140.63,392.81,19552,125,2,new 29 kit collection,Built to 26 conquer. Premium kit. 💪,video,1:1,road,vid_kit:Video|kit:Noun|conquer:Verb
ad_01570,2023-11,423.23,2704.63,31262,275,6,bibs for 15 every descend,descend further in 7 our new bibs.,image,1:1,casual,img_bibs:Image|bibs:Noun
ad_01571,2023-11,196.46,394.52,12724,58,1,new bibs collection,Ride ready. Try our bibs today.,image,1:1,accessories,img_bibs:Image|bibs:Noun|climb:Verb
ad_01572,2023-11,124.77,353.04,19204,104,1,new bibs collection,Ride ready. Try our bibs today.,image,4:5,accessories,img_bibs:Image|bibs:Noun|layer:Verb
ad_01573,2023-11,56.46,146.51,19586,140,2,the cap you need to sprint,Ride ready. Try our cap today.,image,1:1,mountain,img_cap:Image|lightweight layers:Phrase
ad_01574,2023-11,148.41,264.93,29038,176,2,the baselayer you need to explore,"Built for the long haul. Our premium baselayer combines technical fabrics with a refined fit so you can explore harder and go further, no matter what the forecast brings this season.",image,9:16,urban,img_baselayer:Image|baselayer:Noun
ad_01575,2023-11,118.18,255.22,11331,66,1,the cap you need to race,Our cap lets you 15 race better.,video,1:1,casual,vid_cap:Video|cap:Noun|race:Verb
ad_01576,2023-11,115.58,140.82,24220,149,2,baselayer for every conquer,"Engineered for performance on every terrain. Our baselayer is designed to help you conquer with total confidence, whether you are on a mountain pass or a city commute through changing weather.",video,1:1,adult,vid_baselayer:Video|new arrivals:Phrase
ad_01577,2023-11,294.09,2441.71,10635,137,3,shell 18 for every pedal,16 Built to pedal. Premium shell. ⛰️,image,1:1,adventure,img_shell:Image|shell:Noun|pedal:Verb
ad_01578,2023-11,175.24,456.37,12278,54,0,premium socks built to layer,Our socks 9 lets you layer better.,image,9:16,sale,img_socks:Image|socks:Noun|layer:Verb|new arrivals:Phrase
ad_01579,2023-11,60.88,116.68,13646,72,1,cruise further in our shorts,"15 Built for the long haul. Our premium shorts combines technical fabrics with a refined fit so you can cruise harder and go further, no matter what the forecast brings this season.",video,1:1,urban,vid_shorts:Video
ad_01580,2023-11,242.16,203.32,20478,105,1,the kit you need to layer,"Lightweight and breathable, this kit keeps you comfortable from the first pedal stroke to the last. Designed for riders who layer in all conditions and demand the very best from their gear.",video,1:1,urban,vid_kit:Video|kit:Noun|layer:Verb
ad_01581,2023-11,64.66,131.55,9481,50,1,new 25 bibs collection,ride further in 20 our new bibs.,video,9:16,adult,vid_bibs:Video|bibs:Noun
ad_01582,2023-11,253.23,1890.56,10165,130,3,27 premium socks built to layer,Ride ready. Try our socks today.,image,1:1,adventure,img_socks:Image|socks:Noun
ad_01583,2023-11,125.62,283.45,11825,69,1,premium gloves built to gear,"Engineered for performance on every terrain. Our gloves is designed to help you gear with total confidence, whether you are on a mountain pass or a city commute through changing weather.",image,4:5,accessories,img_gloves:Image
ad_01584,2023-11,176.0,1030.59,16726,182,4,baselayer for 28 every conquer,Built to conquer. Premium baselayer.,image,4:5,gravel,img_baselayer:Image|baselayer:Noun|conquer:Verb
ad_01585,2023-11,164.58,175.98,10223,29,0,premium 16 armwarmers built to sprint,Our armwarmers lets you sprint better. 🏔️,video,1:1,sale,vid_armwarmers:Video|sprint:Verb
ad_01586,2023-11,152.85,302.03,18630,107,1,the shell you need to layer,"Engineered for performance on every terrain. Our shell is designed to help you layer with total confidence, whether you are on a mountain pass or a city commute through changing weather.",image,1:1,urban,img_shell:Image|shell:Noun|layer:Verb
ad_01587,2023-11,189.43,498.15,13652,91,1,12 gear further in our cap,"Built for the long haul. Our premium cap combines technical fabrics with a refined fit so you can gear harder and go further, no matter what the forecast brings this season.",image,4:5,road,img_cap:Image|cap:Noun|gear:Verb
ad_01588,2023-11,175.47,253.06,22685,123,1,sprint further in 9 our tights,"Built for the long haul. Our premium tights combines technical fabrics with a refined fit so you can sprint harder and go further, no matter what the forecast brings this season.",image,9:16,road,img_tights:Image|sprint:Verb
ad_01589,2023-11,512.94,799.28,16848,56,0,the shorts you need to pedal,pedal further in our new shorts. 🌧️,image,9:16,sale,img_shorts:Image|shorts:Noun|pedal:Verb|all day comfort:Phrase
ad_01590,2023-11,191.08,325.7,39206,152,2,premium shorts built to push,Our shorts lets you push better.,video,4:5,accessories,vid_shorts:Video
ad_01591,2023-11,193.76,688.16,17346,131,2,jacket for every gear,Built to gear. Premium jacket.,image,1:1,commute,img_jacket:Image|jacket:Noun|gear:Verb|lightweight layers:Phrase
ad_01592,2023-11,109.14,408.55,8878,59,1,the socks you need to pedal,pedal further in our new socks.,image,4:5,adult,img_socks:Image
ad_01593,2023-11,209.95,160.85,14679,59,0,premium armwarmers built to pedal,"Lightweight and breathable, this armwarmers keeps you comfortable from the first pedal stroke to the last. Designed for riders who pedal in all conditions and demand the very best from their gear.",video,9:16,mountain,vid_armwarmers:Video
ad_01594,2023-11,90.39,197.96,16500,83,1,premium cap built to shred,"Built for the long haul. Our premium cap combines technical fabrics with 20 a refined fit so you can shred harder and go further, no matter what the forecast brings this season.",image,1:1,road,img_cap:Image|cap:Noun
ad_01595,2023-11,333.08,1385.02,10365,91,2,socks for every sprint,sprint further in our new socks.,image,1:1,adventure,img_socks:Image|socks:Noun|sprint:Verb
ad_01596,2023-11,68.56,259.81,34859,247,4,the jersey you need to train,Ride ready. Try our jersey today. ☀️,image,1:1,gravel,img_jersey:Image|jersey:Noun|train:Verb
ad_01597,2023-11,100.7,359.9,13982,92,2,shell for every layer,Ride ready. Try our shell today.,video,4:5,accessories,vid_shell:Video|shell:Noun|adventure awaits:Phrase
ad_01598,2023-11,62.86,236.08,11828,109,2,the gloves you need to pedal,pedal further in our new gloves.,image,9:16,adventure,img_gloves:Image|gloves:Noun|pedal:Verb
ad_01599,2023-11,214.89,975.21,17877,172,4,the jersey you need to cruise,Our jersey lets you cruise better.,image,1:1,casual,img_jersey:Image|cruise:Verb|new arrivals:Phrase
ad_01600,2023-11,129.54,382.75,10378,92,1,armwarmers for every train,train further in 4 our new armwarmers.,image,9:16,casual,img_armwarmers:Image|armwarmers:Noun|train:Verb
ad_01601,2023-11,252.11,355.01,26468,103,1,jacket for every layer,Ride ready. Try our jacket today. 🔥,image,9:16,sale,img_jacket:Image|jacket:Noun
ad_01602,2023-11,93.03,298.18,23938,254,4,new baselayer collection,Ride ready. Try our baselayer today.,image,9:16,adventure,img_baselayer:Image|baselayer:Noun|sprint:Verb
ad_01603,2023-11,229.8,484.57,17428,106,1,the jacket you need to conquer,Ride ready. Try our jacket today.,image,1:1,road,img_jacket:Image|jacket:Noun
ad_01604,2023-11,236.56,338.07,21945,118,1,new shell collection,"Engineered for performance on every terrain. Our shell is designed to help you train with total confidence, whether you are on a mountain pass or a city commute through changing weather.",image,9:16,mountain,img_shell:Image|shell:Noun|train:Verb|your spring wardrobe:Phrase
ad_01605,2023-11,189.69,920.16,12717,122,3,the shell you need to sprint,Our shell lets you sprint better. 🔥,image,9:16,adventure,img_shell:Image|shell:Noun
ad_01606,2023-11,170.18,529.68,7701,41,0,new 16 kit collection,explore further in our new kit. ❄️,image,1:1,sale,img_kit:Image|kit:Noun|explore:Verb|new arrivals:Phrase
ad_01607,2023-11,181.39,1371.04,13873,223,9,the cap you need to sprint,Built to sprint. 3 Premium cap.,video,4:5,adventure,vid_cap:Video|cold weather essentials:Phrase
ad_01608,2023-11,96.73,272.44,12705,77,1,explore 27 further in our bibs,Our bibs lets you explore better.,image,9:16,adult,img_bibs:Image|explore:Verb|lightweight layers:Phrase
ad_01609,2023-11,87.63,114.21,5897,35,0,bibs for every pedal,Our bibs lets you pedal better.,video,1:1,urban,vid_bibs:Video|pedal:Verb
ad_01610,2023-11,231.51,689.06,9620,108,3,premium shell built to cruise,Built to cruise. Premium shell.,video,4:5,adventure,vid_shell:Video|shell:Noun|cruise:Verb
ad_01611,2023-11,133.9,555.12,8825,62,1,25 jacket for every gear,Our jacket lets you gear better.,image,4:5,mountain,img_jacket:Image|gear:Verb
ad_01612,2023-11,219.28,458.66,9640,57,1,jacket for every race,"Lightweight and breathable, this jacket keeps you comfortable from the first pedal stroke to the last. Designed for riders who race in all conditions and demand the very best from their gear.",image,1:1,mountain,img_jacket:Image|jacket:Noun|race:Verb|new arrivals:Phrase
ad_01613,2023-11,423.65,1592.02,31799,183,3,the 13 shell you need to train,Ride ready. Try our shell today.,image,1:1,road,img_shell:Image|shell:Noun
ad_01614,2023-11,126.98,187.36,21089,90,1,cruise further in our cap,"Built for the long haul. Our premium cap combines technical fabrics with a refined fit so you can cruise harder and go further, no matter what the forecast brings this season. 🔥",image,9:16,accessories,img_cap:Image|cap:Noun|cruise:Verb
ad_01615,2023-11,116.54,277.38,26450,105,1,kit 9 for every shred,shred further 13 in our new kit.,image,9:16,sale,img_kit:Image|kit:Noun|shred:Verb
ad_01616,2023-11,137.52,274.72,21064,129,2,new vest collection,Built to push. Premium vest.,image,1:1,sale,img_vest:Image|vest:Noun|push:Verb|cold weather essentials:Phrase
ad_01617,2023-11,171.01,257.94,28058,95,1,premium jersey 7 built to conquer,Ride ready. 24 Try our jersey today.,video,9:16,sale,vid_jersey:Video|jersey:Noun|all day comfort:Phrase
ad_01618,2023-11,241.48,1754.88,16547,147,3,baselayer for every ride,ride further in our 12 new baselayer.,image,4:5,urban,img_baselayer:Image|baselayer:Noun
ad_01619,2023-11,164.23,254.06,34834,106,1,premium cap built to pedal,Ride ready. 23 Try our cap today. 🏔️,video,1:1,sale,vid_cap:Video|cap:Noun
ad_01620,2023-11,581.4,1800.9,8820,61,1,premium socks built 4 to push,Built to push. Premium socks.,image,9:16,urban,img_socks:Image|socks:Noun
ad_01621,2023-11,215.04,873.15,15782,157,3,new bibs collection,Ride ready. Try our bibs today. 💪,image,1:1,commute,img_bibs:Image|train:Verb|built to last:Phrase
ad_01622,2023-11,266.88,1390.62,9780,72,1,shell for every push,Built to push. Premium shell. ☀️,image,4:5,accessories,img_shell:Image|shell:Noun|push:Verb|ride in comfort:Phrase
ad_01623,2023-11,163.4,282.5,30375,130,1,cap for every explore,Ride ready. Try our cap today.,video,4:5,road,vid_cap:Video|cap:Noun|explore:Verb
ad_01624,2023-11,306.56,519.91,20139,118,1,12 new tights collection,"Engineered for performance on every terrain. Our tights is designed to help you cruise with total confidence, whether you are on a mountain pass or a city commute through changing weather. 🏔️",video,1:1,mountain,vid_tights:Video|tights:Noun|cruise:Verb|all day comfort:Phrase
ad_01625,2023-11,147.7,758.54,29551,202,4,climb further in our tights,Built to 23 climb. Premium tights.,image,4:5,urban,img_tights:Image|tights:Noun|climb:Verb
ad_01626,2023-11,113.5,340.98,8093,49,1,the shorts you 28 need to race,Our shorts lets you race better.,video,4:5,mountain,vid_shorts:Video
ad_01627,2023-11,287.59,617.55,12080,77,1,9 the cap you need to sprint,"Lightweight and breathable, this cap keeps you comfortable from the first pedal stroke to the last. Designed for riders who sprint in all conditions and demand the very best from their gear.",image,9:16,casual,img_cap:Image|sprint:Verb
ad_01628,2023-11,161.41,228.21,6691,36,1,tights for every train,Ride ready. Try our tights today.,video,1:1,mountain,vid_tights:Video|train:Verb|ride in comfort:Phrase
ad_01629,2023-11,193.54,317.45,19558,79,1,race further in our shell,race further in our new shell.,image,9:16,road,img_shell:Image|shell:Noun|race:Verb
ad_01630,2023-11,301.1,843.9,13180,107,2,7 premium shorts built to gear,"Engineered for performance on every terrain. Our shorts is designed to help you gear with total confidence, whether you are on a mountain pass or a city commute through changing weather.",image,9:16,urban,img_shorts:Image|built to last:Phrase
ad_01631,2023-11,181.58,384.21,23821,140,2,the shell you need to train,"Built for the long haul. Our premium shell combines technical fabrics with a refined fit so you can train harder and go further, no matter what the forecast brings this season.",image,1:1,adult,img_shell:Image|shell:Noun|gravel ready:Phrase
ad_01632,2023-11,152.74,698.2,16587,148,3,new bibs collection,Built to pedal. Premium bibs. 🌧️,image,1:1,commute,img_bibs:Image|bibs:Noun|race day ready:Phrase
ad_01633,2023-11,121.16,393.13,5628,35,0,cap for every ride,Ride ready. Try 15 our cap today.,image,1:1,mountain,img_cap:Image|cap:Noun
ad_01634,2023-11,315.87,331.43,7118,25,0,new kit collection,Built to race. 29 Premium kit.,video,1:1,sale,vid_kit:Video|kit:Noun|race:Verb
ad_01635,2023-11,136.09,82.05,17013,61,0,pedal further in our gloves,Ride ready. Try our gloves today.,video,9:16,sale,vid_gloves:Video|gloves:Noun|pedal:Verb
ad_01636,2023-11,162.01,440.73,20607,107,1,premium baselayer built to train,Our baselayer 9 lets you train better.,image,9:16,mountain,img_baselayer:Image|baselayer:Noun
ad_01637,2023-11,198.44,916.83,5390,47,1,gear further in our vest,Ride ready. Try our vest today.,image,4:5,commute,img_vest:Image|vest:Noun
ad_01638,2023-11,197.94,1226.92,15659,151,3,the 25 tights you need to descend,Our tights lets you descend better.,image,4:5,commute,img_tights:Image|tights:Noun|descend:Verb
ad_01639,2023-11,306.9,848.56,9817,70,1,18 train further in our bibs,"Built for the long haul. Our premium bibs combines technical fabrics with a refined fit so you can train harder and go further, no matter what the forecast brings this season.",video,4:5,commute,vid_bibs:Video|bibs:Noun
ad_01640,2023-11,160.2,515.2,9371,54,1,wardrobe for 25 every descend,Our wardrobe lets you descend better.,image,1:1,road,img_wardrobe:Image|wardrobe:Noun
ad_01641,2023-11,381.51,1133.16,11767,91,1,cap for every race,"Lightweight and breathable, this cap keeps you comfortable from the first pedal stroke to the last. Designed for riders who race in all conditions and demand the very best from their gear.",image,4:5,commute,img_cap:Image|race:Verb
ad_01642,2023-11,143.89,183.94,17366,78,1,premium jersey built to train,Our jersey lets you train better.,video,1:1,mountain,vid_jersey:Video|jersey:Noun
ad_01643,2023-11,208.67,150.72,11467,32,0,new kit collection,Built to ride. Premium kit.,video,1:1,sale,vid_kit:Video|ride:Verb
ad_01644,2023-11,149.61,140.76,6048,23,0,new jacket collection,"Engineered for performance on every terrain. Our jacket is designed to help you push with total confidence, whether you are on a mountain pass or a city commute through changing weather.",video,1:1,road,vid_jacket:Video
ad_01645,2023-11,586.52,3295.45,17298,178,3,premium vest built to conquer,Our vest lets you conquer better.,image,4:5,casual,img_vest:Image|vest:Noun|ride in comfort:Phrase
ad_01646,2023-11,135.36,266.24,13700,85,1,premium jacket built to ride,"Built for the long haul. Our premium jacket combines technical fabrics with a refined fit so you can ride harder and go further, no matter what the forecast brings this season.",image,1:1,adult,img_jacket:Image|jacket:Noun|your spring wardrobe:Phrase
ad_01647,2023-11,142.91,146.45,10213,62,1,the gloves you need to push,"Lightweight and breathable, this gloves keeps you comfortable from the first pedal stroke to the last. Designed for riders who push in all conditions and demand the very best from their gear. 🌧️",video,1:1,road,vid_gloves:Video|push:Verb|gear up for summer:Phrase
ad_01648,2023-11,178.96,346.54,13997,75,1,premium gloves built to train,Ride ready. Try our gloves today.,image,1:1,mountain,img_gloves:Image|gloves:Noun|train:Verb
ad_01649,2023-11,142.34,912.17,13720,114,2,layer further in 7 our jacket,Built to 26 layer. Premium jacket.,image,1:1,gravel,img_jacket:Image|jacket:Noun|layer:Verb
ad_01650,2023-11,201.75,287.9,16689,81,1,13 new baselayer collection,"Lightweight and breathable, this baselayer keeps you comfortable from the first pedal stroke to the last. Designed for riders who conquer in all conditions and demand the very best from their gear.",video,1:1,road,vid_baselayer:Video|baselayer:Noun
ad_01651,2023-11,349.24,1003.83,14423,100,1,22 new gloves collection,Built to 29 shred. Premium gloves.,video,9:16,commute,vid_gloves:Video|gloves:Noun|shred:Verb
ad_01652,2023-11,182.49,354.23,17734,104,1,new jacket collection,Built to push. Premium jacket.,video,4:5,mountain,vid_jacket:Video|push:Verb|gravel ready:Phrase
ad_01653,2023-11,186.58,506.67,15934,129,2,train further in our gloves,Built to train. Premium gloves.,image,1:1,adult,img_gloves:Image|ride in comfort:Phrase
ad_01654,2023-11,145.59,348.0,24597,110,1,premium kit 3 built to conquer,Built to conquer. Premium kit.,image,1:1,sale,img_kit:Image|kit:Noun
ad_01655,2023-11,123.38,152.5,36058,116,1,tights for every pedal,Our tights lets you 23 pedal better.,video,1:1,sale,vid_tights:Video|your spring wardrobe:Phrase
ad_01656,2023-11,177.02,210.4,16203,75,1,new vest collection,"Built for the long haul. Our premium vest combines technical fabrics with a refined fit so you can ride harder and go further, no matter what the forecast brings this season.",image,9:16,road,img_vest:Image|vest:Noun|ride:Verb
ad_01657,2023-11,167.82,347.53,11965,71,1,cruise further in our wardrobe,Ride ready. Try our wardrobe today.,image,9:16,mountain,img_wardrobe:Image|wardrobe:Noun|cruise:Verb|gear up for summer:Phrase
ad_01658,2023-11,337.74,772.41,7959,43,1,new gloves collection,"Lightweight and breathable, this gloves keeps you comfortable from the first pedal stroke to the last. Designed for riders who train in all conditions and demand the 4 very best from their gear.",image,9:16,urban,img_gloves:Image|gloves:Noun
ad_01659,2023-11,93.96,409.8,22555,231,5,premium jacket built 27 to ride,Our jacket 14 lets you ride better.,video,9:16,adventure,vid_jacket:Video|jacket:Noun|ride:Verb
ad_01660,2023-11,399.83,1290.3,10397,122,3,the armwarmers you need to shred,"Engineered for performance on every terrain. Our armwarmers is designed to help you shred with total confidence, whether you are on a mountain pass or a city commute through changing weather.",video,4:5,adventure,vid_armwarmers:Video|trail tested:Phrase
ad_01661,2023-11,152.97,515.69,52802,355,6,premium socks built to sprint,sprint further in our new socks. 🚴,image,1:1,adult,img_socks:Image|socks:Noun|race day ready:Phrase
ad_01662,2023-11,182.63,887.38,65520,595,15,shred further in our vest,Ride ready. Try our vest today. 💪,image,1:1,urban,img_vest:Image|vest:Noun|cold weather essentials:Phrase
ad_01663,2023-11,88.18,439.07,14677,101,2,premium baselayer built 3 to cruise,21 Built to cruise. Premium baselayer.,image,1:1,road,img_baselayer:Image|baselayer:Noun
ad_01664,2023-11,234.04,817.14,7101,61,1,the socks you need to push,"Lightweight and breathable, this socks keeps you comfortable from the first pedal stroke to the last. Designed for riders who push in all conditions and demand the very best from their gear.",image,4:5,gravel,img_socks:Image|socks:Noun
ad_01665,2023-11,93.88,114.89,22639,105,1,premium wardrobe built to ride,Built to ride. Premium wardrobe. 🌧️,video,1:1,accessories,vid_wardrobe:Video|wardrobe:Noun|ride:Verb
ad_01666,2023-11,209.0,1941.42,46626,622,19,sprint further in our socks,9 Built to sprint. Premium socks.,image,4:5,adventure,img_socks:Image|socks:Noun|sprint:Verb
ad_01667,2023-11,197.11,374.16,8471,66,1,the tights you need to descend,Built to descend. Premium tights.,image,9:16,gravel,img_tights:Image|tights:Noun|descend:Verb
ad_01668,2023-11,137.41,655.5,42174,469,10,race further in our jersey,Built to race. Premium jersey. ⛰️,image,1:1,adventure,img_jersey:Image|race:Verb
ad_01669,2023-11,48.38,226.3,6477,48,1,new jacket collection,Our jacket lets you pedal better.,image,4:5,urban,img_jacket:Image|jacket:Noun|all day comfort:Phrase
ad_01670,2023-11,610.75,1596.14,7891,53,1,the vest you need to descend,Built to descend. Premium vest.,video,4:5,accessories,vid_vest:Video|gear up for summer:Phrase
ad_01671,2023-11,88.75,97.14,19054,79,1,new kit collection,Our kit lets you shred better. ⛰️,video,9:16,accessories,vid_kit:Video|kit:Noun
ad_01672,2023-11,196.76,794.65,27143,290,7,new baselayer collection,Ride ready. Try our baselayer today. ⛰️,image,9:16,adventure,img_baselayer:Image|climb:Verb|all day comfort:Phrase
ad_01673,2023-11,107.82,455.61,15793,210,6,the shorts you need to descend,Built to descend. Premium shorts.,image,9:16,adventure,img_shorts:Image|shorts:Noun|gravel ready:Phrase
ad_01674,2023-11,313.29,787.64,20440,151,2,new gloves collection,"Lightweight and breathable, this gloves keeps you comfortable from the first pedal stroke to the last. Designed for riders who 13 pedal in all conditions and demand the very best from their gear.",image,1:1,urban,img_gloves:Image|pedal:Verb
ad_01675,2023-11,133.04,328.92,28360,193,3,premium vest built to climb,"Lightweight and breathable, this vest keeps you comfortable from the first pedal stroke to the last. Designed for riders who climb in all conditions and demand the very best from their gear.",image,4:5,urban,img_vest:Image|climb:Verb
ad_01676,2023-11,106.39,307.17,30050,195,3,premium shell built to layer,Ride ready. Try our shell today.,image,9:16,commute,img_shell:Image
ad_01677,2023-11,238.75,1848.87,11961,111,2,gloves for 8 every sprint,"2 Built for the long haul. Our premium gloves combines technical fabrics with a refined fit so you can sprint harder and go further, no matter what the forecast brings this season.",image,4:5,mountain,img_gloves:Image|gloves:Noun|adventure awaits:Phrase
ad_01678,2023-11,77.88,213.57,10602,76,1,wardrobe for every descend,"Lightweight and breathable, this wardrobe keeps you comfortable from the first pedal stroke to the last. Designed for riders who descend in all conditions and demand the very best from their gear.",image,4:5,casual,img_wardrobe:Image|descend:Verb
ad_01679,2023-11,130.37,622.14,27648,299,7,new kit collection,"Lightweight and breathable, this kit keeps you comfortable from the first pedal stroke to the last. Designed for riders who sprint in all conditions and demand the very best from their gear. 🏔️",image,4:5,gravel,img_kit:Image|kit:Noun|gravel ready:Phrase
ad_01680,2023-11,252.77,1516.07,20489,269,8,6 new jacket collection,Built to descend. Premium jacket.,image,9:16,gravel,img_jacket:Image|jacket:Noun|cold weather essentials:Phrase
ad_01681,2023-11,412.58,761.03,21914,86,1,descend further 4 in our wardrobe,Our wardrobe lets you descend better.,image,9:16,sale,img_wardrobe:Image
ad_01682,2023-11,93.77,1016.59,11730,155,5,new cap collection,Our cap 9 lets you ride better.,image,4:5,adventure,img_cap:Image|cap:Noun|ride:Verb|your spring wardrobe:Phrase
ad_01683,2023-11,115.74,719.47,22461,232,6,gloves for every conquer,Ride ready. Try our gloves today. 💪,image,4:5,gravel,img_gloves:Image
ad_01684,2023-11,206.36,1279.96,9445,85,1,shell for every race,12 Built to race. Premium shell.,image,4:5,commute,img_shell:Image|shell:Noun
ad_01685,2023-11,50.39,120.42,18475,103,1,shred further in our kit,Our kit lets you shred better.,image,1:1,adult,img_kit:Image|shred:Verb
ad_01686,2023-11,377.24,1770.6,17265,145,2,vest for every gear,Ride ready. Try our vest today.,image,4:5,casual,img_vest:Image|vest:Noun
ad_01687,2023-11,91.71,739.85,17324,264,9,gear further in our kit,Built to gear. Premium kit. 💪,image,1:1,adventure,img_kit:Image|kit:Noun|built to last:Phrase
ad_01688,2023-11,128.49,250.27,24128,146,2,kit for every layer,Our kit lets you 13 layer better. 💪,video,9:16,casual,vid_kit:Video|layer:Verb
ad_01689,2023-11,195.36,572.08,9803,65,1,sprint further in our kit,"Lightweight and breathable, this kit keeps you comfortable from the first pedal stroke to the last. Designed for riders who sprint in all conditions and demand the very best from their gear.",image,4:5,mountain,img_kit:Image|sprint:Verb|gear up for summer:Phrase
ad_01690,2023-11,172.27,1842.81,22902,284,8,5 descend further in our cap,descend further in our new cap.,image,4:5,adventure,img_cap:Image|cap:Noun
ad_01691,2023-11,93.7,96.95,16496,49,0,premium shell built to explore,"Built for the long haul. Our premium shell combines technical fabrics with a refined fit so you can explore harder and go further, no matter what the forecast brings this season. ❄️",image,9:16,sale,img_shell:Image
ad_01692,2023-11,469.28,1161.25,10990,82,1,new kit collection,Built 25 to layer. Premium kit.,video,1:1,casual,vid_kit:Video|kit:Noun|layer:Verb
ad_01693,2023-11,35.63,60.99,8431,44,0,18 new cap collection,"Lightweight and breathable, this cap keeps you comfortable from the first pedal stroke to the last. Designed for riders who train in all conditions and demand the very best from their gear.",video,4:5,accessories,vid_cap:Video|train:Verb
ad_01694,2023-11,85.21,218.17,41976,332,6,6 premium jacket built to sprint,"Engineered for performance on every terrain. Our jacket is designed to help you sprint with total confidence, whether you are on a mountain pass or a city commute through changing weather.",video,4:5,mountain,vid_jacket:Video|jacket:Noun|sprint:Verb|adventure awaits:Phrase
ad_01695,2023-11,114.01,355.97,15769,86,1,kit 20 for every race,Built to race. Premium kit.,video,4:5,adult,vid_kit:Video|kit:Noun
ad_01696,2023-11,94.49,320.81,13671,91,2,explore further in our cap,"Built for the long haul. Our premium cap combines technical fabrics with a refined fit so you can explore harder and go further, no matter what the forecast brings this season. ☀️",image,4:5,mountain,img_cap:Image|cap:Noun|race day ready:Phrase
ad_01697,2023-11,347.25,2110.88,9216,139,4,new kit collection,Our kit lets you cruise better.,image,4:5,adventure,img_kit:Image|kit:Noun
ad_01698,2023-11,61.76,133.64,28137,189,2,layer further in our bibs,Built to layer. Premium bibs.,video,4:5,commute,vid_bibs:Video|bibs:Noun|layer:Verb
ad_01699,2023-11,425.3,815.76,27067,180,2,the kit you need to layer,"Lightweight and breathable, this kit keeps you comfortable from the first pedal stroke to the last. Designed for riders who layer in all conditions and demand the very best from their gear.",video,4:5,urban,vid_kit:Video|kit:Noun|gravel ready:Phrase
ad_01700,2023-11,141.38,101.19,24582,99,1,the kit you need to layer,"Engineered for performance on every terrain. Our kit is designed to help you layer with total confidence, whether you are on a mountain pass or a city commute through changing weather.",video,9:16,accessories,vid_kit:Video|kit:Noun|all day comfort:Phrase
ad_01701,2023-11,73.83,160.25,15835,76,1,new armwarmers collection,explore further in our 5 new armwarmers.,video,4:5,mountain,vid_armwarmers:Video|armwarmers:Noun|explore:Verb
ad_01702,2023-11,47.36,420.21,23769,336,10,premium jacket built to layer,layer further in our new jacket. 🌧️,image,4:5,gravel,img_jacket:Image|layer:Verb|cold weather essentials:Phrase
ad_01703,2023-11,146.82,664.49,10814,82,1,kit 21 for every cruise,Ride 18 ready. Try our kit today.,image,1:1,adult,img_kit:Image|cruise:Verb
ad_01704,2023-11,109.63,464.98,18203,144,2,18 descend further in our jacket,Built to descend. Premium jacket.,image,9:16,accessories,img_jacket:Image|jacket:Noun|descend:Verb|cold weather essentials:Phrase
ad_01705,2023-11,192.52,636.7,15889,83,1,the shorts you need to gear,11 Ride ready. Try our shorts today.,image,1:1,accessories,img_shorts:Image
ad_01706,2023-11,127.48,490.15,18658,201,4,new vest collection,28 cruise further in our new vest.,image,9:16,adventure,img_vest:Image|vest:Noun|cruise:Verb
ad_01707,2023-11,296.43,1052.55,6594,67,2,premium socks built to race,race further in our new socks.,image,9:16,adventure,img_socks:Image
ad_01708,2023-11,153.37,229.7,41580,243,2,shred further 15 in our tights,"Engineered for performance on every terrain. Our tights is designed to help you shred with total confidence, whether you are on a mountain pass or a city commute through changing weather.",video,4:5,accessories,vid_tights:Video|tights:Noun|shred:Verb
ad_01709,2023-11,129.54,411.74,36673,253,4,socks for every pedal,pedal further 20 in our new socks.,video,4:5,mountain,vid_socks:Video|race day ready:Phrase
ad_01710,2023-11,299.55,1694.76,9187,67,1,premium baselayer 8 built to conquer,Built to conquer. Premium baselayer.,image,4:5,urban,img_baselayer:Image|baselayer:Noun|conquer:Verb
ad_01711,2023-11,191.56,815.88,21790,221,5,climb further in our shorts,Ride ready. Try our shorts today.,image,9:16,adventure,img_shorts:Image|shorts:Noun|climb:Verb|gravel ready:Phrase
ad_01712,2023-11,265.89,967.39,7762,52,1,baselayer for every sprint,Ride ready. Try our baselayer today.,image,4:5,mountain,img_baselayer:Image|sprint:Verb|lightweight layers:Phrase
ad_01713,2023-11,332.79,740.11,17025,87,1,the bibs you 6 need to explore,explore further in our 14 new bibs.,video,9:16,adult,vid_bibs:Video|bibs:Noun
ad_01714,2023-11,140.06,415.73,5446,59,1,explore further in our cap,"Built for the long haul. Our premium cap combines technical fabrics with a refined fit so you can explore harder and go further, no matter what the forecast brings this season. ⛰️",video,1:1,adventure,vid_cap:Video|new arrivals:Phrase
ad_01715,2023-11,170.93,2487.76,14107,164,4,20 armwarmers for every descend,Built to 3 descend. Premium armwarmers.,image,4:5,casual,img_armwarmers:Image|armwarmers:Noun|new arrivals:Phrase
ad_01716,2023-11,277.16,367.96,12793,77,1,kit for every ride,ride further in our new kit.,video,9:16,gravel,vid_kit:Video|kit:Noun
ad_01717,2023-11,38.39,103.64,29112,160,2,the socks you need to train,"Built for the long haul. Our premium socks combines technical fabrics with a refined fit so you can train harder and go further, no matter what the forecast brings this season.",image,4:5,road,img_socks:Image|socks:Noun|train:Verb|your spring wardrobe:Phrase
ad_01718,2023-11,157.16,446.31,37600,199,3,socks for every sprint,Built to sprint. Premium socks. ⛰️,image,1:1,adult,img_socks:Image|socks:Noun
ad_01719,2023-11,145.97,560.7,38026,174,3,new wardrobe collection,"Engineered for performance on every terrain. Our wardrobe is designed to help you race with total confidence, whether you are on a mountain pass 26 or a city commute through changing weather.",image,4:5,sale,img_wardrobe:Image|wardrobe:Noun|adventure awaits:Phrase
ad_01720,2023-11,209.09,447.75,29134,133,2,train further in our jacket,train further in our new jacket. ❄️,image,1:1,accessories,img_jacket:Image|jacket:Noun|train:Verb
ad_01721,2023-11,103.3,634.39,17013,167,4,baselayer for every cruise,Our baselayer lets you cruise better.,image,4:5,casual,img_baselayer:Image|baselayer:Noun|cruise:Verb|new arrivals:Phrase
ad_01722,2023-11,322.33,497.96,19825,101,1,premium jacket built to explore,Ride ready. Try our jacket today.,video,9:16,mountain,vid_jacket:Video|jacket:Noun|lightweight layers:Phrase
ad_01723,2023-11,107.3,266.89,19776,110,1,new 5 kit collection,Our kit lets you 13 cruise better.,video,9:16,mountain,vid_kit:Video
ad_01724,2023-11,126.84,251.6,9049,66,1,shred further in our kit,Our kit lets you shred better.,video,1:1,adult,vid_kit:Video|kit:Noun|cold weather essentials:Phrase
ad_01725,2023-11,112.13,578.82,28955,230,5,new wardrobe collection,Built to cruise. Premium wardrobe. ☀️,image,4:5,gravel,img_wardrobe:Image|wardrobe:Noun|cruise:Verb
ad_01726,2023-11,349.41,1278.4,23053,165,3,kit for every train,train further in our new kit.,image,1:1,casual,img_kit:Image|kit:Noun|train:Verb|gravel ready:Phrase
ad_01727,2023-11,47.8,38.03,23595,76,0,new jersey collection,Built to conquer. Premium jersey.,video,1:1,sale,vid_jersey:Video|jersey:Noun|conquer:Verb
ad_01728,2023-11,488.06,2080.73,5218,55,1,premium 19 shell built to shred,"Engineered for performance on every terrain. Our shell is designed to help you shred with total confidence, whether you are on a mountain pass or a city commute through changing weather.",video,4:5,adventure,vid_shell:Video|shell:Noun
ad_01729,2023-11,404.37,955.57,20474,100,1,new armwarmers collection,Our armwarmers lets you descend better.,image,9:16,casual,img_armwarmers:Image|descend:Verb|your spring wardrobe:Phrase
ad_01730,2023-11,119.03,860.75,26993,322,9,baselayer for every ride,Our baselayer lets you ride better.,image,4:5,adventure,img_baselayer:Image
ad_01731,2023-11,309.35,1038.9,16202,129,2,28 descend further in our jacket,"Built for the long haul. Our premium jacket combines technical fabrics with a refined fit so you can descend harder and go further, no matter what the forecast brings this season.",video,4:5,gravel,vid_jacket:Video|descend:Verb|lightweight layers:Phrase
ad_01732,2023-11,180.62,136.83,12710,55,0,wardrobe for every push,"Lightweight and breathable, this wardrobe keeps you comfortable from the first pedal stroke to the last. Designed for riders who push in all conditions and demand the very best from their gear.",video,1:1,urban,vid_wardrobe:Video|push:Verb
ad_01733,2023-11,450.37,731.52,8261,40,0,premium armwarmers built to shred,shred further in our new armwarmers. ☀️,video,1:1,mountain,vid_armwarmers:Video|armwarmers:Noun
ad_01734,2023-11,295.51,255.86,7970,32,0,the armwarmers you need to push,Built to push. Premium armwarmers.,video,9:16,mountain,vid_armwarmers:Video|push:Verb
ad_01735,2023-11,622.79,1848.74,17636,90,1,climb further 13 in our socks,Our socks 18 lets you climb better.,video,4:5,sale,vid_socks:Video|climb:Verb|trail tested:Phrase
ad_01736,2023-11,65.43,749.72,14518,246,10,new bibs collection,push further in our new bibs.,image,4:5,adventure,img_bibs:Image|bibs:Noun|cold weather essentials:Phrase
ad_01737,2023-11,187.38,746.21,14417,91,1,new jersey collection,14 Built to cruise. Premium jersey.,image,1:1,accessories,img_jersey:Image|cruise:Verb|trail tested:Phrase
ad_01738,2023-11,59.37,94.88,35066,177,2,ride further in our vest,"Engineered for performance on every terrain. Our vest is designed 4 to help you ride with total confidence, whether you are on a mountain pass or a city commute through changing weather.",image,9:16,accessories,img_vest:Image|vest:Noun
ad_01739,2023-11,122.37,382.23,8713,65,1,climb further in our cap,Built to climb. Premium cap.,image,1:1,road,img_cap:Image|cap:Noun|new arrivals:Phrase
ad_01740,2023-11,644.26,748.09,13735,62,1,premium kit built to explore,Ride ready. Try our kit today.,video,1:1,road,vid_kit:Video
ad_01741,2023-11,221.24,1907.28,38085,378,8,premium gloves built to climb,Our 23 gloves lets you climb better.,image,4:5,casual,img_gloves:Image|gloves:Noun|ride in comfort:Phrase
ad_01742,2023-11,301.58,1487.32,13967,99,2,ride further 11 in our wardrobe,ride further in our new wardrobe. ☀️,image,4:5,mountain,img_wardrobe:Image|ride:Verb
ad_01743,2023-11,227.39,1016.27,16876,127,2,new cap collection,race further in our new cap.,image,4:5,accessories,img_cap:Image|cap:Noun|trail tested:Phrase
ad_01744,2023-11,218.9,1247.36,14958,140,3,the bibs you need to explore,explore further in our 11 new bibs.,image,4:5,commute,img_bibs:Image|bibs:Noun
ad_01745,2023-11,122.11,398.56,23235,119,1,kit for every sprint,Our kit 19 lets you sprint better.,image,4:5,sale,img_kit:Image|kit:Noun|sprint:Verb|your spring wardrobe:Phrase
ad_01746,2023-11,109.19,82.78,5843,20,0,wardrobe for every shred,"Built for the long haul. Our premium wardrobe combines technical fabrics with a refined fit so you can shred harder and go further, no matter what the forecast brings this season. 🌧️",video,9:16,sale,vid_wardrobe:Video|wardrobe:Noun|built to last:Phrase
ad_01747,2023-11,120.16,748.83,14748,121,2,the jacket you need to shred,Our 7 jacket lets you shred better.,image,4:5,casual,img_jacket:Image
ad_01748,2023-11,32.46,132.96,16777,137,2,explore further in our bibs,Built to explore. 14 Premium bibs. ⛰️,image,1:1,casual,img_bibs:Image|explore:Verb
ad_01749,2023-11,159.03,738.25,9911,79,2,pedal further in our wardrobe,"Built for the long haul. 23 Our premium wardrobe combines technical fabrics with a refined fit so you can pedal harder and go further, no matter what the forecast brings this season.",image,4:5,commute,img_wardrobe:Image|wardrobe:Noun
ad_01750,2023-11,192.91,285.86,19386,94,1,16 ride further in our gloves,Built to ride. Premium gloves.,video,9:16,mountain,vid_gloves:Video|gloves:Noun|ride:Verb
ad_01751,2023-11,115.21,366.73,24191,156,2,shell for every explore,explore further in our new shell.,image,1:1,urban,img_shell:Image|shell:Noun
ad_01752,2023-11,154.46,683.99,20465,176,3,22 new baselayer collection,Our baselayer lets you race better.,video,4:5,casual,vid_baselayer:Video|baselayer:Noun|all day comfort:Phrase
ad_01753,2023-11,228.91,688.65,39742,212,2,new 14 gloves collection,Our gloves lets you climb better.,image,1:1,accessories,img_gloves:Image|gloves:Noun|climb:Verb
ad_01754,2023-11,284.06,261.28,13146,59,0,kit for every gear,Our kit lets you gear better.,video,9:16,accessories,vid_kit:Video
ad_01755,2023-11,81.42,175.92,20948,160,2,train further in our socks,Built to train. Premium socks.,image,9:16,casual,img_socks:Image|socks:Noun|train:Verb|lightweight layers:Phrase
ad_01756,2023-11,103.69,379.7,20714,226,5,wardrobe for every race,Our wardrobe lets you race better.,video,4:5,adventure,vid_wardrobe:Video|all day comfort:Phrase
ad_01757,2023-11,262.46,1049.87,14512,114,2,premium bibs built to race,race further in our new bibs. 🔥,image,9:16,road,img_bibs:Image|bibs:Noun|adventure awaits:Phrase
ad_01758,2023-11,237.87,4112.67,28774,486,18,15 gloves for every train,train further in our 28 new gloves.,image,4:5,adventure,img_gloves:Image|train:Verb|new arrivals:Phrase
ad_01759,2023-11,374.26,364.34,18857,63,0,gloves for every sprint,"Lightweight and breathable, this gloves keeps you comfortable from the first pedal stroke to the last. Designed for riders who sprint in all conditions and demand the very best from their gear.",video,4:5,sale,vid_gloves:Video|gloves:Noun
ad_01760,2023-11,365.06,694.53,8955,42,1,pedal further in our armwarmers,Built to pedal. Premium armwarmers.,image,1:1,accessories,img_armwarmers:Image|armwarmers:Noun
ad_01761,2023-11,711.4,1429.4,23762,104,1,premium shell built to shred,Our shell lets you shred better. 🌧️,image,4:5,sale,img_shell:Image|shell:Noun|shred:Verb
ad_01762,2023-11,140.14,457.27,12719,93,2,new 19 baselayer collection,Ride ready. Try our baselayer today.,image,9:16,commute,img_baselayer:Image|baselayer:Noun|explore:Verb
ad_01763,2023-11,430.72,1601.06,13893,58,1,the armwarmers 25 you need to explore,Our armwarmers lets you 21 explore better.,image,1:1,sale,img_armwarmers:Image|armwarmers:Noun|lightweight layers:Phrase
ad_01764,2023-11,96.19,250.43,14417,100,1,new 16 shorts collection,Our 24 shorts lets you descend better.,video,1:1,accessories,vid_shorts:Video|gravel ready:Phrase
ad_01765,2023-11,702.57,5017.84,23580,187,3,shorts for 26 every cruise,Ride ready. Try our shorts today.,image,4:5,mountain,img_shorts:Image|gravel ready:Phrase
ad_01766,2023-11,219.45,690.15,28002,158,2,kit for every conquer,Our kit lets you conquer better.,image,4:5,road,img_kit:Image
ad_01767,2023-11,231.26,507.95,15075,102,1,premium wardrobe 26 built to descend,Built to descend. Premium wardrobe.,video,9:16,adult,vid_wardrobe:Video|gravel ready:Phrase
ad_01768,2023-11,302.56,1311.69,14649,176,6,premium socks built to climb,Our socks lets you climb better.,image,1:1,adventure,img_socks:Image|socks:Noun|climb:Verb|new arrivals:Phrase
ad_01769,2023-11,74.08,331.14,5866,41,1,the gloves you need to climb,Our gloves lets you climb better.,image,4:5,accessories,img_gloves:Image|ride in comfort:Phrase
ad_01770,2023-11,87.66,167.58,11448,56,1,shell for every race,Ride ready. Try our shell today.,image,1:1,adult,img_shell:Image|shell:Noun|race:Verb
ad_01771,2023-11,179.06,586.73,10169,92,2,gloves for every sprint,"Engineered for performance on every terrain. Our gloves is designed to help you sprint with total confidence, whether you are on a mountain pass or a city commute through changing weather.",image,1:1,adventure,img_gloves:Image|gloves:Noun|sprint:Verb
ad_01772,2023-11,205.56,510.32,19075,124,2,vest for every sprint,sprint further in our new vest.,image,1:1,urban,img_vest:Image|sprint:Verb
ad_01773,2023-11,582.8,474.14,15475,42,0,climb further in our kit,"Lightweight and breathable, this kit keeps you comfortable from the first pedal stroke to the last. Designed for riders who climb in all conditions and demand the very best from their gear.",image,9:16,sale,img_kit:Image|kit:Noun|climb:Verb
ad_01774,2023-11,94.52,400.39,10364,79,1,premium tights built to sprint,Built to sprint. Premium tights.,image,4:5,mountain,img_tights:Image|gear up for summer:Phrase
ad_01775,2023-11,420.92,1126.34,17622,90,1,new wardrobe collection,Our wardrobe lets you shred better.,image,9:16,mountain,img_wardrobe:Image|trail tested:Phrase
ad_01776,2023-11,142.45,538.88,15783,107,2,premium kit built to gear,Our kit lets you gear better.,image,4:5,road,img_kit:Image|your spring wardrobe:Phrase
ad_01777,2023-11,141.26,490.47,4584,35,1,gloves for every sprint,"Built for the long haul. Our premium gloves combines technical fabrics with a refined fit so you can sprint harder and go further, no matter what the forecast brings this season. ❄️",image,4:5,gravel,img_gloves:Image|gloves:Noun|sprint:Verb
ad_01778,2023-11,151.41,500.45,28410,168,2,18 premium shorts built to train,Built to train. Premium shorts.,image,1:1,road,img_shorts:Image|shorts:Noun|train:Verb|your spring wardrobe:Phrase
ad_01779,2023-11,139.09,171.75,27064,130,1,the tights you 15 need to descend,"Lightweight and breathable, this tights keeps you comfortable from the first pedal stroke to the last. Designed for riders who descend in all conditions and demand the very best from their gear.",video,1:1,accessories,vid_tights:Video
ad_01780,2023-11,223.69,2069.07,14495,209,7,race further in our bibs,Ride ready. Try our bibs today. 💪,image,4:5,adventure,img_bibs:Image|bibs:Noun|gravel ready:Phrase
ad_01781,2023-11,131.81,436.59,19474,117,2,17 the vest you need to shred,shred further in our new vest.,image,1:1,mountain,img_vest:Image|vest:Noun
ad_01782,2023-11,71.67,110.92,13876,66,1,the cap you need to shred,Built to shred. 13 Premium cap.,video,1:1,accessories,vid_cap:Video|cap:Noun
ad_01783,2023-11,142.26,669.79,7320,93,2,new 19 jersey collection,"12 Engineered for performance on every terrain. Our jersey is designed to help you explore with total confidence, whether you are on a mountain pass or a city commute through changing weather.",image,9:16,adventure,img_jersey:Image|explore:Verb
ad_01784,2023-11,219.71,534.93,48165,320,4,socks for every conquer,conquer further in our new socks.,image,1:1,mountain,img_socks:Image|socks:Noun|built to last:Phrase
ad_01785,2023-11,72.02,154.8,23752,158,2,sprint further in our tights,"Lightweight and breathable, this tights 5 keeps you comfortable from the first pedal stroke to the last. Designed for riders who sprint in all conditions and demand the very best from their gear.",image,4:5,accessories,img_tights:Image|tights:Noun|sprint:Verb
ad_01786,2023-11,236.85,480.26,26130,130,1,new tights collection,shred further in our new tights.,image,1:1,accessories,img_tights:Image|tights:Noun|shred:Verb
ad_01787,2023-11,339.21,918.36,14161,125,2,armwarmers for every climb,climb further in our new armwarmers.,image,9:16,commute,img_armwarmers:Image|climb:Verb|trail tested:Phrase
ad_01788,2023-11,405.97,1627.39,28667,232,5,17 the baselayer you need to layer,layer further in 2 our new baselayer.,video,1:1,mountain,vid_baselayer:Video|adventure awaits:Phrase
ad_01789,2023-11,204.57,1498.35,8229,81,2,new bibs collection,6 Our bibs lets you shred better. 🏔️,image,1:1,casual,img_bibs:Image|bibs:Noun|new arrivals:Phrase
ad_01790,2023-11,56.57,190.65,14440,121,2,shred further in our tights,Our tights lets you shred better.,image,9:16,gravel,img_tights:Image|tights:Noun|your spring wardrobe:Phrase
ad_01791,2023-11,246.38,554.19,23634,171,2,new tights collection,conquer further in our new tights.,image,9:16,casual,img_tights:Image|tights:Noun
ad_01792,2023-11,298.46,1454.73,11934,100,2,premium armwarmers built to conquer,conquer further in our new armwarmers.,image,4:5,adult,img_armwarmers:Image|conquer:Verb|cold weather essentials:Phrase
ad_01793,2023-11,109.99,356.21,25742,211,4,new kit collection,"Built for the long haul. Our premium kit combines technical fabrics with a refined fit so you can conquer harder and go further, no matter what the forecast brings this season. 💪",image,9:16,gravel,img_kit:Image|kit:Noun|conquer:Verb|new arrivals:Phrase
ad_01794,2023-11,159.93,365.62,19004,147,2,sprint further 16 in our jersey,Ride ready. Try our jersey today.,video,1:1,gravel,vid_jersey:Video|jersey:Noun|sprint:Verb
ad_01795,2023-11,223.29,903.37,18130,156,3,climb further in 14 our jacket,Built to climb. Premium jacket.,image,9:16,commute,img_jacket:Image|all day comfort:Phrase
ad_01796,2023-11,488.17,2618.48,11390,110,3,gear further in our cap,Ride ready. Try our cap today.,image,1:1,gravel,img_cap:Image|new arrivals:Phrase
ad_01797,2023-11,143.28,377.29,19985,150,2,premium vest built to conquer,conquer further in our new vest.,image,9:16,casual,img_vest:Image|vest:Noun
ad_01798,2023-11,285.17,1025.3,42907,355,7,push further in our vest,"Built for the long haul. Our premium vest combines technical fabrics with a refined fit so you can push harder and go further, no matter what the forecast brings this season.",image,1:1,adventure,img_vest:Image|vest:Noun
ad_01799,2023-11,201.97,317.25,17822,83,1,ride further in our vest,Built to ride. Premium vest.,video,1:1,accessories,vid_vest:Video|vest:Noun|gear up for summer:Phrase
ad_01800,2023-11,188.29,513.9,21558,118,2,premium 3 baselayer built to pedal,Built to pedal. Premium baselayer.,video,4:5,mountain,vid_baselayer:Video|baselayer:Noun
ad_01801,2023-11,371.15,1384.93,23209,130,2,shorts for every conquer,"Engineered for performance on every terrain. Our shorts is designed to help you conquer with total confidence, whether you are on 27 a mountain pass or a city commute through changing weather.",image,4:5,sale,img_shorts:Image|shorts:Noun|adventure awaits:Phrase
ad_01802,2023-11,101.44,223.2,9213,51,1,premium armwarmers built to push,push 11 further in our new armwarmers.,image,9:16,accessories,img_armwarmers:Image|armwarmers:Noun
ad_01803,2023-11,191.82,309.34,15279,113,1,new bibs collection,Built to ride. Premium bibs.,video,9:16,urban,vid_bibs:Video|bibs:Noun|ride:Verb|ride in comfort:Phrase
ad_01804,2023-11,169.8,972.43,15048,125,2,16 the tights you need to shred,shred further in our 13 new tights.,image,9:16,commute,img_tights:Image|tights:Noun
ad_01805,2023-11,67.64,325.56,5642,56,1,vest for every sprint,"Engineered for performance on every terrain. Our vest is designed to help you sprint with total confidence, whether you are on a mountain pass or a city commute through changing weather.",image,4:5,adventure,img_vest:Image|vest:Noun|sprint:Verb
ad_01806,2023-11,349.98,770.56,24222,185,3,new cap collection,"Lightweight and breathable, this cap keeps you 2 comfortable from the first pedal stroke to the last. Designed for riders who gear in all conditions and demand the very best from their gear.",video,9:16,casual,vid_cap:Video|cap:Noun|ride in comfort:Phrase
ad_01807,2023-11,274.71,1101.81,10246,55,1,descend further in our jersey,Our jersey lets you descend better.,image,4:5,accessories,img_jersey:Image|gravel ready:Phrase
ad_01808,2023-11,170.48,383.26,22933,136,2,the gloves you need to gear,gear further in our new gloves.,video,4:5,road,vid_gloves:Video|gloves:Noun|race day ready:Phrase
ad_01809,2023-11,142.81,146.94,11176,65,1,premium baselayer built to conquer,"Engineered for performance on every terrain. Our baselayer is designed to help you conquer with total confidence, whether you are on a mountain pass or a city commute through changing weather.",video,4:5,urban,vid_baselayer:Video|conquer:Verb
ad_01810,2023-11,167.08,1520.44,45324,675,23,socks for every conquer,Built to 21 conquer. Premium socks.,image,1:1,adventure,img_socks:Image|socks:Noun|new arrivals:Phrase
ad_01811,2023-11,255.38,848.63,14204,89,1,race further in our jersey,3 Built to race. Premium jersey.,image,1:1,road,img_jersey:Image
ad_01812,2023-11,172.44,223.53,42664,242,2,explore further in our tights,explore further in our new tights.,video,1:1,road,vid_tights:Video|tights:Noun
ad_01813,2023-11,111.92,358.71,14976,173,4,premium tights built to push,Our tights lets you push better.,video,4:5,adventure,vid_tights:Video|tights:Noun|push:Verb
ad_01814,2023-11,122.49,508.39,15895,164,4,new gloves collection,Ride ready. Try our gloves today.,video,4:5,adventure,vid_gloves:Video|gloves:Noun
ad_01815,2023-11,165.84,603.62,35733,221,2,premium vest built to climb,Built to climb. Premium vest.,image,4:5,accessories,img_vest:Image|vest:Noun
ad_01816,2023-11,95.47,609.81,10319,84,2,the bibs 9 you need to train,12 train further in our new bibs.,image,1:1,accessories,img_bibs:Image|bibs:Noun|train:Verb|cold weather essentials:Phrase
ad_01817,2023-11,204.04,412.64,16739,112,1,new cap collection,"Lightweight and breathable, this cap keeps you comfortable from the first pedal stroke to the last. Designed for riders who shred in all conditions and demand the very best from their gear.",image,1:1,adult,img_cap:Image|cap:Noun|shred:Verb|your spring wardrobe:Phrase
ad_01818,2023-11,103.8,319.22,21382,177,3,vest for every descend,Our vest lets you descend better.,video,4:5,urban,vid_vest:Video|new arrivals:Phrase
ad_01819,2023-11,94.23,641.88,19979,158,2,6 new shorts collection,Built to cruise. Premium shorts. 💪,image,4:5,road,img_shorts:Image|shorts:Noun|cruise:Verb
ad_01820,2023-11,1134.78,2926.56,16681,92,1,cap for 29 every sprint,"Built for the long haul. Our premium cap combines technical fabrics with a refined fit so you can sprint harder and go further, no matter what the forecast brings this season.",image,1:1,road,img_cap:Image
ad_01821,2023-11,534.98,2170.0,15574,125,2,25 the jacket you need to shred,Ride 29 ready. Try our jacket today.,video,4:5,urban,vid_jacket:Video|jacket:Noun|shred:Verb|your spring wardrobe:Phrase
ad_01822,2023-11,182.12,173.49,24928,111,1,premium jacket built to pedal,"Engineered for performance on every terrain. Our jacket is designed to help you pedal with total confidence, whether you are on a mountain pass or a city commute through changing weather.",video,1:1,adult,vid_jacket:Video
ad_01823,2023-11,278.36,2715.86,17835,172,5,new shell collection,Built 6 to descend. Premium shell.,image,4:5,gravel,img_shell:Image|shell:Noun|gravel ready:Phrase
ad_01824,2023-11,308.24,1552.51,26469,240,5,descend further in our shell,Built to descend. Premium shell.,image,4:5,urban,img_shell:Image|shell:Noun|gravel ready:Phrase
ad_01825,2023-11,159.66,521.44,19860,132,2,premium wardrobe built to conquer,27 conquer further in our new wardrobe.,video,4:5,urban,vid_wardrobe:Video|wardrobe:Noun|conquer:Verb
ad_01826,2023-11,197.94,853.06,22598,207,4,premium vest built to push,Ride ready. Try our vest today.,image,1:1,adventure,img_vest:Image|push:Verb
ad_01827,2023-11,142.74,680.25,28776,266,6,vest for every train,"Built for the long haul. Our premium vest combines technical fabrics with a refined fit so you can train harder and go further, no matter what the forecast brings this season.",image,4:5,gravel,img_vest:Image|vest:Noun|new arrivals:Phrase
ad_01828,2023-11,354.86,1405.23,13981,120,2,the 20 vest you need to push,Our vest lets you push better.,video,4:5,commute,vid_vest:Video|vest:Noun|push:Verb|gravel ready:Phrase
ad_01829,2023-11,357.8,787.5,28389,163,2,new wardrobe collection,Built to ride. Premium wardrobe. ⛰️,image,9:16,road,img_wardrobe:Image|ride:Verb
ad_01830,2023-11,426.44,387.27,15095,74,1,new wardrobe collection,"Engineered for performance on every terrain. Our wardrobe is designed to help you explore with total confidence, whether you are on a mountain pass or a city commute through changing weather.",video,9:16,accessories,vid_wardrobe:Video|wardrobe:Noun|new arrivals:Phrase
ad_01831,2023-11,195.96,439.46,8105,46,1,the kit you need to push,push further in our new kit.,video,1:1,commute,vid_kit:Video|kit:Noun|push:Verb|your spring wardrobe:Phrase
ad_01832,2023-11,613.39,1625.61,13848,70,1,the wardrobe you 18 need to descend,Ride ready. Try our 5 wardrobe today.,image,9:16,sale,img_wardrobe:Image|wardrobe:Noun|descend:Verb|ride in comfort:Phrase
ad_01833,2023-11,159.57,1032.72,11375,152,4,new kit collection,Ride ready. Try our kit today.,image,4:5,adventure,img_kit:Image|kit:Noun
ad_01834,2023-11,570.48,2201.23,19696,184,3,premium kit built to pedal,Our kit lets you pedal better. ❄️,image,1:1,gravel,img_kit:Image|kit:Noun|pedal:Verb
ad_01835,2023-11,126.51,235.48,14152,62,1,bibs 26 for every gear,"29 Lightweight and breathable, this bibs keeps you comfortable from the first pedal stroke to the last. Designed for riders who gear in all conditions and demand the very best from their gear.",video,1:1,accessories,vid_bibs:Video
ad_01836,2023-11,76.7,337.99,17404,140,2,2 new jacket collection,Built to explore. Premium jacket. 🔥,video,4:5,urban,vid_jacket:Video|explore:Verb|race day ready:Phrase
ad_01837,2023-11,563.97,1335.52,27109,165,3,kit for every descend,"Built for the long haul. Our premium kit combines technical fabrics with a refined fit so you can descend harder and go further, no matter what the forecast brings this season.",image,1:1,casual,img_kit:Image
ad_01838,2023-11,248.28,202.01,34318,169,2,descend further in our armwarmers,"Lightweight and breathable, this armwarmers keeps you comfortable from the first pedal stroke to the last. Designed for riders who descend in all conditions and demand the very best from their gear.",video,9:16,accessories,vid_armwarmers:Video|armwarmers:Noun|new arrivals:Phrase
ad_01839,2023-11,228.1,571.01,18899,86,1,gloves for every cruise,cruise further in our new gloves.,video,4:5,adult,vid_gloves:Video|gloves:Noun
ad_01840,2023-11,134.56,252.7,28095,186,2,train further in our tights,"Lightweight and breathable, this tights keeps you comfortable from the first pedal stroke to the last. Designed for riders who train 6 in all conditions and demand the very best from their gear.",video,4:5,adult,vid_tights:Video|tights:Noun
ad_01841,2023-11,100.61,441.59,14942,164,3,layer further in our tights,Our tights lets you layer better.,image,1:1,adventure,img_tights:Image|tights:Noun|layer:Verb
ad_01842,2023-11,106.5,137.36,7472,36,0,socks for every conquer,"Built for the long haul. Our premium socks combines technical fabrics with a refined fit so you can conquer harder and go further, no matter what the forecast brings this season.",video,4:5,road,vid_socks:Video|all day comfort:Phrase
ad_01843,2023-11,181.53,329.88,9053,59,1,23 new gloves collection,"Engineered for performance 10 on every terrain. Our gloves is designed to help you climb with total confidence, whether you are on a mountain pass or a city commute through changing weather.",video,9:16,road,vid_gloves:Video|gloves:Noun|climb:Verb|built to last:Phrase
ad_01844,2023-11,152.66,1367.84,14804,196,5,wardrobe 3 for every conquer,Built 27 to conquer. Premium wardrobe.,image,1:1,gravel,img_wardrobe:Image|wardrobe:Noun|built to last:Phrase
ad_01845,2023-11,52.14,171.91,24302,138,2,vest for every pedal,Built to pedal. 2 Premium vest.,image,1:1,mountain,img_vest:Image|vest:Noun
ad_01846,2023-11,461.54,1592.04,14825,152,3,explore further in our socks,Built to explore. Premium socks.,image,9:16,casual,img_socks:Image|explore:Verb|adventure awaits:Phrase
ad_01847,2023-11,129.86,327.9,29539,184,2,19 new armwarmers collection,"Engineered for performance on every terrain. Our armwarmers is designed to help you climb with total confidence, whether you are on a 16 mountain pass or a city commute through changing weather.",image,9:16,accessories,img_armwarmers:Image|armwarmers:Noun
ad_01848,2023-11,351.2,1112.65,40796,260,4,gloves for every explore,explore further in 29 our new gloves.,video,1:1,casual,vid_gloves:Video|gloves:Noun|gravel ready:Phrase
ad_01849,2023-11,109.39,382.5,10471,76,1,new socks collection,Our socks lets you race better.,image,1:1,urban,img_socks:Image|socks:Noun
ad_01850,2023-11,183.32,270.32,47238,199,2,vest for every climb,Built to climb. Premium vest.,video,4:5,accessories,vid_vest:Video|vest:Noun|climb:Verb
ad_01851,2023-11,299.38,1021.13,7209,61,1,the baselayer you need 26 to shred,shred further in our new baselayer.,image,9:16,mountain,img_baselayer:Image|baselayer:Noun|gravel ready:Phrase
ad_01852,2023-11,275.59,374.73,41149,188,2,the jacket you need to cruise,"Built for the long haul. Our premium jacket combines technical fabrics with a refined fit so you can cruise harder and go further, no matter what the forecast brings this season. ☀️",video,4:5,accessories,vid_jacket:Video|cruise:Verb
ad_01853,2023-11,142.24,165.28,16055,83,1,vest for every pedal,"Lightweight and breathable, this vest keeps you comfortable from the first pedal stroke to the last. 23 Designed for riders who pedal in all conditions and demand the very best from their gear.",video,9:16,gravel,vid_vest:Video|vest:Noun|pedal:Verb
ad_01854,2023-11,226.76,433.92,14532,50,0,vest 27 for every explore,explore further in our new vest.,image,1:1,sale,img_vest:Image|vest:Noun|explore:Verb
ad_01855,2023-11,250.61,1195.91,16261,126,2,premium shell built to ride,Our shell 15 lets you ride better.,image,1:1,casual,img_shell:Image|shell:Noun
ad_01856,2023-11,152.87,405.07,10944,76,1,premium shorts built to push,push further in our new shorts. 🚴,video,4:5,commute,vid_shorts:Video|push:Verb
ad_01857,2023-11,85.63,298.62,34589,346,6,explore further in 9 our kit,explore further in our new kit. 🏔️,video,9:16,gravel,vid_kit:Video|kit:Noun|built to last:Phrase
ad_01858,2023-11,114.84,1589.44,11551,181,6,premium tights built 28 to race,27 Built to race. Premium tights.,image,4:5,adventure,img_tights:Image|tights:Noun
ad_01859,2023-11,133.06,406.02,12311,80,1,premium cap 25 built to climb,Built to climb. Premium cap.,image,1:1,adult,img_cap:Image
ad_01860,2023-11,169.69,219.8,8192,46,0,climb further in our shorts,climb further in our new shorts.,video,1:1,accessories,vid_shorts:Video|climb:Verb|gear up for summer:Phrase
ad_01861,2023-11,434.3,1737.76,11330,88,1,shell for every train,Built to train. Premium shell. ⛰️,image,1:1,casual,img_shell:Image|shell:Noun|train:Verb
ad_01862,2023-11,287.96,771.8,11503,85,1,new shorts collection,Built to layer. Premium shorts.,image,1:1,casual,img_shorts:Image|layer:Verb
ad_01863,2023-11,102.38,122.27,11124,41,0,new vest collection,shred further in our new vest.,image,9:16,sale,img_vest:Image|shred:Verb|gravel ready:Phrase
ad_01864,2023-11,502.82,2528.21,14953,92,2,new jersey collection,climb further in our new jersey.,image,4:5,accessories,img_jersey:Image|jersey:Noun|new arrivals:Phrase
ad_01865,2023-11,159.34,441.21,9350,74,1,race further in our vest,Built to race. Premium vest. 💪,image,1:1,commute,img_vest:Image|vest:Noun|race:Verb
ad_01866,2023-11,250.06,1200.06,36235,474,9,the bibs 10 you need to train,Our bibs lets you train better.,image,1:1,adventure,img_bibs:Image|bibs:Noun|train:Verb
ad_01867,2023-11,95.1,447.4,15125,183,5,gear further 4 in our kit,gear further in our new kit.,image,9:16,adventure,img_kit:Image|kit:Noun|gear:Verb
ad_01868,2023-11,127.35,856.03,19684,240,7,the armwarmers you need to train,"14 Built for the long haul. Our premium armwarmers combines technical fabrics with a refined fit so you can train harder and go further, no matter what the forecast brings this season.",image,4:5,adventure,img_armwarmers:Image|armwarmers:Noun|all day comfort:Phrase
ad_01869,2023-11,311.4,810.76,25120,164,3,jacket for every explore,explore further in our new jacket.,image,1:1,mountain,img_jacket:Image|jacket:Noun
ad_01870,2023-11,98.59,119.96,44936,224,2,new vest collection,Our vest lets you sprint better.,video,1:1,mountain,vid_vest:Video|vest:Noun
ad_01871,2023-11,172.68,336.2,25731,143,1,the socks you need to sprint,Ride ready. Try our socks today. 🚴,video,4:5,adult,vid_socks:Video
ad_01872,2023-11,221.6,218.19,14423,69,1,shell for every explore,"Engineered for performance on every terrain. Our shell is designed to help you explore with total confidence, whether you are on a mountain pass or a city commute through changing weather.",video,1:1,commute,vid_shell:Video|shell:Noun|explore:Verb
ad_01873,2023-11,90.43,184.24,9549,55,1,shell for every pedal,Ride ready. Try our shell today.,image,9:16,commute,img_shell:Image|pedal:Verb
ad_01874,2023-11,57.5,198.83,19333,195,4,new socks collection,Ride ready. Try our socks today.,image,9:16,adventure,img_socks:Image
ad_01875,2023-11,287.94,1201.48,27769,288,6,new socks collection,Ride ready. Try our socks today.,video,4:5,gravel,vid_socks:Video|train:Verb|adventure awaits:Phrase
ad_01876,2023-11,931.08,1304.52,17527,112,1,premium jacket built to conquer,Our jacket lets you conquer better.,video,4:5,road,vid_jacket:Video|conquer:Verb
ad_01877,2023-11,220.0,694.95,16867,94,1,16 premium cap built to sprint,Ride ready. Try our cap today.,image,9:16,road,img_cap:Image
ad_01878,2023-11,246.85,939.04,18165,175,3,train 20 further in our gloves,train further in our new gloves.,video,1:1,adventure,vid_gloves:Video|gloves:Noun|train:Verb|all day comfort:Phrase
ad_01879,2023-11,98.29,219.15,6410,42,1,the jersey you need to sprint,Our jersey lets you sprint better.,video,1:1,mountain,vid_jersey:Video|jersey:Noun|adventure awaits:Phrase
ad_01880,2023-11,403.48,387.78,17567,51,0,premium cap built to explore,"Built for the long haul. Our premium cap combines technical fabrics with a refined fit so you can explore harder and go further, no matter what the forecast brings this season.",video,4:5,sale,vid_cap:Video|cap:Noun
ad_01881,2023-11,133.25,570.69,23545,251,6,premium tights built to climb,"Lightweight and breathable, this tights keeps you comfortable from the first pedal stroke to the last. Designed for riders who climb in all conditions and demand the very best from their gear.",image,4:5,adventure,img_tights:Image|tights:Noun
ad_01882,2023-11,335.81,1836.23,15958,165,3,premium wardrobe built to train,Our wardrobe lets you train better. ⛰️,image,4:5,gravel,img_wardrobe:Image|train:Verb
ad_01883,2023-11,240.49,523.02,28632,173,2,new socks collection,"Engineered for 28 performance on every terrain. Our socks is designed to help you train with total confidence, whether you are on a mountain pass or a city commute through changing weather. ☀️",image,1:1,accessories,img_socks:Image|socks:Noun|train:Verb
ad_01884,2023-11,244.04,1350.19,29114,303,7,new socks collection,explore further in our new socks.,image,4:5,commute,img_socks:Image|socks:Noun|explore:Verb|new arrivals:Phrase
ad_01885,2023-11,238.48,853.97,12690,96,1,climb further in our gloves,Our gloves lets you 12 climb better. ☀️,image,1:1,sale,img_gloves:Image|gloves:Noun|cold weather essentials:Phrase
ad_01886,2023-11,233.97,112.85,20362,47,0,new vest collection,"Lightweight and breathable, this vest keeps you comfortable from the first pedal stroke to the last. Designed for riders who train in all conditions and demand the very best from their gear.",video,9:16,sale,vid_vest:Video|vest:Noun
ad_01887,2023-11,198.02,487.59,16679,127,2,bibs for every shred,shred further in our new bibs. ☀️,image,9:16,road,img_bibs:Image|bibs:Noun|gravel ready:Phrase
ad_01888,2023-11,298.83,1699.67,5921,55,1,premium cap built to ride,Our cap lets you ride better. ☀️,image,4:5,gravel,img_cap:Image|cap:Noun|ride:Verb
ad_01889,2023-11,108.06,252.8,14867,86,1,new kit collection,descend further in our new kit. ⛰️,video,4:5,mountain,vid_kit:Video
ad_01890,2023-11,144.75,411.35,9751,62,1,tights for every sprint,Ride ready. Try our tights today.,video,4:5,casual,vid_tights:Video|tights:Noun
ad_01891,2023-11,403.09,1099.66,17457,101,1,22 vest for every descend,"Engineered for performance on every terrain. Our vest is designed to help you descend with total confidence, whether you are on a mountain pass or a city commute through changing weather. 🌧️",image,1:1,mountain,img_vest:Image|vest:Noun
ad_01892,2023-11,185.32,425.39,22969,140,2,the armwarmers 25 you need to climb,"Lightweight and breathable, this armwarmers keeps you comfortable from 2 the first pedal stroke to the last. Designed for riders who climb in all conditions and demand the very best from their gear.",video,9:16,gravel,vid_armwarmers:Video
ad_01893,2023-11,137.38,114.24,14643,61,1,conquer further in our socks,Ride ready. Try our socks today.,video,9:16,road,vid_socks:Video
ad_01894,2023-11,310.83,1598.4,10410,104,2,baselayer for every gear,gear further in 19 our new baselayer.,image,9:16,casual,img_baselayer:Image|baselayer:Noun|gear:Verb|cold weather essentials:Phrase
ad_01895,2023-11,276.1,904.8,18352,165,2,layer further in our cap,"Engineered for performance on every terrain. Our cap is designed to help you layer with total confidence, whether you are on a mountain pass or a city commute through changing weather.",image,4:5,commute,img_cap:Image|layer:Verb
ad_01896,2023-11,76.59,89.35,55402,346,3,baselayer for every train,"Engineered for performance on every terrain. Our baselayer is designed to help you train with total confidence, whether you are on a mountain pass or a city commute through changing weather.",video,9:16,gravel,vid_baselayer:Video|baselayer:Noun
ad_01897,2023-11,258.86,1630.56,5510,38,1,13 conquer further in our vest,conquer further in our new vest.,image,4:5,commute,img_vest:Image|vest:Noun
ad_01898,2023-11,181.4,463.34,18342,160,4,new socks collection,Ride ready. 24 Try our socks today.,video,9:16,urban,vid_socks:Video|socks:Noun|cold weather essentials:Phrase
ad_01899,2023-11,256.07,594.32,12440,62,1,premium socks built to explore,Built to explore. Premium socks.,video,4:5,accessories,vid_socks:Video|socks:Noun|explore:Verb|gravel ready:Phrase
ad_01900,2023-11,168.13,907.92,13194,93,2,the kit you need to climb,Ride ready. Try our kit today.,image,4:5,adult,img_kit:Image|ride in comfort:Phrase
ad_01901,2023-11,220.72,468.69,15494,109,2,new tights collection,Built to conquer. Premium tights.,video,1:1,gravel,vid_tights:Video|tights:Noun|conquer:Verb
ad_01902,2023-11,55.69,168.09,13746,72,1,new socks collection,Built 15 to layer. Premium socks.,image,1:1,accessories,img_socks:Image|socks:Noun|layer:Verb
ad_01903,2023-11,97.65,342.15,22058,290,6,the gloves you need to conquer,"Engineered for performance on every terrain. Our gloves is designed to help you conquer with total confidence, whether you are on a mountain pass or a city commute through changing weather.",image,1:1,adventure,img_gloves:Image|gloves:Noun|race day ready:Phrase
ad_01904,2023-11,260.44,411.65,14467,72,1,new jacket collection,cruise further in our new jacket. 🌧️,video,1:1,sale,vid_jacket:Video|jacket:Noun|adventure awaits:Phrase
ad_01905,2023-11,805.27,2409.16,5539,42,1,4 premium tights built to push,Our tights lets you push better.,image,9:16,commute,img_tights:Image|push:Verb
ad_01906,2023-11,208.24,280.15,30957,177,2,premium shorts built to cruise,Ride ready. Try our shorts today.,video,9:16,gravel,vid_shorts:Video|shorts:Noun|cruise:Verb
ad_01907,2023-11,110.24,770.45,28715,404,11,16 premium vest built to cruise,cruise 23 further in our new vest.,video,1:1,adventure,vid_vest:Video|vest:Noun|trail tested:Phrase
ad_01908,2023-11,181.19,162.82,12054,62,1,premium vest built to layer,Our vest lets you layer better.,video,9:16,adult,vid_vest:Video
ad_01909,2023-11,97.74,181.41,16738,82,1,the jersey you need 3 to descend,"Lightweight and breathable, this 15 jersey keeps you comfortable from the first pedal stroke to the last. Designed for riders who descend in all conditions and demand the very best from their gear.",video,9:16,road,vid_jersey:Video
ad_01910,2023-11,353.62,1421.73,30011,298,9,new baselayer collection,Built to race. Premium baselayer. 💪,image,9:16,gravel,img_baselayer:Image|baselayer:Noun|trail tested:Phrase
ad_01911,2023-11,171.94,264.57,27367,154,2,the jersey you need to explore,"Engineered for performance on every terrain. Our jersey is designed to help you explore with total confidence, whether you are on a mountain pass or a city commute through changing weather. 🔥",image,1:1,accessories,img_jersey:Image|explore:Verb
ad_01912,2023-11,314.27,2189.81,32184,224,5,premium 7 cap built to explore,Ride ready. Try our cap today.,image,4:5,urban,img_cap:Image
ad_01913,2023-11,152.36,224.4,19688,102,1,kit for every gear,"Built for the long haul. Our premium kit combines technical fabrics with a refined fit so you can gear harder and go further, 19 no matter what the forecast brings this season.",video,1:1,road,vid_kit:Video|kit:Noun|gear:Verb|trail tested:Phrase
ad_01914,2023-11,331.46,1590.64,23988,239,5,the wardrobe you need to push,Our wardrobe lets you push better. ❄️,image,1:1,adventure,img_wardrobe:Image|wardrobe:Noun|push:Verb
ad_01915,2023-11,63.06,453.7,33021,481,15,new armwarmers collection,Ride ready. Try our armwarmers today.,video,4:5,adventure,vid_armwarmers:Video|cold weather essentials:Phrase
ad_01916,2023-11,169.53,1108.4,13751,160,3,new 25 armwarmers collection,Our 23 armwarmers lets you cruise better. ❄️,image,9:16,urban,img_armwarmers:Image|armwarmers:Noun|cruise:Verb|new arrivals:Phrase
ad_01917,2023-11,230.92,1299.08,20350,281,8,the cap you need to push,Built to push. Premium cap.,video,4:5,adventure,vid_cap:Video|cap:Noun|push:Verb|cold weather essentials:Phrase
ad_01918,2023-11,142.21,214.86,5582,37,0,new kit collection,Our kit lets you shred better.,video,9:16,casual,vid_kit:Video|kit:Noun
ad_01919,2023-11,207.27,175.61,7410,40,0,new jacket collection,"Lightweight and breathable, this jacket keeps you comfortable from the first pedal stroke to the last. Designed for riders who layer in all conditions and demand the very best from their gear.",video,9:16,casual,vid_jacket:Video|jacket:Noun|layer:Verb
ad_01920,2023-11,205.17,614.31,20963,143,2,premium shorts 8 built to descend,Built to descend. Premium shorts.,video,1:1,commute,vid_shorts:Video
ad_01921,2023-11,313.44,854.39,22626,165,2,new 24 gloves collection,Our gloves lets you ride better.,video,1:1,casual,vid_gloves:Video|gloves:Noun|ride:Verb|trail tested:Phrase
ad_01922,2023-11,242.56,729.13,13452,82,1,vest for 17 every sprint,"Lightweight and breathable, this vest keeps you comfortable from the first pedal stroke to the last. Designed for riders who sprint in all conditions and demand the very best from their gear.",image,4:5,accessories,img_vest:Image|sprint:Verb
ad_01923,2023-11,211.47,1295.32,12056,133,3,25 premium jersey built to shred,"Engineered for performance on every terrain. Our jersey is designed to help you shred with total confidence, whether you are on a mountain pass or a city commute through changing weather.",image,4:5,adventure,img_jersey:Image|jersey:Noun|shred:Verb
ad_01924,2023-11,283.16,773.53,13667,104,2,the jacket you need to cruise,Our jacket lets you cruise better.,image,1:1,commute,img_jacket:Image|cruise:Verb
ad_01925,2023-11,74.18,182.99,17970,121,2,8 wardrobe for every cruise,"Engineered for performance on every terrain. Our wardrobe is designed to help you cruise with total confidence, whether you are on a mountain pass or a city commute through changing weather.",image,1:1,mountain,img_wardrobe:Image|wardrobe:Noun
ad_01926,2023-11,106.36,123.87,5134,19,0,new gloves collection,"Built for the long haul. Our premium gloves combines technical 10 fabrics with a refined fit so you can cruise harder and go further, no matter what the forecast brings this season.",video,1:1,road,vid_gloves:Video|gloves:Noun|cruise:Verb
ad_01927,2023-11,72.76,143.13,20606,183,3,new shell collection,Our shell lets you gear better.,video,9:16,adventure,vid_shell:Video|shell:Noun
ad_01928,2023-11,232.17,949.47,16593,80,1,cruise further in our shell,cruise further 18 in our new shell.,image,1:1,mountain,img_shell:Image|shell:Noun
ad_01929,2023-11,214.13,463.84,18476,137,3,the wardrobe you need to ride,"Lightweight and breathable, this wardrobe keeps you comfortable from the first pedal stroke to the last. Designed for riders who ride in all conditions and demand the very best from their gear. 🌧️",video,1:1,adventure,vid_wardrobe:Video|wardrobe:Noun
ad_01930,2023-11,383.56,2026.69,15347,106,2,19 new vest collection,Our vest lets you ride better.,image,1:1,road,img_vest:Image|vest:Noun|adventure awaits:Phrase
ad_01931,2023-11,206.3,1476.21,8176,108,3,premium bibs built to train,Our bibs lets you train better.,image,4:5,gravel,img_bibs:Image|bibs:Noun|built to last:Phrase
ad_01932,2023-11,114.35,161.64,9428,76,1,5 layer further in our cap,"Lightweight and breathable, this cap keeps you comfortable from the first pedal stroke to the last. Designed for riders who layer in all conditions and demand the very best from their gear.",video,1:1,adult,vid_cap:Video|cap:Noun|layer:Verb|cold weather essentials:Phrase
ad_01933,2023-11,181.04,131.91,34971,117,1,the cap you need to sprint,"Built for the long haul. Our premium cap combines technical fabrics with a refined fit so you can sprint harder and go further, no matter what the forecast brings this season.",image,1:1,sale,img_cap:Image|cap:Noun|sprint:Verb
ad_01934,2023-11,54.22,171.25,11840,77,1,the shell you need to explore,explore further in our new shell. ⛰️,video,4:5,adult,vid_shell:Video|shell:Noun|new arrivals:Phrase
ad_01935,2023-11,130.76,889.82,24451,255,6,new jersey collection,Ride ready. Try our jersey today. ⛰️,image,4:5,gravel,img_jersey:Image|jersey:Noun|all day comfort:Phrase
ad_01936,2023-11,40.86,123.23,9503,70,1,shorts for every train,"Built for the long haul. Our premium shorts combines technical fabrics with a 8 refined fit so you can train harder and go further, no matter what the forecast brings this season.",image,4:5,urban,img_shorts:Image|shorts:Noun|train:Verb
ad_01937,2023-11,203.45,375.36,16204,95,1,new 10 socks collection,explore further in our new socks.,video,9:16,adult,vid_socks:Video|explore:Verb|built to last:Phrase
ad_01938,2023-11,141.28,209.71,13098,66,1,kit for every gear,Our kit lets you gear better.,video,9:16,mountain,vid_kit:Video|kit:Noun|gravel ready:Phrase
ad_01939,2023-11,154.31,379.15,14140,105,1,cap for every ride,Built to ride. Premium cap.,image,9:16,urban,img_cap:Image|cap:Noun
ad_01940,2023-11,95.52,323.09,13774,141,3,premium gloves built to explore,Ride 4 ready. Try our gloves today. ⛰️,video,9:16,casual,vid_gloves:Video|cold weather essentials:Phrase
ad_01941,2023-11,111.83,172.45,33607,201,3,new baselayer collection,"Lightweight and breathable, this baselayer keeps you comfortable from the first pedal stroke to the last. Designed for riders who ride in all conditions and demand the very best from their gear.",image,9:16,urban,img_baselayer:Image|your spring wardrobe:Phrase
ad_01942,2023-11,253.13,2113.17,42799,577,17,the socks you 25 need to ride,ride further in our new socks.,image,9:16,adventure,img_socks:Image|socks:Noun|built to last:Phrase
ad_01943,2023-11,70.57,488.61,18386,160,3,18 tights for every layer,Built to layer. Premium tights.,image,4:5,casual,img_tights:Image|tights:Noun
ad_01944,2023-11,226.27,447.52,13282,80,1,new kit collection,"Engineered for performance on every terrain. Our kit is designed to help you shred with total confidence, whether you are on a mountain pass or a city commute through changing weather.",video,4:5,mountain,vid_kit:Video|kit:Noun|shred:Verb|cold weather essentials:Phrase
ad_01945,2023-11,102.68,162.52,8399,57,1,cruise further in our jacket,Built to cruise. Premium jacket.,video,1:1,gravel,vid_jacket:Video|jacket:Noun|cruise:Verb
ad_01946,2023-11,60.93,194.58,8115,72,1,conquer further in our kit,"Lightweight and breathable, this kit keeps you 20 comfortable from the first pedal stroke to the last. Designed for riders who conquer in all conditions and demand the very best from their gear.",image,9:16,adventure,img_kit:Image|conquer:Verb
ad_01947,2023-11,348.67,686.48,33698,164,2,the shell you need to descend,Our shell lets you descend better.,video,4:5,accessories,vid_shell:Video
ad_01948,2023-11,370.86,1025.26,7834,52,1,wardrobe for every pedal,pedal further in our new wardrobe. ⛰️,image,1:1,mountain,img_wardrobe:Image|wardrobe:Noun
ad_01949,2023-11,120.86,312.21,13100,64,1,premium tights built to pedal,Ride ready. Try our tights today. 🏔️,image,1:1,accessories,img_tights:Image
ad_01950,2023-11,120.15,255.26,17645,98,1,new shorts collection,"Engineered for performance on every terrain. Our shorts is designed to help you shred with total confidence, whether you are on a mountain pass or a 29 city commute through changing weather.",image,9:16,mountain,img_shorts:Image|your spring wardrobe:Phrase
ad_01951,2023-11,143.71,159.32,4446,19,0,the vest you need to descend,"Lightweight and breathable, this vest keeps you comfortable from the first pedal stroke to the last. 23 Designed for riders who descend in all conditions and demand the very best from their gear.",video,1:1,mountain,vid_vest:Video
ad_01952,2023-11,102.75,168.66,8736,51,1,cap for every ride,Ride ready. Try our cap today.,video,1:1,casual,vid_cap:Video|cap:Noun
ad_01953,2023-11,114.21,475.72,8361,64,1,the gloves you need to train,Built to train. Premium gloves.,image,4:5,commute,img_gloves:Image|gloves:Noun|train:Verb
ad_01954,2023-11,218.84,386.25,11704,74,1,cruise further in our kit,"Built for the long haul. Our premium kit combines technical fabrics with a refined fit so you can cruise harder and go further, no matter what the forecast brings this season.",image,9:16,road,img_kit:Image|adventure awaits:Phrase
ad_01955,2023-11,579.78,2355.23,18580,141,3,tights for every conquer,"Engineered for performance on every terrain. Our tights is designed to help you conquer with total confidence, whether you are on a mountain pass or a city commute through changing weather.",image,4:5,casual,img_tights:Image|tights:Noun|built to last:Phrase
ad_01956,2023-11,135.03,415.44,27294,230,4,kit for every cruise,Built to cruise. Premium kit.,image,1:1,commute,img_kit:Image|cruise:Verb|race day ready:Phrase
ad_01957,2023-11,308.64,747.78,11716,93,1,ride further in 18 our vest,"Lightweight and breathable, this vest keeps you comfortable from the first pedal stroke to the last. Designed for riders who ride in all conditions and demand the very best from their gear.",video,1:1,casual,vid_vest:Video|vest:Noun|built to last:Phrase
ad_01958,2023-11,206.45,1295.87,12961,105,2,the vest 24 you need to sprint,"Engineered for performance on every terrain. Our vest is designed to help you sprint with total confidence, whether you are on a mountain pass or a city commute through changing weather.",image,4:5,casual,img_vest:Image|sprint:Verb|built to last:Phrase
ad_01959,2023-11,61.25,76.77,15379,64,1,10 shred further in our armwarmers,Built to shred. Premium armwarmers.,video,9:16,adult,vid_armwarmers:Video|shred:Verb
ad_01960,2023-11,164.62,217.7,10914,69,1,armwarmers for every ride,"Lightweight and breathable, this armwarmers keeps you comfortable from the first pedal stroke to the last. Designed for riders who ride in all conditions and demand the very best from their gear.",image,9:16,urban,img_armwarmers:Image|armwarmers:Noun|ride:Verb
ad_01961,2023-11,152.67,554.51,20119,147,2,shell for every race,Ride ready. Try our 22 shell today.,video,4:5,mountain,vid_shell:Video|shell:Noun|race:Verb|adventure awaits:Phrase
ad_01962,2023-11,402.24,2117.22,20432,151,2,23 premium kit built to shred,Our kit lets you shred better.,image,4:5,accessories,img_kit:Image|kit:Noun
ad_01963,2023-11,412.16,1080.86,4187,33,1,new bibs collection,conquer further in our new bibs.,video,1:1,casual,vid_bibs:Video|bibs:Noun|conquer:Verb|adventure awaits:Phrase
ad_01964,2023-11,209.43,373.41,22477,114,1,the socks you need to cruise,Ride ready. 16 Try our socks today.,video,1:1,accessories,vid_socks:Video
ad_01965,2023-11,346.15,2142.28,17398,158,3,25 new jersey collection,Ride ready. Try our jersey today.,image,4:5,mountain,img_jersey:Image|jersey:Noun|gear up for summer:Phrase
ad_01966,2023-11,153.01,748.88,18581,178,3,the shell you need to ride,Built to ride. Premium shell.,image,4:5,adult,img_shell:Image|new arrivals:Phrase
ad_01967,2023-11,326.99,681.89,29446,177,2,premium jacket built to train,Ride ready. Try our jacket today.,image,1:1,accessories,img_jacket:Image|train:Verb|all day comfort:Phrase
ad_01968,2023-11,177.42,1358.93,6683,73,2,premium 25 vest built to pedal,"Engineered for performance on every terrain. Our vest is designed to help you pedal with total confidence, whether you are on a mountain pass or a city commute through changing weather.",image,4:5,adventure,img_vest:Image
ad_01969,2023-11,322.76,690.84,8715,75,1,conquer further in our gloves,Built to conquer. Premium gloves.,image,9:16,commute,img_gloves:Image|conquer:Verb
ad_01970,2023-11,343.08,1294.78,15763,136,2,gear further 10 in our socks,gear further in our new socks.,image,9:16,casual,img_socks:Image|gear:Verb|your spring wardrobe:Phrase
ad_01971,2023-11,256.77,977.62,5115,30,0,new socks collection,Ride ready. Try our socks today.,image,4:5,mountain,img_socks:Image
ad_01972,2023-11,107.06,206.97,14687,84,1,layer further in our socks,"Lightweight and breathable, this socks keeps you comfortable from the first pedal stroke to the last. Designed for riders who layer in all conditions and demand the very best from their gear.",image,4:5,adult,img_socks:Image|layer:Verb
ad_01973,2023-11,129.8,406.46,24923,232,4,the cap you need to shred,Built to shred. Premium cap.,video,4:5,casual,vid_cap:Video|shred:Verb|new arrivals:Phrase
ad_01974,2023-11,262.35,409.78,19907,95,1,premium vest built to explore,Built to explore. Premium vest.,video,1:1,adult,vid_vest:Video|race day ready:Phrase
ad_01975,2023-12,285.54,291.59,16984,68,1,sprint 23 further in our armwarmers,Ride ready. Try our armwarmers today.,video,9:16,mountain,vid_armwarmers:Video
ad_01976,2023-12,183.71,311.26,14533,89,1,premium armwarmers built to push,Ride ready. Try our armwarmers today.,video,1:1,road,vid_armwarmers:Video|gear up for summer:Phrase
ad_01977,2023-12,138.51,317.18,13182,69,1,bibs for every train,Our 2 bibs lets you train better.,image,9:16,mountain,img_bibs:Image
ad_01978,2023-12,187.38,195.01,12807,54,0,premium wardrobe built to pedal,"Lightweight and breathable, this wardrobe keeps you comfortable from the first pedal stroke to the last. Designed for riders who pedal in all conditions and demand the very best from their gear. ⛰️",video,1:1,accessories,vid_wardrobe:Video|wardrobe:Noun|pedal:Verb
ad_01979,2023-12,141.35,856.47,18304,169,3,15 new socks collection,conquer 9 further in our new socks. 🔥,image,9:16,adventure,img_socks:Image|socks:Noun|conquer:Verb
ad_01980,2023-12,141.82,191.33,7518,66,1,cruise further in our gloves,"Lightweight and breathable, this gloves keeps you comfortable from the first pedal stroke to the last. Designed for riders who cruise in all conditions and demand the very best from their gear.",video,1:1,adventure,vid_gloves:Video|cruise:Verb|new arrivals:Phrase
ad_01981,2023-12,541.5,1806.77,33931,185,2,premium bibs built 14 to layer,layer further in our new bibs. 🏔️,video,4:5,accessories,vid_bibs:Video|bibs:Noun|layer:Verb
ad_01982,2023-12,125.59,576.81,11290,85,1,22 the baselayer you need to cruise,Our baselayer lets you cruise better.,image,4:5,mountain,img_baselayer:Image|new arrivals:Phrase
ad_01983,2023-12,226.56,521.5,21577,108,1,shorts for 10 every descend,Built to descend. Premium shorts.,video,4:5,accessories,vid_shorts:Video|descend:Verb
ad_01984,2023-12,183.11,262.18,16996,87,1,the jersey you need to sprint,"Built for the long haul. Our premium jersey combines technical fabrics with a refined fit so you can sprint harder and go further, no matter what the forecast brings this season.",video,4:5,urban,vid_jersey:Video|sprint:Verb|lightweight layers:Phrase
ad_01985,2023-12,80.03,327.26,9170,74,1,the jacket you need to pedal,Ride ready. Try our jacket today.,image,4:5,casual,img_jacket:Image|jacket:Noun|pedal:Verb|all day comfort:Phrase
ad_01986,2023-12,78.39,154.7,31159,137,1,the kit you need to ride,ride further in 11 our new kit.,video,4:5,sale,vid_kit:Video|ride:Verb|gravel ready:Phrase
ad_01987,2023-12,159.12,412.76,28036,177,2,new shell collection,Built to push. Premium shell. ⛰️,image,1:1,accessories,img_shell:Image|shell:Noun|push:Verb
ad_01988,2023-12,51.76,27.02,7444,20,0,cruise further in our armwarmers,"Lightweight and breathable, this armwarmers keeps you comfortable from the first pedal stroke to the last. Designed for riders who cruise in all conditions and demand the very best from their gear.",video,1:1,sale,vid_armwarmers:Video|armwarmers:Noun
ad_01989,2023-12,500.98,2464.53,15737,111,2,new 12 baselayer collection,Our baselayer lets 8 you gear better.,image,1:1,accessories,img_baselayer:Image|gear:Verb|race day ready:Phrase
ad_01990,2023-12,134.47,980.18,18110,143,3,20 the gloves you need to layer,Built to layer. 27 Premium gloves.,image,1:1,road,img_gloves:Image|gloves:Noun|layer:Verb|gravel ready:Phrase
ad_01991,2023-12,128.05,795.93,5796,76,2,ride further in our bibs,Our bibs lets you ride better.,image,4:5,adventure,img_bibs:Image|bibs:Noun|new arrivals:Phrase
ad_01992,2023-12,347.98,883.15,5655,28,0,the socks you 6 need to train,train further in our new socks.,image,9:16,urban,img_socks:Image|train:Verb
ad_01993,2023-12,153.53,199.65,10761,47,0,premium kit built to cruise,"Built for the long haul. Our premium kit combines technical fabrics with a refined fit so you can cruise harder and go further, no matter 9 what the forecast brings this season.",video,9:16,accessories,vid_kit:Video|kit:Noun|cruise:Verb|gravel ready:Phrase
ad_01994,2023-12,246.89,305.81,8467,52,1,the armwarmers you need to train,"Lightweight and breathable, this armwarmers keeps you comfortable from the first pedal stroke to the last. Designed for riders who train in all conditions and demand the very best from their gear.",image,9:16,gravel,img_armwarmers:Image|armwarmers:Noun|train:Verb
ad_01995,2023-12,118.48,637.4,9689,77,1,the gloves you need to layer,Built to layer. Premium gloves.,image,4:5,road,img_gloves:Image|gloves:Noun|gravel ready:Phrase
ad_01996,2023-12,171.67,209.73,8468,27,0,premium tights built to cruise,Ride 16 ready. Try our tights today.,video,9:16,sale,vid_tights:Video|tights:Noun|lightweight layers:Phrase
ad_01997,2023-12,298.69,1004.09,15357,112,2,race further in our baselayer,race further in our 23 new baselayer.,image,9:16,road,img_baselayer:Image|baselayer:Noun|trail tested:Phrase
ad_01998,2023-12,99.61,94.4,10450,29,0,premium vest built to shred,"Built for the long haul. Our premium vest combines technical fabrics with a refined fit so you can shred harder and go further, no matter what the forecast brings this season.",image,1:1,sale,img_vest:Image|vest:Noun|shred:Verb
ad_01999,2023-12,229.28,226.0,28496,139,1,bibs for every race,Our bibs lets you race better.,video,9:16,road,vid_bibs:Video|bibs:Noun|race:Verb
ad_02000,2023-12,39.19,78.89,17866,81,1,premium armwarmers 6 built to race,Ride ready. Try our armwarmers today.,video,1:1,urban,vid_armwarmers:Video
ad_02001,2023-12,356.96,464.43,24287,155,2,premium cap built to sprint,"Lightweight and breathable, this cap keeps you comfortable from the first pedal stroke to the last. Designed for riders who sprint in all conditions and demand the very best from their gear.",video,4:5,commute,vid_cap:Video|cap:Noun
ad_02002,2023-12,119.64,253.12,7019,43,1,train further in our cap,train further in our 16 new cap.,video,1:1,gravel,vid_cap:Video|train:Verb
ad_02003,2023-12,158.69,535.28,11925,98,2,premium jersey 15 built to shred,"Built for the long haul. Our premium jersey combines technical fabrics with a refined fit so you can shred harder and go further, no matter what the forecast brings this season. ☀️",video,4:5,adventure,vid_jersey:Video
ad_02004,2023-12,157.52,969.8,17477,103,1,new cap collection,Our 29 cap lets you gear better. 🔥,image,4:5,sale,img_cap:Image|cap:Noun|new arrivals:Phrase
ad_02005,2023-12,93.07,182.53,20476,123,2,the shell you need to conquer,conquer further in our new shell. ❄️,image,9:16,urban,img_shell:Image|shell:Noun|conquer:Verb
ad_02006,2023-12,88.88,110.16,11810,80,1,new vest collection,ride further in our new vest.,video,1:1,casual,vid_vest:Video|vest:Noun|ride:Verb
ad_02007,2023-12,228.41,1847.31,12708,98,2,gloves 4 for every explore,Our 7 gloves lets you explore better.,image,4:5,commute,img_gloves:Image|explore:Verb
ad_02008,2023-12,234.94,426.27,13423,52,0,premium bibs built to climb,21 Our bibs lets you climb better.,video,4:5,mountain,vid_bibs:Video|bibs:Noun|climb:Verb
ad_02009,2023-12,98.21,474.59,14067,102,1,new shorts collection,Built to shred. Premium shorts.,image,4:5,mountain,img_shorts:Image|adventure awaits:Phrase
ad_02010,2023-12,231.12,1165.74,48176,398,6,the jersey you need to climb,22 Our jersey lets you climb better.,image,4:5,urban,img_jersey:Image|jersey:Noun|climb:Verb|all day comfort:Phrase
ad_02011,2023-12,233.47,521.21,19094,145,1,new 5 armwarmers collection,"Engineered for performance on every terrain. Our armwarmers is designed to help you gear with total confidence, whether you are on a mountain pass or a city commute through changing weather. ❄️",video,1:1,casual,vid_armwarmers:Video|armwarmers:Noun|gear:Verb|gravel ready:Phrase
ad_02012,2023-12,133.14,416.79,16655,104,2,premium kit built to train,Ride ready. Try our kit today.,image,1:1,commute,img_kit:Image|kit:Noun
ad_02013,2023-12,76.88,196.12,8700,45,0,the gloves you need to race,Ride ready. 15 Try our gloves today.,video,4:5,mountain,vid_gloves:Video|gloves:Noun|race:Verb|all day comfort:Phrase
ad_02014,2023-12,163.33,226.39,8803,39,0,ride further in our gloves,Our gloves lets you ride better.,image,9:16,mountain,img_gloves:Image|gloves:Noun|ride:Verb
ad_02015,2023-12,207.96,495.35,14675,89,1,the vest you need to shred,Built to shred. Premium vest.,video,4:5,casual,vid_vest:Video|vest:Noun|shred:Verb
ad_02016,2023-12,161.26,200.87,28730,162,2,the socks you need to shred,shred further in our new socks.,video,9:16,casual,vid_socks:Video|socks:Noun|shred:Verb|lightweight layers:Phrase
ad_02017,2023-12,117.08,145.53,14779,80,1,premium kit built to conquer,"Built for the long haul. Our premium kit combines technical fabrics with a refined fit so you can conquer harder and go further, no matter what the forecast brings this season.",image,9:16,urban,img_kit:Image
ad_02018,2023-12,221.07,690.05,15099,118,2,jacket for every ride,Ride ready. Try our jacket today.,image,1:1,casual,img_jacket:Image|ride:Verb|ride in comfort:Phrase
ad_02019,2023-12,356.92,1131.92,11253,92,2,push further in our shell,Ride ready. Try our 22 shell today.,video,1:1,casual,vid_shell:Video|trail tested:Phrase
ad_02020,2023-12,105.23,262.75,6834,49,1,conquer further 29 in our tights,conquer further in our new tights.,video,1:1,urban,vid_tights:Video|tights:Noun|new arrivals:Phrase
ad_02021,2023-12,139.7,857.48,20312,145,2,new kit collection,Built to ride. 9 Premium kit.,image,4:5,commute,img_kit:Image|kit:Noun
ad_02022,2023-12,866.28,1555.77,14377,83,1,layer further in our socks,Built to layer. Premium socks.,video,1:1,adventure,vid_socks:Video|socks:Noun
ad_02023,2023-12,198.91,236.43,20405,109,1,the gloves you need to descend,Our gloves lets you descend better.,video,9:16,gravel,vid_gloves:Video|gloves:Noun
ad_02024,2023-12,78.12,248.8,17639,148,2,the armwarmers you need to cruise,Built to cruise. Premium armwarmers. 💪,video,4:5,commute,vid_armwarmers:Video|race day ready:Phrase
ad_02025,2023-12,125.43,233.35,10082,55,1,the cap you need to sprint,Built to sprint. Premium cap.,image,1:1,accessories,img_cap:Image|sprint:Verb
ad_02026,2023-12,106.08,243.42,18274,106,1,premium armwarmers built 20 to explore,Our armwarmers lets you explore better.,image,9:16,road,img_armwarmers:Image|explore:Verb
ad_02027,2023-12,209.88,351.12,8561,33,0,ride further 9 in our shell,"Lightweight and breathable, this shell keeps you comfortable from the first pedal stroke to the last. Designed for riders who ride in all conditions and demand the very best from their gear. 🏔️",video,1:1,adult,vid_shell:Video|shell:Noun
ad_02028,2023-12,200.93,298.3,18202,112,2,premium vest built to train,Our vest lets you train better.,video,1:1,mountain,vid_vest:Video|vest:Noun|train:Verb|cold weather essentials:Phrase
ad_02029,2023-12,114.03,129.08,15821,53,0,25 shell for every climb,"Lightweight and breathable, this shell keeps you comfortable from the first pedal stroke to the last. Designed for riders who climb in all conditions and demand the very best from their gear.",video,1:1,sale,vid_shell:Video|shell:Noun|ride in comfort:Phrase
ad_02030,2023-12,508.82,486.5,35271,136,2,cruise further in our cap,Ride ready. Try our cap today.,video,9:16,road,vid_cap:Video
ad_02031,2023-12,175.81,441.78,10584,56,1,new jersey collection,Built to pedal. Premium jersey.,video,4:5,gravel,vid_jersey:Video|jersey:Noun
ad_02032,2023-12,127.09,141.83,8409,34,0,sprint further in our baselayer,Ride ready. Try our baselayer today. ⛰️,video,9:16,accessories,vid_baselayer:Video|baselayer:Noun|sprint:Verb
ad_02033,2023-12,80.29,187.87,13279,112,2,bibs for every race,"Lightweight and breathable, this bibs keeps you comfortable from the first pedal stroke to the last. Designed for riders who race in all conditions and demand the very best from their gear.",video,4:5,adventure,vid_bibs:Video|bibs:Noun
ad_02034,2023-12,97.66,434.14,22138,249,5,conquer further in our tights,Our tights lets you conquer better.,image,1:1,gravel,img_tights:Image|cold weather essentials:Phrase
ad_02035,2023-12,79.1,304.84,4031,31,1,23 wardrobe for every shred,Ride ready. Try our wardrobe today.,video,4:5,commute,vid_wardrobe:Video|shred:Verb|cold weather essentials:Phrase
ad_02036,2023-12,149.0,327.79,25293,127,2,premium gloves built to ride,Built to ride. Premium gloves.,image,1:1,mountain,img_gloves:Image|gloves:Noun|ride:Verb|ride in comfort:Phrase
ad_02037,2023-12,98.23,194.63,14709,72,1,the baselayer you need to gear,Ride ready. Try our baselayer today. 🚴,video,4:5,mountain,vid_baselayer:Video|baselayer:Noun
ad_02038,2023-12,267.39,1450.15,9224,80,1,new 24 kit collection,"Engineered for performance on every terrain. Our kit is designed to help you sprint with total confidence, whether you are on a mountain pass 21 or a city commute through changing weather. 🏔️",video,4:5,commute,vid_kit:Video|kit:Noun|gravel ready:Phrase
ad_02039,2023-12,117.64,538.47,13583,156,3,new 15 shell collection,Our shell lets you push better.,image,1:1,adventure,img_shell:Image|shell:Noun|push:Verb|ride in comfort:Phrase
ad_02040,2023-12,276.56,670.84,11271,44,0,the cap you need to cruise,cruise further in our new cap.,image,4:5,sale,img_cap:Image|cap:Noun|your spring wardrobe:Phrase
ad_02041,2023-12,224.35,653.73,8848,64,1,the shorts you need to cruise,"Lightweight and breathable, this shorts keeps you comfortable from the first pedal stroke to the last. Designed for riders who cruise in all conditions and demand the very best from their gear.",image,4:5,casual,img_shorts:Image|shorts:Noun
ad_02042,2023-12,246.07,1064.76,6193,44,1,sprint further in our baselayer,Ride 28 ready. Try our baselayer today.,video,4:5,gravel,vid_baselayer:Video|baselayer:Noun|all day comfort:Phrase
ad_02043,2023-12,286.11,862.13,23524,112,1,premium shell built 18 to pedal,Ride ready. Try our shell today. ☀️,image,9:16,sale,img_shell:Image|shell:Noun|ride in comfort:Phrase
ad_02044,2023-12,552.42,951.18,12342,58,1,train further in our gloves,Our gloves lets you train better. ☀️,video,1:1,adult,vid_gloves:Video|gloves:Noun
ad_02045,2023-12,100.38,603.66,13424,130,2,new 22 wardrobe collection,Our wardrobe lets you climb better.,image,4:5,commute,img_wardrobe:Image|climb:Verb
ad_02046,2023-12,277.53,874.71,24907,217,3,7 new tights collection,Built to race. Premium tights.,image,9:16,gravel,img_tights:Image
ad_02047,2023-12,212.13,510.57,16789,90,1,new 12 vest collection,Built to sprint. Premium vest.,image,9:16,accessories,img_vest:Image|vest:Noun|sprint:Verb
ad_02048,2023-12,316.17,1207.67,7486,54,1,new bibs collection,Built to ride. Premium bibs.,image,4:5,casual,img_bibs:Image|bibs:Noun
ad_02049,2023-12,178.54,764.8,22855,192,4,kit for 13 every push,push further in our new kit.,video,4:5,adventure,vid_kit:Video|kit:Noun
ad_02050,2023-12,338.3,1156.94,34284,242,4,bibs for every ride,Built to ride. Premium bibs.,image,4:5,commute,img_bibs:Image|bibs:Noun|ride:Verb
ad_02051,2023-12,76.97,164.17,20996,111,1,the shell you need 23 to shred,"Lightweight and breathable, this shell keeps you comfortable from the first pedal stroke 9 to the last. Designed for riders who shred in all conditions and demand the very best from their gear.",video,1:1,commute,vid_shell:Video|shred:Verb
ad_02052,2023-12,91.44,180.64,10594,76,1,cap 19 for every ride,Built to ride. Premium cap.,video,9:16,road,vid_cap:Video|new arrivals:Phrase
ad_02053,2023-12,118.72,244.09,7818,52,1,new kit collection,Our kit lets you layer better.,image,9:16,gravel,img_kit:Image|kit:Noun|your spring wardrobe:Phrase
ad_02054,2023-12,159.73,302.62,10403,77,1,new gloves collection,descend further in our new gloves. ☀️,video,1:1,adventure,vid_gloves:Video|gloves:Noun|descend:Verb
ad_02055,2023-12,171.77,335.94,17189,88,1,the armwarmers you need to descend,Built to descend. Premium armwarmers. 💪,image,9:16,road,img_armwarmers:Image|armwarmers:Noun|descend:Verb
ad_02056,2023-12,107.16,106.0,33311,165,2,shorts for every layer,"Lightweight and breathable, this shorts keeps you comfortable from the first pedal stroke to the last. Designed for riders who layer in all conditions and demand the very best from their gear.",video,1:1,commute,vid_shorts:Video
ad_02057,2023-12,92.18,271.78,11168,64,1,wardrobe for every train,Our 10 wardrobe lets you train better.,image,1:1,adult,img_wardrobe:Image|wardrobe:Noun|train:Verb
ad_02058,2023-12,112.75,478.23,11803,83,1,jacket for every conquer,conquer further in our new jacket.,image,4:5,accessories,img_jacket:Image|jacket:Noun|trail tested:Phrase
ad_02059,2023-12,59.9,182.79,27208,167,2,race further in our shorts,Built to race. 20 Premium shorts.,image,1:1,mountain,img_shorts:Image|shorts:Noun|race:Verb|race day ready:Phrase
ad_02060,2023-12,140.53,466.61,13141,104,2,new gloves collection,Our gloves lets you cruise better.,video,4:5,casual,vid_gloves:Video|gloves:Noun|ride in comfort:Phrase
ad_02061,2023-12,161.3,226.27,38465,123,1,kit for every cruise,Ride ready. Try our kit today.,video,4:5,sale,vid_kit:Video|kit:Noun
ad_02062,2023-12,217.66,705.67,15161,87,1,premium cap built to explore,explore further in our 2 new cap. 🏔️,video,4:5,accessories,vid_cap:Video|cap:Noun
ad_02063,2023-12,184.65,555.8,29273,228,3,the wardrobe you need to ride,Built to ride. Premium wardrobe.,image,1:1,accessories,img_wardrobe:Image|wardrobe:Noun|ride:Verb|adventure awaits:Phrase
ad_02064,2023-12,489.98,825.0,19770,124,2,the jersey you need to explore,Ride ready. Try our jersey today.,video,1:1,adventure,vid_jersey:Video
ad_02065,2023-12,271.98,814.77,23250,159,3,the jacket you need to explore,Our jacket lets you explore better.,image,9:16,commute,img_jacket:Image|jacket:Noun|gear up for summer:Phrase
ad_02066,2023-12,260.01,332.69,14943,69,1,new tights collection,"Engineered for performance on every terrain. Our tights is designed to help you push with total confidence, whether you are on a mountain pass or a city commute through changing weather.",video,4:5,urban,vid_tights:Video|tights:Noun|push:Verb
ad_02067,2023-12,207.92,821.33,15440,100,1,premium armwarmers built to explore,"Lightweight 25 and breathable, this armwarmers keeps you comfortable from the first pedal stroke to the last. Designed for riders who explore in all conditions and demand the very best from their gear.",image,4:5,urban,img_armwarmers:Image|armwarmers:Noun
ad_02068,2023-12,230.39,1095.09,20130,133,2,kit for every train,train further in our 26 new kit. ⛰️,image,1:1,casual,img_kit:Image|kit:Noun
ad_02069,2023-12,146.33,1127.82,24333,168,3,premium cap 18 built to conquer,conquer further in our new cap. 🚴,image,4:5,road,img_cap:Image|cap:Noun|all day comfort:Phrase
ad_02070,2023-12,177.34,521.71,21238,180,3,train further 21 in our tights,Ride ready. Try our tights today.,image,1:1,road,img_tights:Image|train:Verb
ad_02071,2023-12,529.14,1369.22,6747,39,1,premium jacket built to pedal,"Engineered 27 for performance on every terrain. Our jacket is designed to help you pedal with total confidence, whether you are on a mountain pass or a city commute through changing weather.",video,4:5,casual,vid_jacket:Video
ad_02072,2023-12,160.18,261.91,18571,105,1,premium baselayer built to layer,"Engineered for performance on every terrain. Our baselayer is designed to help you layer with total confidence, whether you are on a mountain pass or a city commute through changing weather.",image,1:1,road,img_baselayer:Image|baselayer:Noun|lightweight layers:Phrase
ad_02073,2023-12,75.13,119.59,11757,85,1,25 new baselayer collection,"Engineered for performance on every terrain. Our baselayer is designed to help you shred with total confidence, whether you are on a mountain pass or a city commute through changing weather.",video,1:1,adventure,vid_baselayer:Video
ad_02074,2023-12,253.76,818.04,12426,85,1,the wardrobe you need to ride,Our wardrobe lets you ride better. 🚴,image,1:1,adult,img_wardrobe:Image|wardrobe:Noun|ride:Verb|new arrivals:Phrase
ad_02075,2023-12,282.43,959.41,20523,159,3,new vest collection,cruise further in our new vest.,image,1:1,casual,img_vest:Image|vest:Noun|ride in comfort:Phrase
ad_02076,2023-12,183.28,557.65,38158,328,6,shred further in our socks,Built to shred. Premium socks.,image,1:1,casual,img_socks:Image|socks:Noun|lightweight layers:Phrase
ad_02077,2023-12,54.13,243.3,14538,117,2,jersey for 15 every race,"Engineered for performance on every terrain. Our 21 jersey is designed to help you race with total confidence, whether you are on a mountain pass or a city commute through changing weather.",video,4:5,gravel,vid_jersey:Video|jersey:Noun|race day ready:Phrase
ad_02078,2023-12,361.51,905.85,43781,301,4,new cap collection,Ride ready. Try our cap today.,image,1:1,commute,img_cap:Image|cap:Noun|gear:Verb
ad_02079,2023-12,191.76,399.15,9434,60,1,the jersey you need to push,25 Built to push. Premium jersey.,video,1:1,casual,vid_jersey:Video
ad_02080,2023-12,138.68,251.23,30224,169,2,27 new shell collection,Ride ready. Try our shell today.,video,1:1,road,vid_shell:Video|shell:Noun
ad_02081,2023-12,340.75,496.75,20249,86,1,premium baselayer built to gear,Our baselayer lets you gear better.,image,1:1,mountain,img_baselayer:Image|baselayer:Noun|gear:Verb
ad_02082,2023-12,49.58,154.62,18121,148,2,the 15 jacket you need to pedal,Ride ready. Try our jacket today.,image,9:16,gravel,img_jacket:Image|jacket:Noun
ad_02083,2023-12,178.65,169.07,32601,102,1,premium vest built to cruise,Ride ready. Try our vest today.,video,1:1,sale,vid_vest:Video
ad_02084,2023-12,120.76,237.94,11876,67,1,the socks you need to cruise,Ride ready. Try our socks today.,video,1:1,commute,vid_socks:Video|socks:Noun|all day comfort:Phrase
ad_02085,2023-12,408.95,237.57,30925,88,0,the shell you need to gear,gear further in our new shell.,video,9:16,sale,vid_shell:Video|gear:Verb
ad_02086,2023-12,193.26,314.27,14711,86,1,premium bibs built to descend,"Lightweight and breathable, this bibs keeps you comfortable from the first pedal stroke to the last. Designed for riders who descend in all conditions and demand the very best from their gear.",image,9:16,commute,img_bibs:Image|bibs:Noun
ad_02087,2023-12,99.44,105.4,11843,58,0,the jersey you need to shred,"Lightweight and breathable, this jersey keeps you comfortable from the first pedal stroke to the last. Designed for riders who shred in all conditions and demand the very best from their gear. 🔥",video,1:1,accessories,vid_jersey:Video|jersey:Noun
ad_02088,2023-12,330.72,464.57,8410,29,0,sprint further in our jersey,Built to sprint. Premium jersey.,video,4:5,sale,vid_jersey:Video|jersey:Noun
ad_02089,2023-12,38.2,219.66,36070,324,6,the gloves you need to layer,layer further in our 17 new gloves.,image,4:5,mountain,img_gloves:Image|adventure awaits:Phrase
ad_02090,2023-12,226.57,1190.17,28887,284,7,tights for every explore,"Engineered for performance on every terrain. Our tights is designed to help you explore with total confidence, whether you are on a mountain pass or a city commute through changing weather.",image,4:5,adventure,img_tights:Image|tights:Noun|trail tested:Phrase
ad_02091,2023-12,78.28,215.04,12855,72,1,socks for every pedal,pedal further in our new socks. 🏔️,image,1:1,accessories,img_socks:Image|socks:Noun
ad_02092,2023-12,126.58,390.19,21445,172,3,tights for every shred,Built to shred. Premium tights.,image,1:1,commute,img_tights:Image
ad_02093,2023-12,144.59,168.22,17393,80,1,premium vest built to sprint,Ride ready. Try our vest today.,video,4:5,mountain,vid_vest:Video|vest:Noun|sprint:Verb
ad_02094,2023-12,288.41,1374.15,13685,117,2,tights for every cruise,Our tights lets you cruise better. 🏔️,image,4:5,accessories,img_tights:Image|cruise:Verb|ride in comfort:Phrase
ad_02095,2023-12,626.63,1164.06,26447,149,2,10 new gloves collection,"Lightweight and breathable, this gloves keeps you comfortable from the first pedal stroke to the last. Designed for riders who gear in all conditions and demand the very best from their gear.",image,9:16,commute,img_gloves:Image|gloves:Noun|gear:Verb
ad_02096,2023-12,57.43,43.31,11942,49,0,shred further in our jersey,"Lightweight and breathable, this jersey keeps you comfortable from the first pedal stroke to the last. Designed for riders who shred in all conditions and demand the very best from their gear.",video,9:16,adult,vid_jersey:Video|jersey:Noun
ad_02097,2023-12,218.35,129.02,5457,19,0,new kit collection,"Lightweight and breathable, this kit keeps you comfortable from the first pedal stroke to the last. Designed for riders who ride in all conditions and demand the very best from their gear. ☀️",video,9:16,mountain,vid_kit:Video|ride:Verb
ad_02098,2023-12,626.28,2566.09,18591,155,3,push further in our vest,Our vest lets you push better. 🌧️,image,1:1,road,img_vest:Image|vest:Noun|adventure awaits:Phrase
ad_02099,2023-12,118.46,539.03,16880,116,2,new gloves collection,descend further 26 in our new gloves.,image,4:5,adult,img_gloves:Image|gloves:Noun|descend:Verb
ad_02100,2023-12,114.13,724.79,12135,103,2,new 5 cap collection,pedal further in our new cap. 🔥,video,4:5,gravel,vid_cap:Video|all day comfort:Phrase
ad_02101,2023-12,192.46,919.92,10450,96,2,premium shorts built to ride,ride further in our new shorts.,image,4:5,casual,img_shorts:Image|shorts:Noun|ride in comfort:Phrase
ad_02102,2023-12,274.68,1094.22,7486,47,1,wardrobe for every layer,layer further in our new wardrobe.,image,4:5,road,img_wardrobe:Image|wardrobe:Noun
ad_02103,2023-12,247.86,387.54,13618,105,2,premium socks built to pedal,Built to pedal. Premium socks.,video,9:16,adventure,vid_socks:Video
ad_02104,2023-12,134.71,336.73,10540,72,1,climb further in our bibs,climb further in our new bibs.,image,9:16,road,img_bibs:Image|bibs:Noun|climb:Verb|ride in comfort:Phrase
ad_02105,2023-12,103.21,432.69,26442,172,2,new 21 jersey collection,"Lightweight and breathable, this jersey keeps you comfortable from the first pedal stroke to the last. Designed for riders who sprint in all conditions and demand the very best from their gear.",image,4:5,accessories,img_jersey:Image|jersey:Noun|sprint:Verb|ride in comfort:Phrase
ad_02106,2023-12,367.97,2967.34,21137,249,6,premium jacket built 17 to layer,"Lightweight and breathable, this jacket keeps you comfortable from the first pedal stroke to the last. Designed for riders who layer in all conditions and demand the very best from their gear.",image,4:5,gravel,img_jacket:Image|jacket:Noun|adventure awaits:Phrase
ad_02107,2023-12,104.96,817.19,12814,114,2,24 premium shorts built to shred,Our shorts lets you shred better. 🚴,image,4:5,gravel,img_shorts:Image
ad_02108,2023-12,52.91,49.41,21203,70,0,conquer further in our cap,Built to conquer. Premium cap.,video,4:5,sale,vid_cap:Video|conquer:Verb
ad_02109,2023-12,69.85,113.48,15472,66,1,premium socks built to descend,Ride ready. Try our socks today.,video,4:5,accessories,vid_socks:Video|socks:Noun|descend:Verb
ad_02110,2023-12,118.23,286.84,14268,104,2,sprint further in our tights,Ride ready. Try our tights today. 🚴,image,9:16,gravel,img_tights:Image|tights:Noun|sprint:Verb
ad_02111,2023-12,409.04,829.52,15885,64,0,new baselayer collection,conquer further in our new baselayer.,image,4:5,sale,img_baselayer:Image|baselayer:Noun
ad_02112,2023-12,81.88,397.04,39584,433,9,24 race further in our shell,"Built for the long haul. Our premium shell 27 combines technical fabrics with a refined fit so you can race harder and go further, no matter what the forecast brings this season.",video,4:5,commute,vid_shell:Video|shell:Noun|race:Verb|cold weather essentials:Phrase
ad_02113,2024-01,416.33,1278.24,22528,156,2,9 new gloves collection,Our gloves lets you 11 climb better.,video,1:1,road,vid_gloves:Video|gloves:Noun|climb:Verb
ad_02114,2024-01,365.92,1135.95,14063,88,1,the 20 armwarmers you need to layer,Built to layer. Premium armwarmers.,image,1:1,accessories,img_armwarmers:Image|armwarmers:Noun|layer:Verb
ad_02115,2024-01,191.23,541.84,25526,228,4,the 2 vest you need to shred,"Built for the long haul. Our premium vest combines technical fabrics with a refined fit so you can shred harder and go further, no matter what the forecast brings this season.",video,4:5,road,vid_vest:Video|vest:Noun|trail tested:Phrase
ad_02116,2024-01,36.19,62.3,25070,150,1,shred further in our armwarmers,"Built for the long haul. Our premium armwarmers combines technical fabrics with a refined fit so you can shred harder and go further, no matter 6 what the forecast brings this season.",image,9:16,road,img_armwarmers:Image|armwarmers:Noun|shred:Verb
ad_02117,2024-01,82.1,60.48,18590,88,1,train further in our gloves,"Lightweight and breathable, this gloves keeps you comfortable from the first pedal stroke to the last. Designed for riders who train in all conditions and demand the very best from their gear.",video,9:16,commute,vid_gloves:Video|gloves:Noun
ad_02118,2024-03,114.23,923.88,13853,174,4,descend further in our socks,Built to descend. 19 Premium socks. 🏔️,image,4:5,casual,img_socks:Image|race day ready:Phrase
ad_02119,2024-03,471.89,1784.41,13403,124,2,new jacket collection,Built to push. Premium jacket. 🌧️,image,1:1,road,img_jacket:Image
ad_02120,2024-03,118.73,267.91,9537,54,1,new armwarmers collection,Our armwarmers lets you explore better.,image,1:1,commute,img_armwarmers:Image|armwarmers:Noun|explore:Verb
ad_02121,2024-03,105.06,405.77,17868,144,3,the jacket you need to push,"Lightweight and breathable, this jacket keeps you comfortable from the first pedal stroke to the last. Designed for riders who push in all conditions and demand the very best from their gear. 🔥",image,1:1,road,img_jacket:Image|jacket:Noun|ride in comfort:Phrase
ad_02122,2024-03,187.04,284.99,12035,76,1,premium baselayer built to conquer,Built to conquer. Premium baselayer.,video,9:16,road,vid_baselayer:Video|baselayer:Noun|conquer:Verb
ad_02123,2024-03,71.71,149.83,13124,80,1,28 premium baselayer built to conquer,"Built for the long haul. Our premium baselayer combines technical fabrics with a refined fit so you can conquer harder and go further, no matter what the forecast brings this season.",image,9:16,casual,img_baselayer:Image
ad_02124,2024-03,164.6,1164.53,22304,253,7,push further in our wardrobe,Built to push. 7 Premium wardrobe.,image,4:5,road,img_wardrobe:Image|wardrobe:Noun|push:Verb|all day comfort:Phrase
ad_02125,2024-03,103.46,537.77,37954,392,8,conquer further in our vest,Our vest lets you conquer better.,image,4:5,accessories,img_vest:Image
ad_02126,2024-03,837.96,3166.94,19685,185,4,the 13 shell you need to pedal,pedal further in our new shell.,video,4:5,sale,vid_shell:Video|shell:Noun|pedal:Verb
ad_02127,2024-03,96.33,171.63,15490,66,0,the cap you need 16 to train,Built to train. Premium cap.,image,9:16,adventure,img_cap:Image|cap:Noun
ad_02128,2024-03,531.81,912.21,16174,104,1,vest 7 for every ride,"Engineered for performance on every terrain. Our vest is designed to help you ride with total confidence, whether you are on a mountain pass or a city commute through changing weather. 🔥",video,1:1,casual,vid_vest:Video|vest:Noun
ad_02129,2024-03,84.29,243.75,28840,198,3,jacket for every explore,"Lightweight and breathable, this jacket keeps you comfortable from the first pedal stroke to the last. Designed for riders who explore in all conditions and demand the very best from their gear.",image,4:5,gravel,img_jacket:Image|jacket:Noun
ad_02130,2024-03,195.58,1411.42,19819,258,8,wardrobe for every train,Our wardrobe lets you train better. ⛰️,image,4:5,road,img_wardrobe:Image|train:Verb|adventure awaits:Phrase
ad_02131,2024-03,225.54,2747.2,17987,239,7,cap 28 for every climb,"Built for the long haul. Our premium 25 cap combines technical fabrics with a refined fit so you can climb harder and go further, no matter what the forecast brings this season.",image,4:5,road,img_cap:Image|cap:Noun|cold weather essentials:Phrase
ad_02132,2024-03,181.89,401.89,18635,112,1,new baselayer collection,Our baselayer lets you cruise better.,image,9:16,mountain,img_baselayer:Image|baselayer:Noun|lightweight layers:Phrase
ad_02133,2024-03,175.31,771.67,7992,62,1,descend further in 28 our armwarmers,"Engineered for performance on every terrain. Our armwarmers is designed to help you descend 26 with total confidence, whether you are on a mountain pass or a city commute through changing weather. ☀️",image,1:1,casual,img_armwarmers:Image|descend:Verb|your spring wardrobe:Phrase
ad_02134,2024-03,280.11,367.57,19846,94,1,new bibs collection,Built to ride. Premium bibs.,video,1:1,commute,vid_bibs:Video
ad_02135,2024-03,214.59,952.52,10540,82,1,race further in our bibs,"Lightweight and breathable, this bibs keeps you comfortable from the first pedal stroke to the last. Designed 16 for riders who race in all conditions and demand the very best from their gear. ☀️",image,4:5,mountain,img_bibs:Image|bibs:Noun
ad_02136,2024-03,150.59,571.16,19885,83,1,new cap collection,Our cap lets you race better. 🚴,image,4:5,adventure,img_cap:Image
ad_02137,2024-03,111.46,402.79,11304,77,1,premium 4 baselayer built to layer,Built to layer. Premium baselayer.,image,1:1,mountain,img_baselayer:Image|baselayer:Noun
ad_02138,2024-03,151.24,786.85,21941,200,4,shred further in our jacket,Our jacket lets you shred better. 🔥,image,9:16,adult,img_jacket:Image|adventure awaits:Phrase
ad_02139,2024-03,150.12,224.95,15123,79,1,wardrobe 21 for every conquer,conquer further in our new wardrobe.,video,9:16,casual,vid_wardrobe:Video|conquer:Verb
ad_02140,2024-03,148.36,667.61,9208,64,1,premium tights built to layer,Built to layer. 27 Premium tights.,image,1:1,urban,img_tights:Image|layer:Verb|race day ready:Phrase
ad_02141,2024-03,174.87,260.75,14118,81,1,9 new bibs collection,"Lightweight and breathable, this bibs keeps you comfortable from the first pedal stroke to the last. Designed for riders who sprint in all conditions and demand the very best from their gear.",video,1:1,commute,vid_bibs:Video|bibs:Noun
ad_02142,2024-03,71.72,140.04,49191,349,5,new cap collection,conquer further in our new cap.,video,1:1,accessories,vid_cap:Video|cap:Noun|conquer:Verb
ad_02143,2024-03,90.18,349.69,5240,52,1,explore further in our tights,explore further 2 in our new tights.,video,4:5,accessories,vid_tights:Video|tights:Noun
ad_02144,2024-03,275.17,2840.44,17742,225,6,the 29 socks you need to ride,Our 13 socks lets you ride better. 🌧️,image,1:1,road,img_socks:Image|socks:Noun
ad_02145,2024-03,43.3,139.64,9850,81,1,premium bibs built to cruise,Our bibs lets you cruise better.,image,1:1,road,img_bibs:Image|bibs:Noun|cruise:Verb
ad_02146,2024-03,342.59,1247.39,32499,235,3,push further in our baselayer,Built to push. Premium baselayer. 💪,image,1:1,gravel,img_baselayer:Image|baselayer:Noun|lightweight layers:Phrase
ad_02147,2024-03,119.46,309.89,24555,124,1,the baselayer you need to shred,"Built for the long haul. Our premium baselayer combines technical fabrics with a refined fit so you can 29 shred harder and go further, no matter what the forecast brings this season.",image,4:5,adventure,img_baselayer:Image|baselayer:Noun|shred:Verb|new arrivals:Phrase
ad_02148,2024-03,454.86,2740.27,17917,135,2,premium cap 15 built to ride,Our cap 24 lets you ride better.,video,4:5,adult,vid_cap:Video|cap:Noun
ad_02149,2024-03,348.64,1647.86,25829,292,6,the tights 20 you need to race,"Engineered for performance on every terrain. Our tights is designed to help you race with total confidence, whether you are on a mountain pass or a city commute through changing weather. ⛰️",image,1:1,accessories,img_tights:Image|tights:Noun|gear up for summer:Phrase
ad_02150,2024-03,137.26,423.29,18450,130,2,climb further in our jacket,Built to climb. Premium jacket.,video,4:5,casual,vid_jacket:Video|jacket:Noun|climb:Verb|cold weather essentials:Phrase
ad_02151,2024-03,146.07,297.64,16376,97,1,layer further in our bibs,Built to layer. Premium bibs.,video,4:5,urban,vid_bibs:Video|bibs:Noun|layer:Verb|built to last:Phrase
ad_02152,2024-03,434.53,634.64,12102,41,0,gloves for every explore,"Lightweight and breathable, this gloves keeps you comfortable from the first pedal stroke to the last. Designed for riders who explore in all conditions and demand the very best from their gear. 🏔️",image,1:1,adventure,img_gloves:Image
ad_02153,2024-03,358.62,617.64,13631,53,0,cruise further in our shell,Built to cruise. Premium shell.,image,4:5,adventure,img_shell:Image|cruise:Verb
ad_02154,2024-03,299.45,1583.91,12945,122,3,explore further in our kit,Built to explore. Premium kit.,image,4:5,sale,img_kit:Image|kit:Noun|explore:Verb
ad_02155,2024-03,331.9,422.97,16411,65,0,new cap collection,ride further in our new cap.,image,1:1,adventure,img_cap:Image|cap:Noun|ride:Verb
ad_02156,2024-03,86.99,190.07,6339,46,1,premium shorts built to layer,Built to layer. Premium shorts.,image,9:16,road,img_shorts:Image|shorts:Noun|layer:Verb
ad_02157,2024-03,188.95,736.42,27320,274,5,premium 9 shorts built to ride,"13 Built for the long haul. Our premium shorts combines technical fabrics with a refined fit so you can ride harder and go further, no matter what the forecast brings this season.",image,9:16,sale,img_shorts:Image|shorts:Noun
ad_02158,2024-03,105.22,133.88,43216,235,2,new shell collection,"Built for the long haul. Our premium shell combines technical fabrics with a refined fit so you can explore harder and go further, no matter what the forecast brings this season.",image,9:16,gravel,img_shell:Image|explore:Verb
ad_02159,2024-03,85.66,402.87,13153,107,2,race further 8 in our gloves,Our gloves lets you race better.,image,1:1,accessories,img_gloves:Image|race:Verb
ad_02160,2024-03,184.32,434.92,29378,202,2,new kit collection,"Lightweight and breathable, this kit keeps you comfortable from the first pedal stroke to the last. Designed for riders who push in all conditions and demand the very best from 25 their gear.",image,1:1,urban,img_kit:Image|your spring wardrobe:Phrase
ad_02161,2024-03,130.32,327.76,15267,116,2,new gloves collection,"Engineered for performance on every terrain. Our gloves is designed to help you shred with total confidence, whether you are on a mountain pass or a city commute through changing weather.",image,1:1,road,img_gloves:Image|gloves:Noun|lightweight layers:Phrase
ad_02162,2024-03,151.19,434.73,12081,110,2,tights for every shred,Our tights lets you shred better.,image,9:16,road,img_tights:Image|tights:Noun|shred:Verb|your spring wardrobe:Phrase
ad_02163,2024-03,123.75,452.06,13489,118,2,new jersey collection,"Built for the long haul. Our premium jersey combines technical fabrics with a refined fit so you can cruise harder and go further, no matter what the forecast brings this season.",image,4:5,road,img_jersey:Image|jersey:Noun|cruise:Verb
ad_02164,2024-03,78.7,55.97,17041,62,0,premium bibs built to shred,"Built for the long haul. Our premium bibs combines technical fabrics with a refined fit so you can shred harder and go further, no matter what the forecast brings this season.",image,9:16,adventure,img_bibs:Image|shred:Verb
ad_02165,2024-03,462.38,1985.69,11383,89,1,train further in our shell,Ride ready. Try our shell today.,image,4:5,mountain,img_shell:Image|shell:Noun|train:Verb|your spring wardrobe:Phrase
ad_02166,2024-03,183.43,746.64,22106,158,3,premium tights built 4 to gear,Ride ready. Try our tights today. 💪,image,1:1,mountain,img_tights:Image|tights:Noun|gear:Verb
ad_02167,2024-03,70.32,48.89,12593,58,0,shred further in our bibs,"Engineered for performance on every terrain. Our bibs is designed to help you shred with total confidence, whether you are on a mountain pass or a city commute through changing weather.",video,9:16,casual,vid_bibs:Video|bibs:Noun|shred:Verb
ad_02168,2024-03,186.33,293.72,9546,68,1,climb further in our jacket,"Engineered for performance on every terrain. Our jacket is designed to help you climb with total confidence, whether you are on a mountain pass or a city commute through changing weather.",image,1:1,gravel,img_jacket:Image|climb:Verb|ride in comfort:Phrase
ad_02169,2024-03,416.19,4108.56,16164,179,4,the socks you need 4 to push,"Built for the long haul. Our 11 premium socks combines technical fabrics with a refined fit so you can push harder and go further, no matter what the forecast brings this season. 🌧️",image,4:5,mountain,img_socks:Image|trail tested:Phrase
ad_02170,2024-03,296.95,723.2,11540,79,1,the socks you need to layer,"Engineered for performance on every terrain. Our socks is designed to help you layer 24 with total confidence, whether you are on a mountain pass or a city commute through changing weather.",image,9:16,road,img_socks:Image|layer:Verb
ad_02171,2024-03,122.37,186.17,13861,54,0,socks for every layer,"Lightweight and breathable, 21 this socks keeps you comfortable from the first pedal stroke to the last. Designed for riders who layer in all conditions and demand the very best from their gear.",image,9:16,adventure,img_socks:Image|socks:Noun|your spring wardrobe:Phrase
ad_02172,2024-03,124.15,786.41,15889,101,2,climb further in 4 our armwarmers,Built to climb. 5 Premium armwarmers.,image,1:1,mountain,img_armwarmers:Image|armwarmers:Noun|gear up for summer:Phrase
ad_02173,2024-03,94.07,89.98,8355,42,0,new armwarmers collection,Our armwarmers lets you sprint better.,video,9:16,casual,vid_armwarmers:Video|armwarmers:Noun|sprint:Verb
ad_02174,2024-03,107.01,765.27,33859,267,5,the socks you 2 need to push,push 16 further in our new socks.,image,4:5,gravel,img_socks:Image|socks:Noun|push:Verb
ad_02175,2024-03,112.37,320.15,24510,280,6,premium shorts built to pedal,Our shorts lets you pedal better.,video,4:5,sale,vid_shorts:Video|shorts:Noun|pedal:Verb|ride in comfort:Phrase
ad_02176,2024-03,69.22,176.69,11914,114,2,new vest collection,Ride ready. Try our vest today.,image,9:16,road,img_vest:Image|vest:Noun|ride:Verb
ad_02177,2024-03,127.99,386.02,16171,66,1,the kit 4 you need to layer,7 layer further in our new kit.,image,1:1,adventure,img_kit:Image|layer:Verb
ad_02178,2024-03,205.35,211.84,22436,83,1,new wardrobe collection,Built to descend. Premium wardrobe.,video,9:16,gravel,vid_wardrobe:Video|wardrobe:Noun|descend:Verb
ad_02179,2024-03,130.31,777.16,18122,161,4,wardrobe for every gear,Our wardrobe lets you gear better.,image,4:5,adult,img_wardrobe:Image|gear:Verb|ride in comfort:Phrase
ad_02180,2024-03,190.32,289.73,41792,269,3,new baselayer collection,"Lightweight and breathable, this baselayer keeps you comfortable from the first pedal stroke to the last. Designed for riders who pedal in all conditions and demand the very best from their gear.",video,1:1,accessories,vid_baselayer:Video
ad_02181,2024-03,442.07,529.87,14490,86,1,socks for every layer,Ride ready. Try our socks today.,video,9:16,mountain,vid_socks:Video|socks:Noun|layer:Verb
ad_02182,2024-03,502.56,1661.5,29585,267,5,conquer further 18 in our jacket,Ride ready. Try our jacket today.,video,1:1,road,vid_jacket:Video
ad_02183,2024-03,160.38,195.35,8377,39,0,premium baselayer built to gear,gear further in our new baselayer.,video,1:1,gravel,vid_baselayer:Video|baselayer:Noun|gear:Verb
ad_02184,2024-03,283.28,1008.13,9046,96,2,the vest you need to push,3 push further in our new vest.,image,9:16,accessories,img_vest:Image
ad_02185,2024-03,151.16,539.01,37902,298,5,push further in our wardrobe,Ride ready. Try our wardrobe today.,image,4:5,casual,img_wardrobe:Image|wardrobe:Noun
ad_02186,2024-03,124.66,144.15,13155,57,0,premium gloves built to race,Ride ready. Try our gloves today.,image,9:16,adventure,img_gloves:Image|gloves:Noun
ad_02187,2024-03,85.47,276.37,9107,56,1,19 new armwarmers collection,Our armwarmers lets you shred better.,image,1:1,commute,img_armwarmers:Image|shred:Verb
ad_02188,2024-03,175.96,394.58,15941,98,1,new shorts collection,Ride ready. Try our shorts today. 🔥,image,1:1,commute,img_shorts:Image|shorts:Noun|gear:Verb
ad_02189,2024-03,320.2,1441.0,30715,230,4,22 new baselayer collection,Ride ready. Try our baselayer today. 🚴,image,9:16,gravel,img_baselayer:Image|ride in comfort:Phrase
ad_02190,2024-03,77.76,245.06,11145,86,1,shred further in our socks,Our socks lets you shred better.,image,4:5,mountain,img_socks:Image|socks:Noun|shred:Verb
ad_02191,2024-03,140.62,196.78,15989,100,1,18 new jacket collection,"Built for the long haul. Our premium jacket combines technical fabrics with a refined fit so you can conquer harder and go further, no matter what the forecast brings this season.",video,9:16,sale,vid_jacket:Video|jacket:Noun|conquer:Verb
ad_02192,2024-03,136.61,380.14,6459,43,1,ride further in our cap,Our cap lets you ride better.,image,1:1,gravel,img_cap:Image|cap:Noun
ad_02193,2024-03,193.73,200.48,12915,84,1,premium wardrobe built to push,"Built for the long haul. Our premium wardrobe combines technical fabrics with a refined fit so you can push harder and go further, no matter what the forecast brings this season.",video,9:16,mountain,vid_wardrobe:Video|wardrobe:Noun|push:Verb|trail tested:Phrase
ad_02194,2024-03,195.58,995.96,26880,249,5,jacket for every layer,Built 11 to layer. Premium jacket.,video,4:5,sale,vid_jacket:Video|jacket:Noun|gear up for summer:Phrase
ad_02195,2024-03,230.59,1171.62,11030,100,2,new shorts collection,"Engineered for performance on every terrain. Our shorts is designed to help you conquer 9 with total confidence, whether you are on a mountain pass or a city commute through changing weather.",image,4:5,adult,img_shorts:Image
ad_02196,2024-03,521.39,1258.73,8644,70,1,cruise further in our jersey,"Engineered for performance on every terrain. Our jersey is designed to help you cruise with total confidence, whether you are on a mountain pass or a city commute through changing weather. 🔥",image,9:16,adult,img_jersey:Image|jersey:Noun|cruise:Verb|new arrivals:Phrase
ad_02197,2024-03,99.09,253.83,11075,66,1,shred further in our bibs,Ride ready. Try our bibs today.,image,1:1,mountain,img_bibs:Image|bibs:Noun|lightweight layers:Phrase
ad_02198,2024-03,95.88,154.2,12036,46,0,the socks you 13 need to shred,Ride ready. Try our socks today.,video,4:5,adventure,vid_socks:Video|socks:Noun|shred:Verb
ad_02199,2024-03,193.78,352.11,23930,201,3,cap for every train,train further in our new cap.,video,9:16,road,vid_cap:Video|cap:Noun|train:Verb|all day comfort:Phrase
ad_02200,2024-03,399.4,1327.45,19740,144,2,sprint further in our gloves,Built to sprint. Premium gloves.,video,4:5,road,vid_gloves:Video|gloves:Noun
ad_02201,2024-03,69.47,92.92,21742,74,0,new gloves collection,train further in our new gloves.,video,4:5,adventure,vid_gloves:Video|gloves:Noun
ad_02202,2024-03,203.8,402.02,16560,96,1,premium kit built to shred,"Built for the long haul. Our premium kit combines technical fabrics with a refined fit so you can shred harder and go further, no matter what the forecast brings this season. ☀️",image,9:16,gravel,img_kit:Image
ad_02203,2024-03,148.04,278.96,11975,82,1,gloves for every descend,Ride ready. Try our gloves today.,image,9:16,commute,img_gloves:Image|gloves:Noun
ad_02204,2024-03,278.91,1646.18,11074,80,1,premium 15 bibs built to shred,10 Built to shred. Premium bibs.,image,1:1,mountain,img_bibs:Image
ad_02205,2024-03,243.53,188.16,20266,74,0,race further in our shell,race further in our new shell.,video,1:1,adventure,vid_shell:Video|race:Verb
ad_02206,2024-03,171.99,1668.27,36135,492,12,the baselayer you need to gear,Our baselayer lets 5 you gear better.,image,4:5,accessories,img_baselayer:Image|baselayer:Noun|gear:Verb|race day ready:Phrase
ad_02207,2024-03,223.82,374.07,10200,51,1,the armwarmers you need to climb,"Lightweight and breathable, 23 this armwarmers keeps you comfortable from the first pedal stroke to the last. Designed for riders who climb in all conditions and demand the very best from their gear.",video,4:5,commute,vid_armwarmers:Video
ad_02208,2024-03,112.54,443.16,9814,76,1,the socks you need to shred,"Lightweight and breathable, this socks keeps you comfortable from the first pedal stroke to the last. Designed for riders who shred in all conditions and demand the very best from their gear.",image,4:5,road,img_socks:Image|socks:Noun|shred:Verb
ad_02209,2024-03,270.01,957.88,9252,72,1,descend further in our wardrobe,Our wardrobe lets you descend better.,image,1:1,accessories,img_wardrobe:Image|wardrobe:Noun|descend:Verb
ad_02210,2024-03,383.84,900.01,24743,111,1,premium shell built to ride,ride further in our new shell.,image,4:5,adventure,img_shell:Image|shell:Noun|ride:Verb
ad_02211,2024-03,177.4,503.4,15986,97,2,new vest collection,Ride ready. Try our 27 vest today.,video,4:5,commute,vid_vest:Video|vest:Noun|sprint:Verb|new arrivals:Phrase
ad_02212,2024-03,130.78,442.94,21552,142,2,the baselayer you need to cruise,Ride ready. Try our baselayer today. ❄️,image,1:1,casual,img_baselayer:Image|cruise:Verb|ride in comfort:Phrase
ad_02213,2024-03,153.12,420.64,12664,90,1,baselayer for every train,Built to train. Premium baselayer.,image,1:1,commute,img_baselayer:Image|baselayer:Noun
ad_02214,2024-03,268.31,356.11,22240,77,1,17 new vest collection,Ride ready. Try our 5 vest today.,video,9:16,adventure,vid_vest:Video|vest:Noun
ad_02215,2024-03,162.91,336.88,14139,98,1,premium tights built to conquer,Ride ready. Try our tights today.,video,1:1,casual,vid_tights:Video|conquer:Verb|race day ready:Phrase
ad_02216,2024-03,81.33,318.83,7541,77,1,cruise further in our socks,Built to cruise. Premium socks.,video,4:5,road,vid_socks:Video|socks:Noun|all day comfort:Phrase
ad_02217,2024-03,295.77,1098.03,25899,196,3,tights for every ride,Built to ride. Premium tights.,image,4:5,gravel,img_tights:Image|tights:Noun
ad_02218,2024-03,92.63,229.96,16033,122,2,premium armwarmers built to pedal,Ride ready. Try our armwarmers today.,image,9:16,adult,img_armwarmers:Image|armwarmers:Noun
ad_02219,2024-03,215.51,428.49,13980,102,2,new shorts collection,"Engineered for performance on every terrain. Our shorts is designed to help you push with total confidence, whether you are on a mountain pass or a city commute through changing weather.",image,1:1,adult,img_shorts:Image|shorts:Noun
ad_02220,2024-03,54.52,183.44,18792,153,3,shell 23 for every layer,"Lightweight and breathable, this shell keeps you comfortable from the first pedal stroke to the last. Designed for riders who layer in all conditions and demand the very best from their gear.",image,1:1,accessories,img_shell:Image|shell:Noun
ad_02221,2024-05,178.25,504.63,7930,95,2,new wardrobe collection,"Built for the long haul. Our premium wardrobe combines technical fabrics with a refined fit so you can ride harder and go further, no matter what the forecast brings this season.",video,4:5,adventure,vid_wardrobe:Video|wardrobe:Noun
ad_02222,2024-05,160.35,708.15,20250,240,5,new jacket collection,"Built for the long haul. Our premium jacket combines 12 technical fabrics with a refined fit so you can explore harder and go further, no matter what the forecast brings this season.",image,9:16,adventure,img_jacket:Image|jacket:Noun
ad_02223,2024-05,51.32,339.61,12120,131,3,shell for 9 every explore,Our shell lets you explore better.,image,1:1,accessories,img_shell:Image
ad_02224,2024-05,203.98,1236.44,15100,152,3,22 kit for every race,Built to race. Premium kit.,image,4:5,casual,img_kit:Image|kit:Noun|race:Verb
ad_02225,2024-05,86.27,279.63,28859,253,4,new vest collection,Our vest lets you push better.,image,9:16,gravel,img_vest:Image|vest:Noun|push:Verb
ad_02226,2024-08,175.77,376.21,22508,169,2,the jersey you need to climb,Ride ready. Try our jersey today. ☀️,video,9:16,commute,vid_jersey:Video|jersey:Noun|cold weather essentials:Phrase
ad_02227,2024-08,130.49,500.88,14948,96,1,the shorts you need to cruise,Built to 4 cruise. Premium shorts. ⛰️,video,4:5,adult,vid_shorts:Video|shorts:Noun|cruise:Verb
ad_02228,2024-08,68.72,412.29,15522,218,6,the baselayer you need to push,"Built for the long haul. Our premium baselayer combines technical fabrics with a refined fit so you can push harder and go further, no matter what the forecast brings this season.",image,4:5,mountain,img_baselayer:Image|baselayer:Noun|push:Verb|race day ready:Phrase
ad_02229,2024-09,89.2,215.52,4538,43,1,25 train further in our bibs,Built to train. Premium bibs.,video,1:1,casual,vid_bibs:Video|bibs:Noun|train:Verb
ad_02230,2024-09,93.59,209.33,10825,79,1,premium wardrobe built to race,Built to race. Premium wardrobe.,video,1:1,commute,vid_wardrobe:Video|adventure awaits:Phrase
ad_02231,2024-09,301.2,1452.85,17749,159,3,the tights you need to race,race further in our new tights.,image,4:5,commute,img_tights:Image|tights:Noun
ad_02232,2024-09,275.84,1047.4,11142,78,1,tights for every gear,Ride ready. Try our tights today. 🚴,image,4:5,accessories,img_tights:Image|gear:Verb
ad_02233,2024-09,623.29,3036.82,8411,75,1,premium 23 jersey built to layer,Our jersey lets you layer better.,image,1:1,gravel,img_jersey:Image|jersey:Noun
ad_02234,2024-09,122.88,216.42,20756,145,2,new shorts collection,Ride ready. Try our shorts today.,video,9:16,gravel,vid_shorts:Video|shorts:Noun|descend:Verb|built to last:Phrase
ad_02235,2024-09,120.53,260.53,31374,184,2,new socks collection,Built to race. Premium socks. 🚴,video,1:1,urban,vid_socks:Video|socks:Noun
ad_02236,2024-09,181.13,293.6,11382,73,1,the shell you need to pedal,pedal further in our new shell.,video,9:16,urban,vid_shell:Video|pedal:Verb|lightweight layers:Phrase
ad_02237,2024-09,134.98,295.78,25287,190,3,shell for every explore,"Lightweight and breathable, this shell keeps you comfortable from the first pedal stroke to the last. Designed for riders who explore in all conditions and demand the very best from their gear.",video,4:5,commute,vid_shell:Video|shell:Noun|explore:Verb|built to last:Phrase
ad_02238,2024-09,117.78,482.47,23457,132,2,the baselayer you need to descend,Built to descend. Premium baselayer.,image,4:5,accessories,img_baselayer:Image|baselayer:Noun|descend:Verb|lightweight layers:Phrase
ad_02239,2024-09,172.6,553.84,10018,65,1,28 the tights you need to sprint,Ride ready. Try our tights today.,image,1:1,adventure,img_tights:Image|tights:Noun|sprint:Verb|built to last:Phrase
ad_02240,2024-09,254.8,961.14,11347,66,1,new shorts collection,Built to sprint. Premium shorts. ⛰️,image,4:5,adult,img_shorts:Image|shorts:Noun|sprint:Verb|new arrivals:Phrase
ad_02241,2024-09,47.04,35.87,40218,158,1,gear further in our vest,"Built for the long haul. Our premium vest combines technical fabrics with a refined fit so you can gear harder and go further, no matter what the forecast brings this season.",video,1:1,road,vid_vest:Video|gear:Verb
ad_02242,2024-09,118.51,391.68,9340,92,2,explore further in our gloves,Ride ready. Try our gloves today.,image,9:16,mountain,img_gloves:Image|gloves:Noun|gravel ready:Phrase
ad_02243,2024-09,72.0,266.69,12040,93,2,race further in our shell,race further in our new shell.,image,1:1,gravel,img_shell:Image|shell:Noun
ad_02244,2024-09,152.33,183.96,43626,258,3,sprint further in our jacket,"Engineered for performance on every terrain. Our jacket is designed to help you sprint with total confidence, whether you are on a mountain pass or a city commute through changing weather.",video,9:16,sale,vid_jacket:Video|jacket:Noun
ad_02245,2024-09,216.57,770.13,12284,86,1,train further in our wardrobe,Built to train. Premium wardrobe.,image,4:5,adult,img_wardrobe:Image|wardrobe:Noun|train:Verb|your spring wardrobe:Phrase
ad_02246,2024-09,326.52,1085.67,32113,195,2,premium jersey built to layer,Built to layer. Premium jersey.,image,4:5,adult,img_jersey:Image|jersey:Noun|layer:Verb
ad_02247,2024-09,128.78,137.9,9794,56,1,descend further in our jersey,"Lightweight and breathable, this jersey keeps you comfortable from the first pedal stroke to the last. Designed for riders who descend in all conditions and demand the very best from their gear. 💪",video,9:16,mountain,vid_jersey:Video|jersey:Noun|descend:Verb
ad_02248,2024-09,178.05,427.04,17495,122,1,premium kit built to cruise,Ride ready. Try our kit today. 🚴,image,9:16,accessories,img_kit:Image|kit:Noun
ad_02249,2024-09,60.89,210.51,28099,177,3,the kit you 8 need to sprint,sprint further in our new kit.,image,1:1,accessories,img_kit:Image|kit:Noun|ride in comfort:Phrase
ad_02250,2024-09,99.69,319.71,12923,66,1,premium kit built to shred,Ride ready. Try 4 our kit today.,video,4:5,adult,vid_kit:Video|kit:Noun
ad_02251,2024-09,189.16,1151.28,17161,170,3,9 baselayer for every layer,layer further in 26 our new baselayer.,video,4:5,commute,vid_baselayer:Video|baselayer:Noun
ad_02252,2024-09,73.91,180.81,23688,174,3,jacket 29 for every shred,"Built for the long haul. Our premium jacket combines technical fabrics with a refined fit so you can shred harder and go further, no matter what the forecast brings this season.",image,1:1,gravel,img_jacket:Image|jacket:Noun|shred:Verb
ad_02253,2024-09,350.91,1181.87,10400,76,1,new armwarmers collection,23 Ride ready. Try our armwarmers today.,image,9:16,mountain,img_armwarmers:Image|armwarmers:Noun|pedal:Verb
ad_02254,2024-09,228.7,220.11,50046,293,3,vest for every sprint,"Lightweight and breathable, this vest keeps you comfortable from the first pedal stroke to the last. Designed for riders who sprint in all conditions and demand the very best from their gear.",video,9:16,casual,vid_vest:Video|sprint:Verb
ad_02255,2024-09,97.08,67.87,27430,144,1,new jacket collection,"Lightweight and breathable, this jacket keeps you comfortable from the first pedal stroke to the last. Designed for riders who pedal in all conditions and demand the very best from their gear.",video,9:16,adult,vid_jacket:Video|jacket:Noun
ad_02256,2024-09,68.65,261.72,13655,90,1,new baselayer collection,Our baselayer lets you cruise better.,image,4:5,adult,img_baselayer:Image|baselayer:Noun|your spring wardrobe:Phrase
ad_02257,2024-09,108.5,285.53,14518,92,1,premium jersey built to train,Built to train. Premium jersey.,image,1:1,accessories,img_jersey:Image|jersey:Noun
ad_02258,2024-09,97.39,355.04,42463,287,4,the jersey you need to shred,Built to shred. Premium jersey.,image,4:5,adult,img_jersey:Image|jersey:Noun|shred:Verb
ad_02259,2024-09,80.49,104.2,13672,72,1,new gloves collection,"Engineered for performance on every terrain. Our gloves is designed to 6 help you conquer with total confidence, whether you are on a mountain pass or a city commute through changing weather. 🚴",video,9:16,adult,vid_gloves:Video|gloves:Noun|conquer:Verb|your spring wardrobe:Phrase
ad_02260,2024-09,71.82,194.16,12893,101,2,the armwarmers you need to ride,"Lightweight and breathable, this armwarmers keeps you comfortable from the first pedal stroke 26 to the last. Designed for riders who ride in all conditions and demand the very best from their gear.",image,1:1,urban,img_armwarmers:Image|ride:Verb|built to last:Phrase
ad_02261,2024-09,145.49,253.87,28958,136,2,the tights you need to descend,descend further in our new tights.,video,4:5,adventure,vid_tights:Video
ad_02262,2024-09,259.22,945.73,8105,81,1,new cap collection,"Lightweight and breathable, this cap keeps you comfortable from the first pedal stroke to the last. Designed for riders who ride in all conditions and demand the very 21 best from their gear. 💪",video,4:5,casual,vid_cap:Video
ad_02263,2024-09,109.03,216.11,15699,91,1,premium vest built to explore,Built to explore. Premium vest.,image,9:16,adult,img_vest:Image|vest:Noun
ad_02264,2024-09,218.16,483.88,17028,121,1,25 premium tights built to pedal,Built to pedal. Premium tights.,video,9:16,sale,vid_tights:Video|tights:Noun|pedal:Verb
ad_02265,2024-09,137.23,185.2,11484,55,1,premium armwarmers built to conquer,Our armwarmers lets you conquer better. 🌧️,video,1:1,adventure,vid_armwarmers:Video|armwarmers:Noun
ad_02266,2024-09,241.22,1631.42,7463,71,2,premium 28 jersey built to push,push further in our new jersey.,image,4:5,sale,img_jersey:Image|jersey:Noun|push:Verb|trail tested:Phrase
ad_02267,2024-09,104.21,106.0,16900,71,1,premium shell built to push,Our shell lets you push better.,video,1:1,adult,vid_shell:Video|shell:Noun|push:Verb
ad_02268,2024-09,197.73,543.81,23031,130,2,19 new jersey collection,Built to pedal. Premium jersey.,image,1:1,adventure,img_jersey:Image|jersey:Noun|pedal:Verb
ad_02269,2024-09,179.54,558.1,11626,88,2,premium armwarmers built to sprint,Ride ready. Try our armwarmers today.,video,4:5,commute,vid_armwarmers:Video|armwarmers:Noun|gravel ready:Phrase
ad_02270,2024-09,378.31,428.08,9051,44,0,the jersey you need to train,"Lightweight and breathable, this jersey keeps you comfortable from the first pedal stroke to the last. Designed for riders who train in all conditions and demand the very best from their gear.",image,9:16,adventure,img_jersey:Image|train:Verb
ad_02271,2024-09,233.59,713.36,30594,177,2,new 4 cap collection,"Lightweight and breathable, this cap keeps you comfortable from the first pedal stroke to the last. Designed for riders who train in all conditions and demand the very best from their gear. 🔥",image,1:1,adventure,img_cap:Image|cap:Noun|lightweight layers:Phrase
ad_02272,2024-09,194.79,642.25,21260,174,3,new shell collection,Our shell lets you push better.,image,9:16,mountain,img_shell:Image|lightweight layers:Phrase
ad_02273,2024-09,69.16,134.14,13624,89,1,the baselayer you need to layer,Our baselayer lets you layer better.,video,9:16,sale,vid_baselayer:Video|baselayer:Noun|adventure awaits:Phrase
ad_02274,2024-09,121.9,322.84,25873,223,4,new jacket collection,Built to race. Premium jacket.,image,9:16,sale,img_jacket:Image|jacket:Noun|race:Verb|built to last:Phrase
ad_02275,2024-09,103.35,876.53,18424,211,4,kit for every shred,shred further in 8 our new kit.,image,4:5,commute,img_kit:Image|cold weather essentials:Phrase
ad_02276,2024-09,102.0,103.42,39940,178,2,sprint further in our vest,Our vest lets you sprint better.,video,9:16,adventure,vid_vest:Video|vest:Noun|sprint:Verb|gravel ready:Phrase
ad_02277,2024-09,168.62,493.71,22757,144,2,vest for every gear,Our vest lets you gear better.,image,1:1,accessories,img_vest:Image|vest:Noun|your spring wardrobe:Phrase
ad_02278,2024-09,193.02,472.29,8149,64,1,the socks you need to descend,"Engineered for performance on every terrain. Our socks is designed to help you descend with total confidence, whether you are on a mountain pass or a city commute through changing weather. 🏔️",image,9:16,casual,img_socks:Image
ad_02279,2024-09,197.61,490.98,11745,69,1,kit for every conquer,7 conquer further in our new kit.,video,4:5,accessories,vid_kit:Video|kit:Noun|conquer:Verb
ad_02280,2024-09,356.09,2551.8,12029,137,3,the gloves 24 you need to climb,6 Our gloves lets you climb better.,image,1:1,commute,img_gloves:Image|gloves:Noun|cold weather essentials:Phrase
ad_02281,2024-09,223.28,458.87,19059,104,1,bibs for every sprint,Ride ready. Try our bibs today.,image,9:16,adult,img_bibs:Image|bibs:Noun|trail tested:Phrase
ad_02282,2024-09,79.97,227.36,14028,83,1,new kit collection,Built to race. Premium kit. 🏔️,video,4:5,accessories,vid_kit:Video|kit:Noun|lightweight layers:Phrase
ad_02283,2024-09,188.64,1009.82,9292,68,1,the wardrobe you 9 need to conquer,"Built for the long haul. Our premium wardrobe combines technical fabrics with a refined fit so you can conquer harder and go further, no 22 matter what the forecast brings this season.",image,4:5,adult,img_wardrobe:Image|wardrobe:Noun
ad_02284,2024-09,237.21,583.95,21919,191,3,armwarmers for every climb,climb further in our new armwarmers.,image,1:1,urban,img_armwarmers:Image|climb:Verb
ad_02285,2024-09,356.25,1466.79,26919,223,4,premium gloves built to sprint,Built to sprint. Premium gloves.,image,1:1,commute,img_gloves:Image|sprint:Verb|adventure awaits:Phrase
ad_02286,2024-09,152.29,223.04,15509,84,1,25 new jersey collection,gear further in our new jersey. ☀️,video,9:16,adventure,vid_jersey:Video|jersey:Noun|gear:Verb
ad_02287,2024-09,153.18,505.52,18129,125,2,pedal further 13 in our jersey,pedal further in our new jersey.,image,1:1,road,img_jersey:Image|jersey:Noun|pedal:Verb|built to last:Phrase
ad_02288,2024-09,319.15,550.55,10064,58,1,sprint further in our socks,Ride ready. Try our socks today.,image,9:16,accessories,img_socks:Image|socks:Noun
ad_02289,2024-09,185.95,372.82,12572,65,1,cruise further in our shell,"Built for the long haul. Our premium shell combines technical fabrics with a refined fit so you can cruise harder and go further, no matter what the forecast brings this season. 🏔️",video,4:5,mountain,vid_shell:Video|shell:Noun|cruise:Verb
ad_02290,2024-09,64.02,152.15,12832,86,1,premium kit built to descend,"Lightweight and breathable, this kit keeps you comfortable from the first pedal stroke to the last. Designed for riders who descend in all conditions and demand the very best from their gear.",image,1:1,mountain,img_kit:Image|kit:Noun|descend:Verb|adventure awaits:Phrase
ad_02291,2024-09,56.29,296.95,21586,212,4,new shorts collection,Ride ready. 15 Try our shorts today. 💪,image,9:16,gravel,img_shorts:Image|shorts:Noun|lightweight layers:Phrase
ad_02292,2024-09,504.1,1286.62,18556,104,1,7 new socks collection,Our socks lets you train better.,image,9:16,adventure,img_socks:Image|socks:Noun
ad_02293,2024-09,59.74,266.27,13845,94,1,armwarmers 27 for every climb,climb further in our new armwarmers.,image,1:1,road,img_armwarmers:Image|armwarmers:Noun|built to last:Phrase
ad_02294,2024-09,151.11,867.58,13573,115,3,pedal further in our bibs,pedal further in our new bibs.,image,4:5,casual,img_bibs:Image|bibs:Noun|pedal:Verb|adventure awaits:Phrase
ad_02295,2024-09,283.78,624.71,6103,34,0,the socks you 9 need to explore,explore further in our 21 new socks.,video,9:16,adult,vid_socks:Video|explore:Verb
ad_02296,2024-09,57.95,205.72,36441,380,7,sprint further in our cap,Our cap 17 lets you sprint better.,video,1:1,commute,vid_cap:Video|cap:Noun|all day comfort:Phrase
ad_02297,2024-09,87.3,194.3,5755,34,0,6 kit for every sprint,Our kit lets you sprint better.,video,1:1,accessories,vid_kit:Video|kit:Noun|ride in comfort:Phrase
ad_02298,2024-09,79.07,169.82,20160,139,2,premium gloves built to conquer,Built to conquer. Premium gloves.,image,9:16,road,img_gloves:Image
ad_02299,2024-09,492.25,2044.1,16637,105,2,premium shorts built to descend,Ride ready. Try 3 our shorts today.,image,1:1,accessories,img_shorts:Image|shorts:Noun|gear up for summer:Phrase
ad_02300,2024-09,560.71,1317.51,14295,142,2,premium kit built to conquer,Ride ready. Try our kit today.,video,4:5,sale,vid_kit:Video|conquer:Verb
ad_02301,2024-09,107.53,212.1,16259,95,1,the jersey 20 you need to layer,Our jersey lets you layer better.,video,9:16,accessories,vid_jersey:Video|jersey:Noun
ad_02302,2024-09,236.52,369.79,11720,51,0,new kit collection,"Built for the long haul. Our premium kit combines technical fabrics with a refined fit so you can descend harder and go further, no matter what the forecast brings this season.",video,4:5,adult,vid_kit:Video|descend:Verb
ad_02303,2024-09,200.97,461.7,22628,192,3,tights for every train,23 Our tights lets you train better.,video,9:16,mountain,vid_tights:Video|train:Verb|race day ready:Phrase
ad_02304,2024-09,141.15,349.8,8465,61,1,cap for every pedal,Built to pedal. 16 Premium cap. 🚴,video,1:1,accessories,vid_cap:Video
ad_02305,2024-09,62.94,116.79,19234,158,2,push further 12 in our armwarmers,"Lightweight and breathable, this armwarmers keeps you comfortable from the first pedal stroke to the last. Designed for riders who push in all conditions and demand the very best from their gear.",image,9:16,commute,img_armwarmers:Image|armwarmers:Noun|push:Verb
ad_02306,2024-09,667.0,3672.56,11634,78,1,socks for every gear,Our socks lets you 7 gear better.,image,4:5,adult,img_socks:Image|socks:Noun|gear:Verb
ad_02307,2024-09,56.19,108.59,13188,104,2,jacket for every conquer,Built to conquer. Premium jacket.,video,1:1,gravel,vid_jacket:Video|jacket:Noun|trail tested:Phrase
ad_02308,2024-09,189.73,515.01,13367,72,1,bibs for every race,"Lightweight and breathable, this bibs keeps you comfortable from the first pedal stroke to the last. Designed for riders who race in all conditions and demand the very best from their gear.",image,4:5,adventure,img_bibs:Image
ad_02309,2024-09,113.27,126.94,15031,80,1,the vest you need to ride,"Lightweight and breathable, this vest keeps you comfortable from the first pedal stroke to the last. Designed for riders who ride in all conditions and demand the very best from their gear.",video,1:1,sale,vid_vest:Video|vest:Noun
ad_02310,2024-09,305.87,685.2,20986,137,2,bibs for every climb,Built 24 to climb. Premium bibs.,video,1:1,accessories,vid_bibs:Video|climb:Verb|all day comfort:Phrase
ad_02311,2024-09,277.52,466.72,16037,115,2,the shell you need to descend,Our shell lets you descend better. 🌧️,video,1:1,mountain,vid_shell:Video|descend:Verb
ad_02312,2024-09,92.85,453.59,26030,254,6,the wardrobe you 23 need to climb,climb further in our new wardrobe. ❄️,image,1:1,urban,img_wardrobe:Image
ad_02313,2024-09,103.98,662.68,27528,350,8,premium jersey built to push,Ride ready. Try our jersey today.,image,4:5,casual,img_jersey:Image|jersey:Noun|push:Verb|all day comfort:Phrase
ad_02314,2024-09,65.91,328.46,19052,162,3,premium wardrobe built to race,Our 19 wardrobe lets you race better. 🔥,video,4:5,gravel,vid_wardrobe:Video
ad_02315,2024-09,187.77,758.69,22967,179,3,14 socks for every push,Our socks lets you push better. ☀️,video,1:1,adult,vid_socks:Video|socks:Noun|race day ready:Phrase
ad_02316,2024-09,255.91,438.58,44936,264,3,wardrobe for every shred,shred further in our new wardrobe.,video,1:1,urban,vid_wardrobe:Video|wardrobe:Noun
ad_02317,2024-09,128.17,530.84,8053,65,1,jersey for every pedal,pedal further in our new jersey.,image,4:5,mountain,img_jersey:Image|jersey:Noun|pedal:Verb
ad_02318,2024-09,144.23,560.82,27962,221,4,new bibs collection,Built to ride. Premium bibs.,image,1:1,sale,img_bibs:Image|ride:Verb|new arrivals:Phrase
ad_02319,2024-09,524.8,749.85,35346,204,3,premium kit built to train,Built to train. Premium kit.,video,1:1,commute,vid_kit:Video|train:Verb
ad_02320,2024-09,292.97,1035.68,20279,140,2,shred further in our jersey,14 Ride ready. Try our jersey today.,image,1:1,accessories,img_jersey:Image|jersey:Noun
ad_02321,2024-09,375.02,703.45,42300,285,3,premium jacket built to push,"Lightweight and breathable, this jacket keeps you comfortable from the first pedal stroke to the last. Designed for riders who push in all conditions and demand the very best from their gear.",image,1:1,accessories,img_jacket:Image|jacket:Noun|gear up for summer:Phrase
ad_02322,2024-09,43.51,179.42,39632,353,7,new armwarmers collection,Ride ready. Try 11 our armwarmers today.,image,1:1,mountain,img_armwarmers:Image|armwarmers:Noun
ad_02323,2024-09,231.98,553.84,13794,89,1,premium socks built to train,Our socks lets you train better.,image,1:1,road,img_socks:Image|socks:Noun
ad_02324,2024-09,194.25,1408.87,14333,157,3,explore further in 24 our tights,"Lightweight and breathable, this tights keeps you comfortable from the first pedal stroke to the last. Designed for riders who explore 13 in all conditions and demand the very best from their gear.",image,4:5,urban,img_tights:Image|tights:Noun|explore:Verb|built to last:Phrase
ad_02325,2024-09,78.82,851.15,21287,196,7,new 28 armwarmers collection,Built to push. 15 Premium armwarmers.,image,4:5,mountain,img_armwarmers:Image|armwarmers:Noun
ad_02326,2024-09,89.3,314.07,11950,77,1,push further in 27 our shorts,Ride ready. Try our shorts today. 🏔️,image,1:1,road,img_shorts:Image|shorts:Noun
ad_02327,2024-09,146.53,1192.36,63331,687,18,19 bibs for every gear,Built to gear. Premium bibs.,image,1:1,mountain,img_bibs:Image|bibs:Noun|all day comfort:Phrase
ad_02328,2024-09,74.67,237.69,24220,147,2,bibs for every race,Our bibs 20 lets you race better.,image,9:16,adult,img_bibs:Image|bibs:Noun|adventure awaits:Phrase
ad_02329,2024-09,103.45,483.81,16711,175,4,premium baselayer built to explore,11 Our baselayer lets you explore better.,video,4:5,commute,vid_baselayer:Video|baselayer:Noun|explore:Verb|race day ready:Phrase
ad_02330,2024-09,126.64,1060.09,8066,70,1,cap 13 for every climb,Built 28 to climb. Premium cap.,image,1:1,commute,img_cap:Image|cap:Noun
ad_02331,2024-09,235.67,668.67,18518,145,3,premium bibs built to pedal,Ride ready. Try our bibs today. 🚴,image,9:16,commute,img_bibs:Image|bibs:Noun|pedal:Verb
ad_02332,2024-09,109.32,375.93,9025,58,1,premium socks built to shred,Ride ready. Try our socks today. ☀️,image,1:1,commute,img_socks:Image|socks:Noun|shred:Verb
ad_02333,2024-09,127.74,258.38,23873,180,3,the jersey you need to shred,shred further in our new jersey.,video,1:1,casual,vid_jersey:Video|shred:Verb|gravel ready:Phrase
ad_02334,2024-09,308.87,1004.49,4672,47,1,the jersey you need 10 to descend,Ride ready. Try our jersey today.,image,9:16,urban,img_jersey:Image
ad_02335,2024-09,57.96,190.19,32610,308,5,premium jersey built to pedal,Our jersey lets you pedal better.,image,1:1,adult,img_jersey:Image|jersey:Noun|all day comfort:Phrase
ad_02336,2024-09,191.46,831.87,13206,119,3,armwarmers for every pedal,Ride ready. Try our armwarmers today.,image,1:1,commute,img_armwarmers:Image|pedal:Verb|all day comfort:Phrase
ad_02337,2024-09,211.02,897.39,7007,65,2,the bibs you need to shred,Ride 14 ready. Try our bibs today.,image,1:1,sale,img_bibs:Image|bibs:Noun
ad_02338,2024-09,214.52,921.13,16193,115,2,12 new kit collection,cruise further in our new kit.,video,4:5,casual,vid_kit:Video|kit:Noun|cruise:Verb|your spring wardrobe:Phrase
ad_02339,2024-09,123.66,328.73,16464,134,2,the kit you need to conquer,Built to conquer. Premium kit.,video,4:5,casual,vid_kit:Video|conquer:Verb
ad_02340,2024-09,88.18,444.92,15810,131,2,kit for every conquer,Built to conquer. Premium kit.,image,4:5,mountain,img_kit:Image|conquer:Verb
ad_02341,2024-09,415.73,751.27,32545,163,2,premium baselayer built to explore,explore further 7 in our new baselayer.,video,1:1,adventure,vid_baselayer:Video|baselayer:Noun|new arrivals:Phrase
ad_02342,2024-09,99.93,204.62,19751,132,2,new kit collection,Our kit lets you layer better.,image,9:16,gravel,img_kit:Image|kit:Noun|layer:Verb
ad_02343,2024-09,85.46,135.42,24308,171,2,premium vest built to ride,Our vest lets you ride better.,video,9:16,gravel,vid_vest:Video|vest:Noun|ride in comfort:Phrase
ad_02344,2024-09,169.09,528.13,14417,105,1,the vest you need 28 to train,"Lightweight and breathable, this vest keeps you comfortable from the first pedal stroke to the last. Designed for riders who train in all conditions and demand the very best from their gear. 🚴",video,4:5,sale,vid_vest:Video|train:Verb
ad_02345,2024-09,107.22,227.68,20212,104,1,premium wardrobe built to conquer,conquer further in our new wardrobe.,image,9:16,road,img_wardrobe:Image
ad_02346,2024-09,313.81,1118.93,8487,71,1,the wardrobe you need 16 to pedal,Our wardrobe lets you pedal better.,video,4:5,urban,vid_wardrobe:Video|wardrobe:Noun
ad_02347,2024-09,142.48,567.0,18575,114,2,the jersey you need to ride,Built 9 to ride. Premium jersey.,image,1:1,adventure,img_jersey:Image|adventure awaits:Phrase
ad_02348,2024-09,339.2,2110.89,11175,114,2,the shell you need to race,race 20 further in our new shell.,image,4:5,urban,img_shell:Image|race:Verb
ad_02349,2024-09,218.67,908.32,31582,289,6,armwarmers for every ride,Our armwarmers lets you ride better.,image,4:5,casual,img_armwarmers:Image|armwarmers:Noun|ride:Verb
ad_02350,2024-09,132.34,326.34,16954,83,1,premium 25 wardrobe built to push,"Built for the long haul. Our premium wardrobe combines technical fabrics with a refined fit so you can push harder and go further, no matter what the forecast brings this season.",image,4:5,adventure,img_wardrobe:Image|wardrobe:Noun|push:Verb
ad_02351,2024-09,325.94,922.39,22742,135,2,new shorts collection,2 Ride ready. Try our shorts today.,image,9:16,accessories,img_shorts:Image|shorts:Noun
ad_02352,2024-09,113.05,464.63,18614,112,1,layer further in 11 our shorts,Our shorts lets 8 you layer better.,image,9:16,adventure,img_shorts:Image|shorts:Noun|adventure awaits:Phrase
ad_02353,2024-09,137.86,811.1,40283,296,5,tights for every pedal,7 Our tights lets you pedal better. 🌧️,image,4:5,road,img_tights:Image|tights:Noun|pedal:Verb|lightweight layers:Phrase
ad_02354,2024-09,229.48,1531.07,7483,60,1,jersey 2 for every sprint,Built to sprint. Premium jersey.,image,4:5,mountain,img_jersey:Image|lightweight layers:Phrase
ad_02355,2024-09,191.39,1071.62,15423,122,3,new armwarmers collection,"Engineered for performance on every terrain. Our armwarmers is designed to help you climb with total confidence, whether you are on 25 a mountain pass or a city commute through changing weather. 🔥",image,4:5,casual,img_armwarmers:Image
ad_02356,2024-09,111.51,355.49,10102,78,1,bibs for every descend,Ride ready. Try our bibs today.,image,9:16,sale,img_bibs:Image|bibs:Noun
ad_02357,2024-09,66.45,174.26,5859,26,0,the tights you need to sprint,sprint further in our new tights. 💪,video,4:5,adventure,vid_tights:Video|tights:Noun|ride in comfort:Phrase
ad_02358,2024-09,165.2,278.86,9779,76,1,layer further in our socks,"Lightweight and breathable, this socks keeps you comfortable from the first pedal stroke to the last. Designed for riders who layer in all conditions and demand the very best from their gear. ❄️",video,1:1,mountain,vid_socks:Video|socks:Noun
ad_02359,2024-09,107.99,295.61,29335,212,3,explore further in 10 our shell,"Lightweight and breathable, this shell keeps you comfortable from the first pedal stroke to the last. Designed 13 for riders who explore in all conditions and demand the very best from their gear.",image,1:1,adult,img_shell:Image|explore:Verb
ad_02360,2024-09,170.05,561.21,16082,94,1,premium 28 shell built to race,race further in our new shell.,image,1:1,road,img_shell:Image|race:Verb
ad_02361,2024-09,129.77,245.94,14627,107,2,cap for 14 every gear,"Built for the long haul. Our premium cap combines technical fabrics with a refined fit so you can gear harder and go further, no matter what the forecast brings this season.",video,1:1,gravel,vid_cap:Video|your spring wardrobe:Phrase
ad_02362,2024-09,108.61,404.55,24035,145,1,shell for every gear,Ride ready. Try our shell today.,image,4:5,adventure,img_shell:Image|shell:Noun|gear:Verb
ad_02363,2024-09,142.23,564.22,17296,157,3,new 13 cap collection,Our cap lets you layer better.,image,9:16,mountain,img_cap:Image|cap:Noun|layer:Verb|new arrivals:Phrase
ad_02364,2024-09,159.85,687.57,22185,203,4,sprint further in our tights,Built to sprint. Premium tights.,image,4:5,urban,img_tights:Image|sprint:Verb|ride in comfort:Phrase
ad_02365,2024-09,253.49,902.79,19186,131,2,23 new shell collection,pedal further in our new shell.,video,4:5,urban,vid_shell:Video|pedal:Verb
ad_02366,2024-09,215.34,331.8,21416,114,1,6 new bibs collection,Ride ready. Try our bibs today.,video,9:16,accessories,vid_bibs:Video|bibs:Noun|sprint:Verb
ad_02367,2024-09,586.97,1766.85,13039,80,1,push 11 further in our gloves,Our gloves lets you push better.,image,9:16,adventure,img_gloves:Image|gloves:Noun|built to last:Phrase
ad_02368,2024-09,181.85,859.16,27559,280,7,the jersey you need 20 to conquer,Built to conquer. Premium jersey.,image,1:1,mountain,img_jersey:Image|jersey:Noun|new arrivals:Phrase
ad_02369,2024-09,111.56,489.9,8906,78,1,17 the armwarmers you need to explore,Our armwarmers lets you explore better.,image,1:1,mountain,img_armwarmers:Image|armwarmers:Noun|explore:Verb
ad_02370,2024-09,151.19,305.22,15639,81,1,the shorts you need to sprint,"Engineered for performance on every terrain. Our shorts is designed to help 4 you sprint with total confidence, whether you are on a mountain pass or a city commute through changing weather.",video,4:5,adventure,vid_shorts:Video|shorts:Noun
ad_02371,2024-09,234.94,553.51,28254,175,2,new tights collection,Built to shred. Premium tights.,video,4:5,adventure,vid_tights:Video|tights:Noun|gear up for summer:Phrase
ad_02372,2024-09,305.02,555.34,15116,86,1,the gloves you need to cruise,Ride ready. Try our gloves today.,image,1:1,road,img_gloves:Image|gloves:Noun|cruise:Verb
ad_02373,2024-09,373.61,3315.89,13162,152,3,22 gloves for every race,race further in our 20 new gloves.,image,4:5,urban,img_gloves:Image
ad_02374,2024-09,90.75,80.91,51264,183,2,premium shell built to ride,"Engineered for performance on every terrain. Our shell is designed to help you ride with total confidence, whether you are on a mountain pass or a city commute through changing weather. 🔥",video,1:1,adventure,vid_shell:Video|shell:Noun|ride:Verb
ad_02375,2024-09,360.22,1516.64,33184,304,6,6 new shorts collection,Our shorts lets 27 you push better.,video,1:1,gravel,vid_shorts:Video|shorts:Noun
ad_02376,2024-09,162.5,856.6,17524,178,4,the 7 socks you need to cruise,"Built for the long haul. Our premium socks combines technical fabrics with a refined fit so you can cruise harder and go further, no matter what the forecast brings this season. 🚴",image,4:5,mountain,img_socks:Image|socks:Noun|cruise:Verb
ad_02377,2024-09,95.79,307.77,10050,87,2,new armwarmers collection,cruise further in our new armwarmers.,video,4:5,mountain,vid_armwarmers:Video|gravel ready:Phrase
ad_02378,2024-09,147.83,165.06,5902,24,0,new socks collection,Our socks lets you ride better. 💪,video,1:1,adventure,vid_socks:Video|ride:Verb
ad_02379,2024-09,345.42,1189.86,23269,136,2,premium vest built to explore,explore further in our new vest. 🏔️,image,4:5,accessories,img_vest:Image|explore:Verb
ad_02380,2024-09,219.79,649.14,30744,246,4,gear further 10 in our socks,"Lightweight and breathable, this socks keeps you comfortable from the first pedal stroke to the last. Designed for riders who gear in all conditions and demand the very best from their gear.",video,4:5,urban,vid_socks:Video|socks:Noun
ad_02381,2024-09,80.73,193.46,19899,143,2,new socks collection,Our socks lets you push better.,image,1:1,road,img_socks:Image|socks:Noun
ad_02382,2024-09,81.09,155.72,6941,44,1,layer further in our shorts,Ride ready. Try our shorts today. 🚴,video,1:1,mountain,vid_shorts:Video|shorts:Noun|layer:Verb
ad_02383,2024-09,79.75,281.5,17689,106,1,shred 20 further in our jersey,Ride ready. Try our jersey today. 🌧️,video,4:5,accessories,vid_jersey:Video|jersey:Noun|shred:Verb
ad_02384,2024-09,107.7,684.43,12799,140,3,shell 5 for every gear,gear further in our new shell.,image,4:5,commute,img_shell:Image|shell:Noun|gear:Verb
ad_02385,2024-09,175.0,1109.09,17701,157,2,the 17 jacket you need to layer,Ride 24 ready. Try our jacket today.,image,1:1,adventure,img_jacket:Image|jacket:Noun|layer:Verb|all day comfort:Phrase
ad_02386,2024-09,85.0,79.12,43141,224,2,18 jersey for every pedal,"Lightweight and breathable, this jersey keeps you comfortable from the first pedal stroke to the last. Designed for riders who pedal in all conditions and demand the very best from their gear.",video,9:16,accessories,vid_jersey:Video|jersey:Noun|pedal:Verb
ad_02387,2024-09,129.19,351.6,24227,173,2,new wardrobe collection,Built to explore. Premium wardrobe.,video,4:5,casual,vid_wardrobe:Video|explore:Verb
ad_02388,2024-09,387.43,506.07,21776,122,1,the socks you need to ride,ride further in our new socks.,video,9:16,urban,vid_socks:Video|socks:Noun|ride:Verb
ad_02389,2024-09,440.98,1310.56,15960,103,2,new shell collection,Our shell lets 18 you pedal better. ❄️,video,4:5,adult,vid_shell:Video|shell:Noun|pedal:Verb
ad_02390,2024-09,423.52,2294.39,20086,134,2,26 new gloves collection,Built to explore. Premium gloves.,image,4:5,adventure,img_gloves:Image
ad_02391,2024-09,56.9,135.23,11373,75,1,26 new jersey collection,Ride ready. Try our 25 jersey today.,video,9:16,road,vid_jersey:Video
ad_02392,2024-09,456.03,1624.8,21547,127,2,the jersey you need to layer,Ride ready. 28 Try our jersey today. ⛰️,video,4:5,accessories,vid_jersey:Video|jersey:Noun
ad_02393,2024-09,176.5,364.08,14822,104,1,the wardrobe you need to race,Ride ready. Try our wardrobe today.,video,1:1,sale,vid_wardrobe:Video|wardrobe:Noun
ad_02394,2024-09,175.05,667.32,10823,126,2,28 new shell collection,ride further in our new shell.,image,9:16,casual,img_shell:Image
ad_02395,2024-09,309.72,910.52,24539,157,2,new armwarmers collection,Our armwarmers lets you descend better.,image,4:5,accessories,img_armwarmers:Image|armwarmers:Noun|descend:Verb
ad_02396,2024-09,254.78,1259.08,5349,51,1,new cap collection,sprint further in our new cap.,image,4:5,commute,img_cap:Image|sprint:Verb
ad_02397,2024-09,54.44,248.5,12434,100,2,premium vest built to sprint,sprint further in our new vest.,image,4:5,mountain,img_vest:Image
ad_02398,2024-09,115.68,261.29,22185,160,3,premium jersey built to cruise,Our jersey lets you cruise better.,video,1:1,casual,vid_jersey:Video|jersey:Noun|lightweight layers:Phrase
ad_02399,2024-09,134.11,244.53,30116,203,3,shorts for every race,"Built for the long haul. Our premium shorts combines technical fabrics with a refined fit so you can race harder and go further, no matter what the forecast brings this season.",video,4:5,casual,vid_shorts:Video|shorts:Noun|race:Verb|ride in comfort:Phrase
ad_02400,2024-09,75.2,270.77,20669,174,3,the wardrobe you need to sprint,"Built for the long haul. Our premium wardrobe combines technical fabrics with a refined fit so you can sprint harder and go further, no matter what the forecast brings this season.",image,4:5,commute,img_wardrobe:Image|wardrobe:Noun
ad_02401,2024-09,303.87,1157.14,11667,109,2,explore further in 5 our jersey,"Lightweight and breathable, this jersey keeps you comfortable from the first pedal stroke to the last. Designed for riders who explore in all conditions and demand the very best from their gear.",image,1:1,urban,img_jersey:Image|jersey:Noun|built to last:Phrase
ad_02402,2024-09,396.1,1314.72,15916,136,2,layer further in our jacket,Ride ready. Try our jacket today. 🔥,image,1:1,gravel,img_jacket:Image|jacket:Noun|layer:Verb
ad_02403,2024-09,166.0,373.79,18886,126,2,shorts for every layer,Built to layer. 23 Premium shorts. ☀️,video,1:1,urban,vid_shorts:Video|shorts:Noun|layer:Verb
ad_02404,2024-09,199.83,352.93,35625,238,4,the jacket you need to race,Ride ready. Try our jacket today.,video,1:1,mountain,vid_jacket:Video|jacket:Noun|race:Verb|gear up for summer:Phrase
ad_02405,2024-09,165.93,869.94,25870,208,4,vest for every push,push further in our new vest.,image,4:5,sale,img_vest:Image|vest:Noun|push:Verb|trail tested:Phrase
ad_02406,2024-09,177.29,1581.56,25965,262,6,climb further in 27 our bibs,Built to climb. Premium bibs.,image,4:5,commute,img_bibs:Image|bibs:Noun|climb:Verb|your spring wardrobe:Phrase
ad_02407,2024-09,326.66,695.84,16869,128,2,push further in our tights,"Lightweight and breathable, this tights keeps you comfortable from the first pedal stroke to the last. Designed for riders who push in all conditions and demand the very best from their gear.",image,1:1,urban,img_tights:Image|tights:Noun|push:Verb|lightweight layers:Phrase
ad_02408,2024-09,57.92,267.86,9557,66,1,new 20 kit collection,Built to conquer. Premium kit.,image,4:5,accessories,img_kit:Image|kit:Noun
ad_02409,2024-09,223.63,847.79,8083,66,1,the 26 gloves you need to explore,Our gloves lets you explore better.,image,9:16,casual,img_gloves:Image|gloves:Noun|explore:Verb
ad_02410,2024-09,168.25,1261.2,14043,130,3,jacket for every ride,Built to 16 ride. Premium jacket.,image,4:5,casual,img_jacket:Image
ad_02411,2024-09,108.88,511.69,23161,179,4,premium wardrobe built to climb,climb further in our new wardrobe.,image,4:5,sale,img_wardrobe:Image|wardrobe:Noun|climb:Verb
ad_02412,2024-09,123.51,380.57,12703,74,1,tights 22 for every pedal,Our tights lets you pedal better.,image,1:1,road,img_tights:Image|tights:Noun
ad_02413,2024-09,501.57,831.97,21734,88,1,11 sprint further in our jacket,"Lightweight and breathable, this jacket keeps you comfortable from the 12 first pedal stroke to the last. Designed for riders who sprint in all conditions and demand the very best from their gear.",video,9:16,adventure,vid_jacket:Video
ad_02414,2024-09,75.33,458.75,10973,123,3,train further in our baselayer,Built to train. Premium baselayer.,image,4:5,commute,img_baselayer:Image|adventure awaits:Phrase
ad_02415,2024-09,150.99,641.61,11853,87,1,the shorts you need to race,Our shorts lets you race better. 🏔️,image,4:5,adult,img_shorts:Image|shorts:Noun|race:Verb|ride in comfort:Phrase
ad_02416,2024-09,444.08,489.69,33009,165,1,cap for 8 every cruise,"Lightweight and breathable, this cap keeps you comfortable from the first pedal stroke to the last. Designed for riders who cruise in all conditions and demand the very best from their gear.",video,9:16,accessories,vid_cap:Video
ad_02417,2024-09,77.96,215.24,23956,188,3,train further in our jersey,Our jersey lets you train better.,video,4:5,gravel,vid_jersey:Video|train:Verb|your spring wardrobe:Phrase
ad_02418,2024-09,127.05,279.05,14007,67,1,conquer further in our shorts,Our shorts lets you conquer better.,image,1:1,adult,img_shorts:Image|conquer:Verb
ad_02419,2024-09,171.35,1408.45,10778,103,2,7 premium kit built to gear,Our kit lets you gear better.,image,4:5,mountain,img_kit:Image|kit:Noun
ad_02420,2024-09,213.99,307.93,26239,149,2,baselayer for every explore,"Engineered for performance on every terrain. Our baselayer is designed to help you explore with total confidence, whether you are on a mountain pass or a city commute through changing weather. ⛰️",image,9:16,accessories,img_baselayer:Image|baselayer:Noun
ad_02421,2024-09,159.2,474.28,25305,197,3,premium bibs 27 built to climb,"Lightweight and breathable, this bibs keeps you comfortable from the first pedal stroke to the last. Designed for riders who climb in all conditions and demand the very best from their gear.",image,1:1,sale,img_bibs:Image|climb:Verb
ad_02422,2024-09,97.62,424.9,22474,196,4,the cap you need to push,Ride ready. Try our cap today. ⛰️,image,1:1,casual,img_cap:Image|cap:Noun|push:Verb|trail tested:Phrase
ad_02423,2024-09,218.49,354.85,14937,65,1,the cap you need to sprint,Built to sprint. Premium cap.,video,1:1,adult,vid_cap:Video|cap:Noun|sprint:Verb|trail tested:Phrase
ad_02424,2024-09,157.27,211.73,9445,45,0,premium cap built to conquer,conquer further in our new cap.,video,1:1,adult,vid_cap:Video
ad_02425,2024-09,243.46,1155.46,16206,168,3,25 cap for every sprint,Built 23 to sprint. Premium cap.,video,1:1,gravel,vid_cap:Video|sprint:Verb|all day comfort:Phrase
ad_02426,2024-09,290.77,651.16,33002,176,2,the 9 tights you need to push,"Engineered for performance on every terrain. Our tights is designed to help you push with total confidence, whether you are on a mountain pass or a city commute 2 through changing weather.",video,4:5,adventure,vid_tights:Video|push:Verb
ad_02427,2024-09,68.48,330.05,10363,87,2,the vest you need to explore,Built to explore. Premium vest.,image,4:5,casual,img_vest:Image|explore:Verb
ad_02428,2024-09,310.5,786.64,16718,97,1,race further in 3 our jersey,"Lightweight and breathable, this jersey keeps you comfortable from the first pedal stroke to the last. Designed for riders who race in all conditions and demand the very best from their gear.",image,1:1,adventure,img_jersey:Image|race:Verb|new arrivals:Phrase
ad_02429,2024-09,143.39,544.49,36991,297,5,19 jacket for every train,Ride ready. Try our jacket today.,image,9:16,gravel,img_jacket:Image|jacket:Noun
ad_02430,2024-09,274.09,465.06,14022,97,1,new 24 jersey collection,"Lightweight and breathable, this jersey keeps you comfortable from the first pedal stroke to the last. Designed for riders who descend in all conditions and demand the very best from their gear.",video,1:1,urban,vid_jersey:Video|jersey:Noun
ad_02431,2024-09,224.67,785.33,15318,119,2,11 shred further in our shorts,Our shorts lets you shred better.,video,4:5,gravel,vid_shorts:Video|shred:Verb
ad_02432,2024-09,508.14,2495.82,8311,58,1,ride further 16 in our gloves,Our 17 gloves lets you ride better.,image,1:1,adventure,img_gloves:Image|gloves:Noun
ad_02433,2024-09,167.68,1361.4,22295,276,7,premium socks 7 built to ride,Ride ready. Try our socks today.,image,4:5,sale,img_socks:Image|built to last:Phrase
ad_02434,2024-09,131.15,237.51,11274,50,0,gloves 8 for every sprint,Our gloves 8 lets you sprint better.,video,9:16,adventure,vid_gloves:Video|sprint:Verb
ad_02435,2024-09,122.8,202.59,7504,52,1,the gloves you need to push,"Engineered for performance on every terrain. Our gloves is designed to help you push with total confidence, whether you are on a mountain pass or a city commute through changing weather. ⛰️",image,9:16,gravel,img_gloves:Image|push:Verb
ad_02436,2024-09,89.66,370.66,10135,56,1,the kit you 6 need to explore,Ride ready. Try our kit today.,image,4:5,adventure,img_kit:Image|kit:Noun|explore:Verb
ad_02437,2024-09,271.29,1357.09,18120,192,4,jersey for 24 every conquer,25 Ride ready. Try our jersey today. ☀️,video,1:1,casual,vid_jersey:Video|jersey:Noun
ad_02438,2024-09,86.27,330.1,7409,55,1,premium 20 baselayer built to explore,"Lightweight and breathable, this baselayer keeps you comfortable from the first pedal stroke to the last. Designed for riders who explore in all conditions and demand the very best from their gear.",image,4:5,accessories,img_baselayer:Image
ad_02439,2024-09,269.86,464.7,8165,62,1,the socks you need to gear,Ride ready. Try our socks today.,video,9:16,mountain,vid_socks:Video|socks:Noun|gear:Verb|all day comfort:Phrase
ad_02440,2024-09,146.09,729.25,21594,163,2,premium jersey 7 built to climb,Ride ready. Try our jersey today.,image,9:16,accessories,img_jersey:Image|jersey:Noun|your spring wardrobe:Phrase
ad_02441,2024-09,58.0,383.43,15746,131,2,train further 8 in our jersey,train further in our new jersey.,image,4:5,accessories,img_jersey:Image|new arrivals:Phrase
ad_02442,2024-09,408.01,994.37,10337,79,1,premium baselayer built to climb,climb further in our new baselayer.,video,1:1,commute,vid_baselayer:Video|gravel ready:Phrase
ad_02443,2024-09,22.04,35.69,13903,99,1,premium shell built to race,Ride ready. Try our shell today.,video,9:16,casual,vid_shell:Video|shell:Noun
ad_02444,2024-10,159.06,318.96,38934,258,3,premium vest built to push,"Built for the long haul. Our premium vest combines technical fabrics with a refined fit so you can push harder and go further, no matter what the forecast brings this season. ☀️",image,1:1,urban,img_vest:Image|vest:Noun|push:Verb
ad_02445,2024-11,192.23,542.39,30989,165,2,premium kit built to race,race further in our new kit.,image,4:5,urban,img_kit:Image|kit:Noun|race:Verb
ad_02446,2024-11,41.87,70.84,15472,48,0,jacket 8 for every cruise,"Lightweight and breathable, this jacket keeps you comfortable from the first pedal stroke to the last. Designed for riders who cruise in all conditions and demand the very best from their gear. 🌧️",video,4:5,adventure,vid_jacket:Video|jacket:Noun|built to last:Phrase
ad_02447,2024-11,217.69,334.63,24554,150,2,premium wardrobe built to explore,Our wardrobe lets you explore better.,video,9:16,commute,vid_wardrobe:Video|gear up for summer:Phrase
ad_02448,2024-11,111.77,275.37,17344,93,1,premium bibs built to explore,Built to explore. Premium bibs. 🚴,image,9:16,accessories,img_bibs:Image|bibs:Noun|lightweight layers:Phrase
ad_02449,2024-11,143.91,263.83,6724,30,0,descend further in our shorts,"Built for the long haul. Our premium shorts 15 combines technical fabrics with a refined fit so you can descend harder and go further, no matter what the forecast brings this season.",image,1:1,mountain,img_shorts:Image|shorts:Noun
ad_02450,2024-11,373.95,2052.1,6148,63,1,premium socks 20 built to shred,Built to 28 shred. Premium socks.,image,9:16,commute,img_socks:Image|shred:Verb|your spring wardrobe:Phrase
ad_02451,2024-11,181.99,308.46,10362,45,1,4 the jacket you need to descend,Built to descend. Premium jacket.,video,9:16,accessories,vid_jacket:Video|jacket:Noun|new arrivals:Phrase
ad_02452,2024-11,135.37,220.71,7425,32,0,premium wardrobe built to push,"Lightweight and breathable, this wardrobe keeps you comfortable from the first pedal stroke to the last. Designed for riders who push in all conditions and demand the very best from their gear.",image,1:1,gravel,img_wardrobe:Image|cold weather essentials:Phrase
ad_02453,2024-11,150.81,603.71,18701,99,1,gloves for every push,Our gloves lets you push better. ☀️,image,4:5,road,img_gloves:Image|gloves:Noun|push:Verb
ad_02454,2024-11,484.92,1664.54,12401,77,1,premium shell built to push,Ride ready. Try our shell today.,image,4:5,adult,img_shell:Image|shell:Noun
ad_02455,2024-11,212.96,207.58,20195,56,0,premium bibs built to sprint,Ride ready. Try our bibs today.,image,1:1,adventure,img_bibs:Image|bibs:Noun|sprint:Verb
ad_02456,2024-11,98.3,469.9,20351,143,2,the socks 9 you need to pedal,Ride ready. Try our socks today.,image,4:5,mountain,img_socks:Image|socks:Noun|pedal:Verb|all day comfort:Phrase
ad_02457,2024-11,124.63,251.52,23053,125,1,11 the jacket you need to cruise,6 cruise further in our new jacket.,video,9:16,road,vid_jacket:Video|cruise:Verb
ad_02458,2024-11,81.8,170.25,10252,46,0,shred further in our socks,shred further in our new socks.,image,4:5,sale,img_socks:Image|shred:Verb|lightweight layers:Phrase
ad_02459,2024-11,127.39,393.8,21128,128,2,cap for every conquer,Ride ready. 11 Try our cap today.,video,4:5,gravel,vid_cap:Video|cap:Noun|conquer:Verb|all day comfort:Phrase
ad_02460,2024-11,438.37,4107.7,10125,94,2,the 29 shorts you need to conquer,Our 6 shorts lets you conquer better. 🌧️,image,4:5,adult,img_shorts:Image
ad_02461,2024-11,151.19,337.3,23300,189,2,cap for every conquer,Our cap lets you conquer better.,image,9:16,commute,img_cap:Image|cap:Noun|conquer:Verb
ad_02462,2024-11,74.9,110.37,30087,135,2,new armwarmers collection,shred 28 further in our new armwarmers.,video,1:1,gravel,vid_armwarmers:Video|armwarmers:Noun|shred:Verb|trail tested:Phrase
ad_02463,2024-11,216.34,460.71,23438,111,1,21 new bibs collection,"Lightweight and breathable, this bibs keeps you comfortable from the first pedal stroke to the last. Designed for riders who climb in all conditions and demand the very best from their gear.",image,9:16,road,img_bibs:Image|bibs:Noun|climb:Verb|cold weather essentials:Phrase
ad_02464,2024-11,132.0,298.32,14943,90,1,armwarmers for every shred,"Engineered for performance on every 23 terrain. Our armwarmers is designed to help you shred with total confidence, whether you are on a mountain pass or a city commute through changing weather. ⛰️",video,4:5,casual,vid_armwarmers:Video
ad_02465,2024-11,233.96,256.5,21675,110,1,premium wardrobe built to pedal,"Engineered for performance on every terrain. Our wardrobe is designed to help you pedal with total confidence, whether you are on a mountain pass or a city commute through changing weather.",video,1:1,casual,vid_wardrobe:Video|pedal:Verb|lightweight layers:Phrase
ad_02466,2024-11,144.44,512.5,7585,48,1,shorts for every climb,climb further 24 in our new shorts. 🚴,image,1:1,gravel,img_shorts:Image|shorts:Noun|climb:Verb|trail tested:Phrase
ad_02467,2024-11,397.61,925.51,6776,39,0,climb further in our socks,climb further in 4 our new socks.,video,4:5,mountain,vid_socks:Video|socks:Noun|gravel ready:Phrase
ad_02468,2024-11,96.73,196.32,20618,106,1,premium jersey built to cruise,Our jersey lets you cruise better.,video,4:5,accessories,vid_jersey:Video|jersey:Noun|cruise:Verb|adventure awaits:Phrase
ad_02469,2024-11,83.03,84.69,31395,127,1,explore further in our socks,explore further in our new socks.,video,9:16,accessories,vid_socks:Video|socks:Noun|explore:Verb|lightweight layers:Phrase
ad_02470,2024-11,293.21,917.44,8820,44,0,premium socks built to pedal,Our socks 9 lets you pedal better. ❄️,image,1:1,mountain,img_socks:Image|pedal:Verb
ad_02471,2024-11,50.21,68.26,16451,67,1,premium bibs built to gear,gear further in our new bibs.,video,4:5,mountain,vid_bibs:Video|bibs:Noun|gear:Verb
ad_02472,2024-11,150.68,87.58,20332,88,0,jersey for every descend,"Built for the long haul. Our premium jersey combines technical fabrics with a refined fit so you can descend harder and go further, no matter what the forecast brings this season.",video,9:16,urban,vid_jersey:Video|jersey:Noun|descend:Verb
ad_02473,2024-11,270.07,265.85,12007,51,1,new jersey collection,pedal further in our new jersey.,video,9:16,accessories,vid_jersey:Video|jersey:Noun
ad_02474,2024-11,44.78,84.82,13778,74,1,cap for every descend,descend further in our new cap.,image,1:1,accessories,img_cap:Image|cap:Noun|descend:Verb
ad_02475,2024-11,173.66,337.99,22184,137,1,the socks you need to pedal,Ride ready. Try our socks today.,video,4:5,road,vid_socks:Video|socks:Noun
ad_02476,2024-11,68.08,203.76,17234,113,2,premium armwarmers built 21 to shred,Our armwarmers lets you shred better.,image,1:1,urban,img_armwarmers:Image|armwarmers:Noun
ad_02477,2024-11,55.22,192.32,17271,109,2,the shell you need to layer,Built to layer. Premium shell.,image,4:5,adult,img_shell:Image|shell:Noun
ad_02478,2024-11,88.12,93.45,9990,36,0,cap for every explore,"Built for the long haul. Our premium cap combines technical fabrics with a refined fit so you can explore harder and go further, no matter what the forecast brings this season.",image,9:16,sale,img_cap:Image|cap:Noun|explore:Verb|all day comfort:Phrase
ad_02479,2024-11,149.65,689.36,16074,112,2,new 21 socks collection,Built 24 to train. Premium socks.,video,4:5,road,vid_socks:Video|socks:Noun|ride in comfort:Phrase
ad_02480,2024-11,109.38,383.61,13381,88,1,the shorts you need to explore,Our shorts lets you explore better. ☀️,image,4:5,accessories,img_shorts:Image|shorts:Noun
ad_02481,2024-11,324.59,840.89,13744,64,1,premium cap built to explore,"Engineered for performance on every terrain. Our cap is designed to help you explore with total confidence, whether 9 you are on a mountain pass or a city commute through changing weather. ❄️",video,4:5,urban,vid_cap:Video|cap:Noun|explore:Verb|gear up for summer:Phrase
ad_02482,2024-11,175.52,645.01,12454,74,1,cruise further in our vest,Our vest lets 2 you cruise better. ☀️,image,1:1,urban,img_vest:Image|vest:Noun
ad_02483,2024-11,124.58,145.61,16105,77,1,new gloves collection,Built to 5 shred. Premium gloves.,video,9:16,road,vid_gloves:Video|gloves:Noun|shred:Verb
ad_02484,2024-11,76.12,272.82,10576,84,2,new gloves collection,Ride ready. Try our gloves today.,image,4:5,casual,img_gloves:Image|gloves:Noun
ad_02485,2024-11,191.1,262.38,16425,85,1,premium shorts built to train,Our shorts lets you train better.,video,9:16,commute,vid_shorts:Video
ad_02486,2024-11,574.59,1484.15,13603,81,1,premium armwarmers built to layer,"Engineered for performance on every terrain. Our armwarmers is designed to help you layer with total confidence, whether you are on a mountain pass or a city commute through changing weather.",image,4:5,casual,img_armwarmers:Image|armwarmers:Noun|adventure awaits:Phrase
ad_02487,2024-11,109.57,361.54,10244,72,1,3 new gloves collection,explore further in our new gloves.,image,1:1,casual,img_gloves:Image|explore:Verb|trail tested:Phrase
ad_02488,2024-11,117.56,80.42,6162,18,0,race further in our vest,Ride ready. Try our vest today.,video,1:1,adventure,vid_vest:Video|race:Verb|your spring wardrobe:Phrase
ad_02489,2024-11,88.4,287.18,26220,140,2,new armwarmers collection,Our 10 armwarmers lets you descend better. 🚴,image,1:1,accessories,img_armwarmers:Image|descend:Verb
ad_02490,2024-11,339.96,643.79,23711,122,1,new 25 socks collection,Built to pedal. Premium socks. 💪,video,1:1,mountain,vid_socks:Video|your spring wardrobe:Phrase
ad_02491,2024-11,291.35,858.97,10917,68,1,shorts 17 for every gear,Built to gear. Premium shorts. ⛰️,video,4:5,adult,vid_shorts:Video|shorts:Noun|gear:Verb
ad_02492,2024-11,127.81,689.6,22957,161,2,premium tights 29 built to ride,Our tights lets 4 you ride better. ❄️,image,1:1,adult,img_tights:Image|tights:Noun|ride:Verb
ad_02493,2024-11,116.62,415.02,9780,52,1,gloves for 19 every cruise,"Engineered for performance on every terrain. Our gloves 15 is designed to help you cruise with total confidence, whether you are on a mountain pass or a city commute through changing weather. ☀️",video,4:5,urban,vid_gloves:Video
ad_02494,2024-11,94.82,149.94,14002,76,1,premium kit built to push,Built to push. Premium kit. 🔥,video,9:16,casual,vid_kit:Video
ad_02495,2024-11,140.43,337.17,12524,57,0,premium jacket built to layer,Ride ready. 19 Try our jacket today.,video,4:5,mountain,vid_jacket:Video|layer:Verb|lightweight layers:Phrase
ad_02496,2024-11,308.04,920.49,14210,79,1,descend further in our kit,descend further in our 18 new kit. 🏔️,image,9:16,gravel,img_kit:Image|kit:Noun|descend:Verb|your spring wardrobe:Phrase
ad_02497,2024-11,171.27,477.42,22553,122,1,cruise further 8 in our wardrobe,Ride ready. Try our wardrobe today.,image,1:1,mountain,img_wardrobe:Image|wardrobe:Noun|gear up for summer:Phrase
ad_02498,2024-11,361.73,773.52,13354,75,1,8 new jersey collection,cruise further in our new jersey.,video,1:1,adult,vid_jersey:Video|jersey:Noun|your spring wardrobe:Phrase
ad_02499,2024-11,108.44,112.27,13776,72,1,climb further in our socks,"Lightweight and breathable, this socks keeps you comfortable from the first pedal stroke to the last. Designed for riders who climb in all conditions and demand the very best from their gear.",video,1:1,casual,vid_socks:Video|socks:Noun|climb:Verb|gear up for summer:Phrase
ad_02500,2024-11,41.71,190.38,23674,167,3,premium shell built to gear,Built 2 to gear. Premium shell.,image,1:1,casual,img_shell:Image|shell:Noun|gear up for summer:Phrase
ad_02501,2024-11,797.53,1308.47,16838,73,1,the jacket you need to descend,Ride ready. Try our jacket today.,video,4:5,adult,vid_jacket:Video|jacket:Noun|descend:Verb
ad_02502,2025-01,190.01,691.24,12145,86,1,24 armwarmers for every conquer,"Lightweight and breathable, this armwarmers keeps you comfortable from the first pedal stroke to the last. Designed for riders who conquer in all conditions and demand the very best from their gear.",image,4:5,sale,img_armwarmers:Image
ad_02503,2025-01,266.52,734.21,18414,106,1,new armwarmers collection,Ride ready. Try our armwarmers today.,image,1:1,accessories,img_armwarmers:Image|gear:Verb
ad_02504,2025-01,104.15,101.5,26819,118,1,the shell you need to gear,gear further in our new shell.,video,1:1,casual,vid_shell:Video|gear:Verb
ad_02505,2025-01,73.76,58.51,27681,115,1,ride further in our armwarmers,"Lightweight and breathable, this armwarmers keeps you comfortable from the first pedal stroke to the last. Designed for riders who ride in all conditions and demand the very best from their gear.",video,9:16,urban,vid_armwarmers:Video|armwarmers:Noun|ride in comfort:Phrase
ad_02506,2025-01,183.31,953.29,8419,60,1,armwarmers for every pedal,Ride ready. Try our armwarmers today. ⛰️,image,4:5,accessories,img_armwarmers:Image|armwarmers:Noun|trail tested:Phrase
ad_02507,2025-01,50.57,71.78,8632,50,1,descend further in our socks,7 Built to descend. Premium socks.,video,9:16,commute,vid_socks:Video|socks:Noun|descend:Verb
ad_02508,2025-01,142.32,356.18,26905,109,1,kit for every sprint,Ride ready. Try our kit today.,image,4:5,mountain,img_kit:Image|sprint:Verb|lightweight layers:Phrase
ad_02509,2025-01,308.49,226.85,14140,62,1,premium vest built to layer,"Engineered for performance on every terrain. Our vest is designed to help you layer with total confidence, whether you are on a mountain pass or a city commute through changing weather.",video,9:16,accessories,vid_vest:Video
ad_02510,2025-01,218.63,181.69,5435,18,0,premium bibs built to pedal,"Lightweight and breathable, this bibs keeps you comfortable from the first pedal stroke to the last. Designed for riders who pedal in all conditions and demand the very best from their gear.",video,4:5,mountain,vid_bibs:Video|pedal:Verb
ad_02511,2025-01,194.66,508.33,11334,52,1,pedal further in our baselayer,Built to pedal. Premium baselayer.,image,4:5,urban,img_baselayer:Image|baselayer:Noun
ad_02512,2025-01,475.59,1227.21,13108,70,1,cap for every shred,Built to shred. Premium cap.,image,4:5,urban,img_cap:Image|cap:Noun|shred:Verb
ad_02513,2025-01,209.25,549.21,13964,64,1,the shorts you need to gear,gear further in our new shorts.,image,1:1,urban,img_shorts:Image|shorts:Noun|all day comfort:Phrase
ad_02514,2025-01,53.29,52.86,23932,117,1,the bibs you need to layer,"Engineered for performance on every terrain. Our bibs is designed to help you layer with total confidence, whether you are on a mountain pass or a city commute through changing weather.",video,1:1,accessories,vid_bibs:Video|bibs:Noun
ad_02515,2025-01,152.76,482.04,10259,64,1,shorts 11 for every race,Ride ready. Try our shorts today.,image,1:1,gravel,img_shorts:Image|shorts:Noun
ad_02516,2025-01,530.33,1167.06,26064,167,2,the tights you need to pedal,pedal further in our new tights.,image,1:1,gravel,img_tights:Image|tights:Noun|pedal:Verb|ride in comfort:Phrase
ad_02517,2025-01,138.75,306.97,18828,115,1,push further in our wardrobe,"Engineered for performance on every terrain. Our wardrobe is designed to help you push with total confidence, whether you are on a mountain pass or a city commute 10 through changing weather. 🔥",video,4:5,commute,vid_wardrobe:Video|wardrobe:Noun|push:Verb|ride in comfort:Phrase
ad_02518,2025-01,511.21,729.14,8581,50,1,new socks collection,Ride ready. Try 18 our socks today.,video,9:16,adult,vid_socks:Video|socks:Noun
ad_02519,2025-01,308.74,888.61,13916,81,1,premium socks built to race,Ride ready. Try our socks today. 💪,image,9:16,accessories,img_socks:Image|socks:Noun|lightweight layers:Phrase
ad_02520,2025-01,130.74,129.6,20907,90,1,25 conquer further in our gloves,"Lightweight and breathable, this gloves keeps you comfortable from the first pedal stroke to the last. Designed for riders who conquer in all conditions and demand the very best from their gear.",video,1:1,urban,vid_gloves:Video|gloves:Noun
ad_02521,2025-01,87.36,100.27,16652,72,1,premium gloves built to cruise,"Built for the long haul. Our premium gloves combines technical fabrics with a refined fit so you can cruise harder and go further, no matter what the forecast brings this season. ❄️",video,1:1,sale,vid_gloves:Video
ad_02522,2025-01,204.85,307.21,19732,108,1,the jacket you need to gear,Our jacket lets you gear better.,video,1:1,road,vid_jacket:Video|jacket:Noun
ad_02523,2025-01,358.03,1302.96,12171,104,2,new baselayer collection,Built to descend. Premium baselayer.,image,9:16,adventure,img_baselayer:Image|trail tested:Phrase
ad_02524,2025-01,64.79,458.44,21545,163,2,12 new armwarmers collection,Our 16 armwarmers lets you gear better.,image,4:5,gravel,img_armwarmers:Image|armwarmers:Noun|gear:Verb
ad_02525,2025-01,179.57,236.35,13377,63,1,new kit collection,cruise further in our new kit.,video,1:1,gravel,vid_kit:Video|kit:Noun|cruise:Verb|gravel ready:Phrase
ad_02526,2025-01,49.08,33.53,58315,224,2,new bibs collection,Ride ready. Try our bibs today.,video,9:16,mountain,vid_bibs:Video|bibs:Noun
ad_02527,2025-01,136.26,415.99,8441,53,1,baselayer for every explore,Our baselayer lets you explore better.,image,4:5,casual,img_baselayer:Image|explore:Verb|gear up for summer:Phrase
ad_02528,2025-01,61.9,105.85,62913,293,4,shred 25 further in our tights,Built to shred. Premium tights.,video,9:16,accessories,vid_tights:Video|tights:Noun|lightweight layers:Phrase
ad_02529,2025-01,234.08,916.58,10147,67,1,the gloves you need to cruise,Built to cruise. Premium gloves.,image,4:5,adult,img_gloves:Image
ad_02530,2025-01,110.49,597.81,30827,292,4,new 5 armwarmers collection,Built to push. Premium armwarmers.,image,4:5,urban,img_armwarmers:Image|armwarmers:Noun|all day comfort:Phrase
ad_02531,2025-01,334.67,514.23,24692,169,2,2 the vest you need to descend,"Lightweight and breathable, this vest keeps you comfortable from the first pedal stroke to the last. Designed for riders who descend in all conditions and demand the very best from their gear.",video,9:16,commute,vid_vest:Video|vest:Noun|all day comfort:Phrase
ad_02532,2025-01,120.79,285.96,10360,84,1,tights for every explore,explore further in our new tights.,video,9:16,adventure,vid_tights:Video|tights:Noun|all day comfort:Phrase
ad_02533,2025-01,114.36,96.38,22032,81,1,bibs for every push,"Engineered for performance on every terrain. Our bibs is designed to help you push with total confidence, whether you are on a mountain pass or a city commute through changing weather.",image,1:1,mountain,img_bibs:Image|bibs:Noun|push:Verb
ad_02534,2025-01,63.38,135.36,12742,66,1,premium bibs built to train,train further in our new bibs. 💪,video,4:5,mountain,vid_bibs:Video|bibs:Noun|trail tested:Phrase
ad_02535,2025-01,211.23,1008.68,18731,136,2,baselayer for every shred,Our baselayer lets you shred better. ❄️,image,4:5,road,img_baselayer:Image|baselayer:Noun|shred:Verb
ad_02536,2025-01,224.43,662.68,17579,132,2,gear further in our cap,gear further in our new cap.,image,1:1,commute,img_cap:Image|gear up for summer:Phrase
ad_02537,2025-01,293.58,367.26,13710,58,1,cap for every push,push further in our new cap.,video,1:1,accessories,vid_cap:Video|cap:Noun|push:Verb
ad_02538,2025-01,247.51,479.92,13152,115,2,push further in our jacket,Our jacket lets you push better.,video,9:16,adventure,vid_jacket:Video|jacket:Noun|push:Verb|all day comfort:Phrase
ad_02539,2025-01,212.53,297.4,19360,118,1,new socks collection,Built to race. Premium socks.,video,9:16,adult,vid_socks:Video|socks:Noun|cold weather essentials:Phrase
ad_02540,2025-01,238.85,948.66,10390,65,1,socks for every pedal,Our socks lets you pedal better.,image,4:5,accessories,img_socks:Image
ad_02541,2025-01,253.77,821.49,10588,85,2,gear further in our tights,Our tights lets you gear better.,video,4:5,adventure,vid_tights:Video|tights:Noun
ad_02542,2025-01,287.99,882.17,26318,172,2,gloves 3 for every gear,Ride ready. Try our gloves today. 🚴,image,9:16,commute,img_gloves:Image|gloves:Noun|gear:Verb
ad_02543,2025-01,66.8,160.65,20226,79,1,jacket 12 for every push,Our jacket lets you push better.,image,9:16,mountain,img_jacket:Image|cold weather essentials:Phrase
ad_02544,2025-01,126.62,178.73,8495,47,0,premium cap built to climb,climb further in our new cap.,video,9:16,commute,vid_cap:Video|cap:Noun|all day comfort:Phrase
ad_02545,2025-01,63.08,127.71,9886,51,1,socks for every pedal,"Lightweight and breathable, this socks keeps you comfortable from the first pedal stroke to the last. Designed for riders who pedal in all conditions and demand the very 6 best from their gear.",image,1:1,gravel,img_socks:Image|socks:Noun|pedal:Verb
ad_02546,2025-01,203.89,314.99,5610,28,0,premium tights built to explore,Our tights lets you explore better.,video,4:5,accessories,vid_tights:Video|tights:Noun|explore:Verb
ad_02547,2025-01,444.21,1141.48,25729,163,2,the vest 23 you need to explore,Our vest lets you explore better.,video,4:5,gravel,vid_vest:Video|vest:Noun|explore:Verb
ad_02548,2025-01,286.04,1222.87,23036,154,2,bibs for every shred,16 shred further in our new bibs.,image,4:5,accessories,img_bibs:Image|bibs:Noun|shred:Verb
ad_02549,2025-01,116.06,550.41,9472,67,1,new baselayer collection,Our baselayer lets you conquer better.,image,4:5,adult,img_baselayer:Image|your spring wardrobe:Phrase
ad_02550,2025-01,226.23,425.23,22592,131,1,shred 20 further in our vest,"Built for the long haul. Our premium vest combines technical fabrics with a refined fit so you can shred harder and go further, no matter what the forecast brings this season.",image,9:16,casual,img_vest:Image|vest:Noun
ad_02551,2025-01,205.96,1334.6,44059,403,7,train 11 further in our vest,16 Built to train. Premium vest.,image,9:16,adventure,img_vest:Image|vest:Noun
ad_02552,2025-01,192.13,243.4,7562,40,0,the jacket you need to explore,"Lightweight and breathable, this jacket keeps you comfortable from the first pedal stroke to the last. Designed for riders who explore in all conditions and demand the very best from their gear.",image,9:16,gravel,img_jacket:Image|jacket:Noun|built to last:Phrase
ad_02553,2025-01,76.43,204.44,12004,65,1,the armwarmers you need 10 to train,Built to train. Premium armwarmers.,image,9:16,casual,img_armwarmers:Image|armwarmers:Noun
ad_02554,2025-01,367.75,1555.72,7480,53,1,shred 4 further in our jacket,shred further in our new jacket.,image,1:1,road,img_jacket:Image|jacket:Noun
ad_02555,2025-01,82.39,86.74,26234,144,1,premium shell built to explore,"Built for the long haul. Our premium shell combines technical fabrics with a refined fit so you can explore harder and go further, no matter what the forecast brings 19 this season.",video,1:1,gravel,vid_shell:Video
ad_02556,2025-01,134.06,219.61,15561,82,1,10 pedal further in our baselayer,"Engineered for performance on every terrain. Our baselayer is designed to help you pedal with total confidence, whether you are on a mountain pass or a city commute through changing weather.",image,1:1,casual,img_baselayer:Image|baselayer:Noun|pedal:Verb
ad_02557,2025-01,297.02,1025.63,13379,86,1,push further in 26 our baselayer,"Lightweight and breathable, this baselayer keeps you comfortable from the first pedal stroke to the last. Designed for riders who push in all conditions and demand the very best from their gear.",image,4:5,accessories,img_baselayer:Image|baselayer:Noun|push:Verb
ad_02558,2025-01,133.52,774.41,18292,140,2,climb further in our socks,Ride ready. 29 Try our socks today. ⛰️,image,4:5,gravel,img_socks:Image|socks:Noun|climb:Verb
ad_02559,2025-01,175.19,145.78,12358,44,0,new jersey collection,Our jersey lets you push better.,video,9:16,urban,vid_jersey:Video|jersey:Noun
ad_02560,2025-01,179.48,369.54,13356,76,1,new armwarmers collection,explore further in our new armwarmers.,video,1:1,road,vid_armwarmers:Video|armwarmers:Noun|trail tested:Phrase
ad_02561,2025-01,173.79,690.1,18730,125,2,new 20 baselayer collection,Our baselayer lets you train better.,image,1:1,gravel,img_baselayer:Image|train:Verb|ride in comfort:Phrase
ad_02562,2025-01,178.99,363.72,12034,89,1,new jersey collection,"Engineered for performance on every terrain. Our jersey is designed to help you sprint with total confidence, whether you are on a mountain pass or a city commute through changing weather.",image,9:16,adventure,img_jersey:Image|jersey:Noun|sprint:Verb
ad_02563,2025-01,189.93,320.39,12914,50,0,layer further in our shell,"Built for the long haul. Our premium shell combines technical fabrics with a refined fit so you can layer harder and go further, no matter what the forecast brings this season.",image,4:5,mountain,img_shell:Image|layer:Verb
ad_02564,2025-01,174.71,513.12,15097,90,1,cruise further in our shell,"Built for the long haul. Our premium shell combines technical fabrics with a refined fit so you can cruise harder and go further, no matter what the forecast brings this season.",image,4:5,road,img_shell:Image|shell:Noun|cruise:Verb
ad_02565,2025-01,97.61,227.18,17089,134,2,explore further 20 in our tights,"Built for the long haul. Our premium tights combines technical fabrics with a refined fit so you can explore harder and go further, no matter what the forecast brings this season.",image,9:16,adult,img_tights:Image|tights:Noun|lightweight layers:Phrase
ad_02566,2025-01,65.91,146.3,22056,146,2,premium baselayer built to gear,Built to gear. Premium baselayer.,image,1:1,gravel,img_baselayer:Image|baselayer:Noun
ad_02567,2025-01,304.05,1236.85,21854,138,2,premium armwarmers 7 built to layer,"Lightweight and breathable, this armwarmers keeps you comfortable from the first pedal stroke to the last. Designed for riders who layer 2 in all conditions and demand the very best from their gear.",image,1:1,commute,img_armwarmers:Image|armwarmers:Noun
ad_02568,2025-01,312.49,642.53,7714,42,1,socks for every train,Built to train. Premium socks.,image,9:16,accessories,img_socks:Image|socks:Noun|train:Verb|built to last:Phrase
ad_02569,2025-01,204.55,619.41,33008,196,2,19 the baselayer you need to layer,Built to layer. Premium baselayer.,video,4:5,road,vid_baselayer:Video
ad_02570,2025-01,203.53,963.72,16816,116,2,16 jersey for every shred,Built to shred. Premium jersey. ⛰️,video,4:5,road,vid_jersey:Video|shred:Verb|adventure awaits:Phrase
ad_02571,2025-01,96.47,198.29,13831,90,1,9 gloves for every layer,"Lightweight and breathable, this gloves keeps you comfortable from the first pedal stroke to the last. Designed for riders who layer in all conditions and demand the very best from their gear.",image,1:1,sale,img_gloves:Image|gloves:Noun
ad_02572,2025-01,38.67,116.8,10392,89,2,new 8 jacket collection,"Lightweight and breathable, this jacket keeps you comfortable from the first pedal stroke to the last. Designed for riders who layer in all conditions and demand the very best from their gear. 💪",video,4:5,adventure,vid_jacket:Video|jacket:Noun|layer:Verb
ad_02573,2025-01,143.9,525.34,44139,239,4,new jersey collection,Ride ready. Try our jersey today. 🚴,image,4:5,casual,img_jersey:Image|jersey:Noun|race:Verb
ad_02574,2025-01,53.51,99.87,53128,276,3,socks for 23 every train,Ride ready. Try our socks today.,video,1:1,accessories,vid_socks:Video|socks:Noun
ad_02575,2025-01,186.6,517.29,41507,181,2,descend further in our baselayer,descend further in our new baselayer.,image,4:5,mountain,img_baselayer:Image|trail tested:Phrase
ad_02576,2025-01,365.35,1167.7,17348,107,1,the socks you need to ride,Built to ride. Premium socks.,image,4:5,gravel,img_socks:Image|socks:Noun
ad_02577,2025-01,115.43,392.02,19391,150,3,12 new wardrobe collection,Ride ready. Try our wardrobe today. 🚴,image,1:1,accessories,img_wardrobe:Image|wardrobe:Noun|shred:Verb
ad_02578,2025-01,119.47,484.94,34408,206,3,premium gloves built to ride,Our gloves lets you ride better.,image,4:5,road,img_gloves:Image|gloves:Noun|ride:Verb
ad_02579,2025-01,91.36,358.97,14475,93,1,gloves for every race,Ride 25 ready. Try our gloves today.,image,1:1,adult,img_gloves:Image|race:Verb
ad_02580,2025-01,171.55,462.45,21401,106,1,tights for every ride,Our 18 tights lets you ride better.,video,4:5,urban,vid_tights:Video|tights:Noun
ad_02581,2025-01,163.76,221.49,18290,81,1,bibs for every explore,Ride ready. Try our bibs today.,video,4:5,urban,vid_bibs:Video
ad_02582,2025-01,90.63,98.64,42613,243,2,new socks collection,Built to shred. Premium socks.,video,9:16,commute,vid_socks:Video
ad_02583,2025-01,288.84,743.07,33480,182,2,premium shorts built to train,Ride ready. Try our shorts today.,image,4:5,mountain,img_shorts:Image|shorts:Noun
ad_02584,2025-01,845.34,4806.72,15238,122,2,premium 6 shell built to explore,explore further in our new shell.,image,4:5,accessories,img_shell:Image|shell:Noun
ad_02585,2025-01,341.12,1189.37,34998,205,3,vest for every explore,Our vest lets you explore better.,image,4:5,gravel,img_vest:Image|explore:Verb|lightweight layers:Phrase
ad_02586,2025-01,156.33,155.97,16295,68,1,13 new vest collection,"Engineered for performance on every terrain. Our vest is designed to help you sprint with total confidence, whether you are on a mountain pass or a city commute through changing weather.",video,9:16,accessories,vid_vest:Video|vest:Noun|sprint:Verb
ad_02587,2025-01,155.21,164.29,12427,48,0,premium shorts built to conquer,"Engineered for performance on every terrain. Our shorts is designed to help you conquer with total confidence, whether you are on a mountain pass or a city commute through changing weather.",video,4:5,sale,vid_shorts:Video|shorts:Noun|conquer:Verb
ad_02588,2025-01,122.75,357.75,14155,95,1,the cap you need to cruise,Ride ready. Try our cap today. ☀️,image,1:1,road,img_cap:Image|cap:Noun
ad_02589,2025-01,121.25,314.82,17575,95,1,28 armwarmers for every gear,Our armwarmers lets you gear better.,image,1:1,mountain,img_armwarmers:Image|armwarmers:Noun
ad_02590,2025-01,296.85,228.06,11026,42,0,new bibs collection,sprint further in our new bibs.,video,9:16,sale,vid_bibs:Video|bibs:Noun|sprint:Verb
ad_02591,2025-01,304.7,619.83,12603,69,1,the bibs 8 you need to explore,Our bibs lets you explore better. ☀️,video,1:1,adult,vid_bibs:Video
ad_02592,2025-01,82.81,114.29,7933,48,0,wardrobe for every sprint,"Built for the long haul. Our premium wardrobe combines technical fabrics with a refined fit so you can sprint harder and go further, no matter what the forecast brings this season.",video,4:5,gravel,vid_wardrobe:Video|wardrobe:Noun
ad_02593,2025-01,208.12,807.39,10821,71,1,new jersey collection,Built to cruise. Premium jersey.,image,4:5,road,img_jersey:Image|cruise:Verb
ad_02594,2025-01,325.38,812.91,18358,140,2,premium tights built to train,Built to train. Premium tights.,image,9:16,commute,img_tights:Image|tights:Noun|train:Verb|adventure awaits:Phrase
ad_02595,2025-01,135.4,205.7,27490,152,2,premium tights built to layer,Our tights lets you layer better.,video,1:1,road,vid_tights:Video|tights:Noun
ad_02596,2025-01,147.14,355.73,25785,174,3,the bibs you need to cruise,Built to cruise. Premium bibs.,image,1:1,road,img_bibs:Image|bibs:Noun|cruise:Verb
ad_02597,2025-01,253.64,311.85,20241,109,1,the jersey you need to layer,"Engineered for performance on every terrain. Our jersey is designed to help you layer with total confidence, whether you are on a mountain pass or a city commute through changing weather.",image,9:16,commute,img_jersey:Image|jersey:Noun|layer:Verb
ad_02598,2025-01,258.0,888.39,7600,51,1,premium 15 bibs built to explore,Built to explore. 9 Premium bibs.,video,4:5,urban,vid_bibs:Video|bibs:Noun|explore:Verb
ad_02599,2025-01,216.1,909.72,10615,71,1,push 29 further in our bibs,5 Our bibs lets you push better.,image,1:1,casual,img_bibs:Image|push:Verb
ad_02600,2025-01,194.58,345.19,14791,61,1,the armwarmers you need to descend,"13 Engineered for performance on every terrain. Our armwarmers is designed to help you descend with total confidence, whether you are on a mountain pass or a city commute through changing weather. 💪",video,9:16,sale,vid_armwarmers:Video|built to last:Phrase
ad_02601,2025-01,210.92,517.94,26422,187,3,premium gloves 11 built to pedal,Our gloves lets you pedal better.,image,9:16,gravel,img_gloves:Image|gloves:Noun|your spring wardrobe:Phrase
ad_02602,2025-01,141.41,329.79,12358,41,0,the socks you need to train,Ride ready. Try our 23 socks today. ⛰️,video,4:5,mountain,vid_socks:Video|socks:Noun
ad_02603,2025-01,85.43,339.01,8872,64,1,shorts for 25 every layer,"Lightweight and breathable, this shorts keeps you comfortable from 10 the first pedal stroke to the last. Designed for riders who layer in all conditions and demand the very best from their gear.",image,1:1,road,img_shorts:Image|shorts:Noun
ad_02604,2025-01,65.65,72.21,33680,144,1,new cap collection,"Engineered for performance on every terrain. Our cap is designed to help you sprint with total confidence, whether you are on a mountain pass or a city commute through changing weather.",video,4:5,urban,vid_cap:Video|cap:Noun|sprint:Verb|adventure awaits:Phrase
ad_02605,2025-01,238.81,534.27,11306,87,1,socks for every pedal,pedal further in our new socks.,video,1:1,adventure,vid_socks:Video
ad_02606,2025-01,178.26,1076.25,9289,78,2,premium gloves built 12 to layer,Our gloves lets you layer better.,image,4:5,road,img_gloves:Image|gloves:Noun
ad_02607,2025-01,219.56,1288.35,18292,167,4,gloves for every race,race further in 12 our new gloves.,image,1:1,adventure,img_gloves:Image
ad_02608,2025-01,101.59,321.07,15923,144,3,gloves for every push,Ride ready. Try our gloves today.,video,4:5,adventure,vid_gloves:Video|gloves:Noun|gear up for summer:Phrase
ad_02609,2025-01,177.66,431.95,12714,82,1,premium gloves built to layer,"Lightweight and breathable, this gloves keeps you comfortable from the first pedal stroke to the last. Designed for riders who layer in all conditions and demand the very best from their gear.",image,4:5,sale,img_gloves:Image|layer:Verb
ad_02610,2025-01,175.13,222.73,16329,91,1,tights for every train,Our tights lets you train better.,video,1:1,road,vid_tights:Video|train:Verb
ad_02611,2025-01,359.86,351.13,10276,38,0,bibs for every descend,"Built for the long haul. Our premium bibs combines technical fabrics with a refined fit so you can descend harder and go further, no matter what the forecast brings this season.",image,1:1,mountain,img_bibs:Image|bibs:Noun|descend:Verb
ad_02612,2025-01,278.49,788.89,12641,102,1,shorts for every pedal,Our shorts lets you pedal better.,image,1:1,road,img_shorts:Image|shorts:Noun
ad_02613,2025-01,107.16,216.93,16034,101,1,premium baselayer built to layer,Our baselayer lets you layer better.,image,9:16,commute,img_baselayer:Image|baselayer:Noun
ad_02614,2025-01,226.12,532.16,5899,40,1,17 the wardrobe you need to cruise,Our wardrobe lets you cruise better.,video,1:1,commute,vid_wardrobe:Video|wardrobe:Noun|new arrivals:Phrase
ad_02615,2025-01,106.72,611.22,26319,306,8,socks for every gear,Our socks lets you gear better.,image,4:5,adventure,img_socks:Image|gear up for summer:Phrase
ad_02616,2025-01,34.83,57.51,8218,34,0,shred further in our armwarmers,Built to shred. 15 Premium armwarmers.,video,1:1,gravel,vid_armwarmers:Video|armwarmers:Noun|shred:Verb
ad_02617,2025-01,470.54,1127.93,10210,48,1,shorts 10 for every ride,Our shorts lets you ride better.,video,4:5,casual,vid_shorts:Video|ride:Verb
ad_02618,2025-01,133.4,218.84,26919,139,1,kit for 9 every pedal,Built to pedal. Premium kit.,video,9:16,gravel,vid_kit:Video|kit:Noun
ad_02619,2025-01,311.69,1205.09,21702,203,3,the jacket you need to cruise,"Lightweight and breathable, 29 this jacket keeps you comfortable from the first pedal stroke to the last. Designed for riders who cruise in all conditions and demand the very best from their gear.",image,1:1,adventure,img_jacket:Image|jacket:Noun|cruise:Verb|trail tested:Phrase
ad_02620,2025-01,112.34,295.65,17055,80,1,premium jersey built to sprint,Ride ready. Try our jersey today. 🏔️,image,4:5,mountain,img_jersey:Image|jersey:Noun|sprint:Verb
ad_02621,2025-01,102.92,241.56,6950,42,0,20 layer further in our socks,"Lightweight and breathable, this socks keeps you comfortable from the first pedal stroke to the last. Designed for riders who layer in all conditions and demand the very best from their gear. ⛰️",video,4:5,casual,vid_socks:Video|socks:Noun
ad_02622,2025-01,120.34,440.98,12060,105,2,gear further in our cap,Built to 3 gear. Premium cap.,image,1:1,road,img_cap:Image|cap:Noun
ad_02623,2025-01,194.4,453.03,14654,89,1,premium jacket built to conquer,"Lightweight and breathable, this jacket 20 keeps you comfortable from the first pedal stroke to the last. Designed for riders who conquer in all conditions and demand the very best from their gear.",image,1:1,accessories,img_jacket:Image|jacket:Noun|conquer:Verb|new arrivals:Phrase
ad_02624,2025-01,185.68,335.94,15196,90,1,armwarmers 12 for every pedal,"Engineered for performance on every terrain. Our armwarmers is designed to help you pedal with total confidence, whether you are on a mountain pass or a city commute through changing weather.",image,9:16,gravel,img_armwarmers:Image|armwarmers:Noun
ad_02625,2025-01,225.19,892.21,28890,287,6,8 vest for every ride,Ride ready. Try our vest today.,image,1:1,adventure,img_vest:Image|vest:Noun|ride:Verb
ad_02626,2025-01,124.03,243.03,44253,318,4,gloves for every cruise,cruise 12 further in our new gloves.,video,9:16,commute,vid_gloves:Video|gloves:Noun|cruise:Verb|all day comfort:Phrase
ad_02627,2025-01,171.16,701.33,22202,201,3,28 premium tights built to shred,Our tights 19 lets you shred better.,image,9:16,accessories,img_tights:Image
ad_02628,2025-01,100.73,167.79,12498,80,1,premium tights built to push,Ride ready. Try our tights today.,video,4:5,commute,vid_tights:Video|tights:Noun|push:Verb
ad_02629,2025-01,403.39,1648.0,29963,266,4,gloves for every cruise,Ride ready. Try our gloves today.,image,4:5,commute,img_gloves:Image|gloves:Noun|cruise:Verb|cold weather essentials:Phrase
ad_02630,2025-01,75.94,92.71,12158,50,1,new vest collection,Ride ready. Try our vest today.,video,1:1,sale,vid_vest:Video|vest:Noun|sprint:Verb|lightweight layers:Phrase
ad_02631,2025-01,102.02,117.19,4397,16,0,new tights collection,layer further in 18 our new tights.,video,9:16,mountain,vid_tights:Video|tights:Noun|layer:Verb|all day comfort:Phrase
ad_02632,2025-01,129.58,884.85,8741,66,1,19 new jacket collection,descend further in our new jacket.,image,4:5,road,img_jacket:Image|gear up for summer:Phrase
ad_02633,2025-01,700.42,1987.0,4987,26,0,shorts 8 for every explore,explore further in our new shorts.,video,4:5,adult,vid_shorts:Video|shorts:Noun|explore:Verb
ad_02634,2025-01,264.65,1796.63,13475,107,2,explore further 18 in our shell,explore further in our new shell.,image,4:5,gravel,img_shell:Image|trail tested:Phrase
ad_02635,2025-01,100.1,109.17,14934,47,0,premium shorts built to train,"Built for the long haul. Our premium shorts combines technical fabrics with a refined fit so you can train harder and go further, no matter what the forecast brings this season. 💪",video,4:5,mountain,vid_shorts:Video|shorts:Noun|train:Verb
ad_02636,2025-01,273.59,762.53,7363,40,1,27 the jersey you need to ride,Our jersey lets you ride better.,video,4:5,gravel,vid_jersey:Video|ride:Verb|ride in comfort:Phrase
ad_02637,2025-01,227.65,195.13,10652,43,0,new bibs collection,Built to race. Premium bibs.,video,9:16,gravel,vid_bibs:Video|bibs:Noun
ad_02638,2025-01,196.87,1231.87,8001,75,1,premium bibs built 3 to climb,climb further in our new bibs.,image,4:5,adult,img_bibs:Image|lightweight layers:Phrase
ad_02639,2025-01,253.61,638.78,15322,95,1,new tights collection,"Engineered for performance on every terrain. Our tights is designed to help you layer with total confidence, whether you are on a 20 mountain pass or a city commute through changing weather.",video,4:5,commute,vid_tights:Video|tights:Noun|built to last:Phrase
ad_02640,2025-01,172.98,319.22,10655,45,0,train further in our cap,Ride ready. Try our cap today.,image,9:16,sale,img_cap:Image|train:Verb
ad_02641,2025-01,185.08,372.3,27051,163,2,premium tights built to descend,Built to descend. Premium tights.,video,4:5,accessories,vid_tights:Video|tights:Noun|descend:Verb|built to last:Phrase
ad_02642,2025-01,65.8,231.82,17772,100,1,gear further in our shorts,22 Our shorts lets you gear better.,image,4:5,mountain,img_shorts:Image|gear:Verb
ad_02643,2025-01,397.1,337.81,36422,121,1,new gloves collection,descend further in our new gloves.,video,9:16,mountain,vid_gloves:Video
ad_02644,2025-01,127.72,486.58,13006,84,1,premium cap built to race,Built to race. Premium cap.,image,4:5,gravel,img_cap:Image|cap:Noun|race:Verb
ad_02645,2025-01,79.52,130.95,47701,192,2,new armwarmers collection,Our armwarmers lets you explore better.,image,1:1,mountain,img_armwarmers:Image|armwarmers:Noun|explore:Verb
ad_02646,2025-01,123.44,198.93,16347,126,2,premium tights built to push,Our tights lets you push better.,video,9:16,adventure,vid_tights:Video|tights:Noun|push:Verb|cold weather essentials:Phrase
ad_02647,2025-01,126.45,157.59,12535,53,0,race further in our socks,Built to race. Premium socks.,image,9:16,mountain,img_socks:Image|race:Verb
ad_02648,2025-01,103.29,239.53,54442,305,4,new vest collection,Ride ready. Try our vest today.,video,4:5,adult,vid_vest:Video|descend:Verb
ad_02649,2025-01,266.38,1176.32,6544,71,2,jersey for every conquer,"Built for the long haul. Our premium jersey combines technical fabrics with a refined fit so you can conquer harder and go further, no matter what the forecast brings this season.",image,4:5,adventure,img_jersey:Image|jersey:Noun
